semantic_id,native_symbol,go_equivalent,rust_api_plan,phase,disposition,prerequisites,adaptation,baseline_evidence,rust_test_id,status
native:C:global:rados_aio_append:49690c9c0c0e,rados_aio_append,rados.ObjectRef mutation methods,Rust equivalent of rados.ObjectRef mutation methods; exact signature frozen in R02/owning phase,R08,port-behavior,completion of prior phases; see SPEC.md,"Context-aware methods and OpResult replace native completion and callback forms; async Rust ownership and typed results, not C ABI","reference/go/docs/p00/api-inventory.csv; P07 context, result, and live mutation tests",R08:native:C:global:rados_aio_append:49690c9c0c0e,implemented-r08
native:C:global:rados_aio_cancel:5280d94f8e90,rados_aio_cancel,"context.Context, operation results, and rados.Client.Flush","Rust equivalent of context.Context, operation results, and rados.Client.Flush; exact signature frozen in R02/owning phase",R08,port-behavior,completion of prior phases; see SPEC.md,"Go context, direct results, and flush semantics replace native completions, callbacks, and last-version state; async Rust ownership and typed results, not C ABI","reference/go/docs/p00/api-inventory.csv; P07 context, completion, result, and flush tests",R08:native:C:global:rados_aio_cancel:5280d94f8e90,implemented-r08
native:C:global:rados_aio_cmpext:48107fc10c39,rados_aio_cmpext,rados.ReadOp / rados.WriteOp,Rust equivalent of rados.ReadOp / rados.WriteOp; exact signature frozen in R02/owning phase,R09,port-behavior,completion of prior phases; see SPEC.md,"Context-aware Go values, pages, and builders preserve the operation semantics; async Rust ownership and typed results, not C ABI","reference/go/docs/p00/api-inventory.csv; P08 unit and live metadata, compound, enumeration, and map-change tests",R09:native:C:global:rados_aio_cmpext:48107fc10c39,implemented-r09
native:C:global:rados_aio_create_completion:ba1fbf2204fa,rados_aio_create_completion,"context.Context, operation results, and rados.Client.Flush","Rust equivalent of context.Context, operation results, and rados.Client.Flush; exact signature frozen in R02/owning phase",R08,port-behavior,completion of prior phases; see SPEC.md,"Go context, direct results, and flush semantics replace native completions, callbacks, and last-version state; async Rust ownership and typed results, not C ABI","reference/go/docs/p00/api-inventory.csv; P07 context, completion, result, and flush tests",R08:native:C:global:rados_aio_create_completion:ba1fbf2204fa,implemented-r08
native:C:global:rados_aio_create_completion2:dad70a54ab49,rados_aio_create_completion2,"context.Context, operation results, and rados.Client.Flush","Rust equivalent of context.Context, operation results, and rados.Client.Flush; exact signature frozen in R02/owning phase",R08,port-behavior,completion of prior phases; see SPEC.md,"Go context, direct results, and flush semantics replace native completions, callbacks, and last-version state; async Rust ownership and typed results, not C ABI","reference/go/docs/p00/api-inventory.csv; P07 context, completion, result, and flush tests",R08:native:C:global:rados_aio_create_completion2:dad70a54ab49,implemented-r08
native:C:global:rados_aio_exec:3af2bf1dae48,rados_aio_exec,rados class execution methods,Rust equivalent of rados class execution methods; exact signature frozen in R02/owning phase,R10,port-behavior,completion of prior phases; see SPEC.md,"Unified context-aware Go calls preserve native semantics and use Go-owned results; async Rust ownership and typed results, not C ABI",reference/go/docs/p00/api-inventory.csv; P09 unit and live class/lock/watch interoperability tests,R10:native:C:global:rados_aio_exec:3af2bf1dae48,implemented-r10
native:C:global:rados_aio_flush:d78e22db21be,rados_aio_flush,rados.Client.Flush,Rust equivalent of rados.Client.Flush; exact signature frozen in R02/owning phase,R08,port-behavior,replicated pools on certified Ceph 20.2.4,"Watermark-based context-aware drain; no public C completion allocation; async Rust ownership and typed results, not C ABI",reference/go/docs/p00/api-inventory.csv; P07 mutation/flush unit and live-cluster tests,R08:native:C:global:rados_aio_flush:d78e22db21be,implemented-r08
native:C:global:rados_aio_flush_async:85d6e87fda48,rados_aio_flush_async,rados.Client.Flush,Rust equivalent of rados.Client.Flush; exact signature frozen in R02/owning phase,R08,port-behavior,replicated pools on certified Ceph 20.2.4,"Unified context-aware drain; no callback completion allocation; async Rust ownership and typed results, not C ABI",reference/go/docs/p00/api-inventory.csv; P07 mutation/flush unit and live-cluster tests,R08:native:C:global:rados_aio_flush_async:85d6e87fda48,implemented-r08
native:C:global:rados_aio_get_return_value:aad2edadfc0f,rados_aio_get_return_value,"context.Context, operation results, and rados.Client.Flush","Rust equivalent of context.Context, operation results, and rados.Client.Flush; exact signature frozen in R02/owning phase",R08,port-behavior,completion of prior phases; see SPEC.md,"Go context, direct results, and flush semantics replace native completions, callbacks, and last-version state; async Rust ownership and typed results, not C ABI","reference/go/docs/p00/api-inventory.csv; P07 context, completion, result, and flush tests",R08:native:C:global:rados_aio_get_return_value:aad2edadfc0f,implemented-r08
native:C:global:rados_aio_get_version:4e148db6a38e,rados_aio_get_version,"context.Context, operation results, and rados.Client.Flush","Rust equivalent of context.Context, operation results, and rados.Client.Flush; exact signature frozen in R02/owning phase",R08,port-behavior,completion of prior phases; see SPEC.md,"Go context, direct results, and flush semantics replace native completions, callbacks, and last-version state; async Rust ownership and typed results, not C ABI","reference/go/docs/p00/api-inventory.csv; P07 context, completion, result, and flush tests",R08:native:C:global:rados_aio_get_version:4e148db6a38e,implemented-r08
native:C:global:rados_aio_getxattr:cc37ca77c4c1,rados_aio_getxattr,rados metadata methods / operation builders,Rust equivalent of rados metadata methods / operation builders; exact signature frozen in R02/owning phase,R09,port-behavior,completion of prior phases; see SPEC.md,"Context-aware Go values, pages, and builders preserve the operation semantics; async Rust ownership and typed results, not C ABI","reference/go/docs/p00/api-inventory.csv; P08 unit and live metadata, compound, enumeration, and map-change tests",R09:native:C:global:rados_aio_getxattr:cc37ca77c4c1,implemented-r09
native:C:global:rados_aio_getxattrs:94423d4c8cdf,rados_aio_getxattrs,rados metadata methods / operation builders,Rust equivalent of rados metadata methods / operation builders; exact signature frozen in R02/owning phase,R09,port-behavior,completion of prior phases; see SPEC.md,"Context-aware Go values, pages, and builders preserve the operation semantics; async Rust ownership and typed results, not C ABI","reference/go/docs/p00/api-inventory.csv; P08 unit and live metadata, compound, enumeration, and map-change tests",R09:native:C:global:rados_aio_getxattrs:94423d4c8cdf,implemented-r09
native:C:global:rados_aio_ioctx_selfmanaged_snap_create:55afdfeaeb8b,rados_aio_ioctx_selfmanaged_snap_create,rados snapshot methods and immutable snapshot views,Rust equivalent of rados snapshot methods and immutable snapshot views; exact signature frozen in R02/owning phase,R11,port-behavior,completion of prior phases; see SPEC.md,"Context-aware Go calls and Go-owned results replace native completion and buffer lifetimes; async Rust ownership and typed results, not C ABI","reference/go/docs/p00/api-inventory.csv; P10 context, ownership, and live snapshot and EC tests",R11:native:C:global:rados_aio_ioctx_selfmanaged_snap_create:55afdfeaeb8b,implemented-r11
native:C:global:rados_aio_ioctx_selfmanaged_snap_remove:43a5514e7b01,rados_aio_ioctx_selfmanaged_snap_remove,rados snapshot methods and immutable snapshot views,Rust equivalent of rados snapshot methods and immutable snapshot views; exact signature frozen in R02/owning phase,R11,port-behavior,completion of prior phases; see SPEC.md,"Context-aware Go calls and Go-owned results replace native completion and buffer lifetimes; async Rust ownership and typed results, not C ABI","reference/go/docs/p00/api-inventory.csv; P10 context, ownership, and live snapshot and EC tests",R11:native:C:global:rados_aio_ioctx_selfmanaged_snap_remove:43a5514e7b01,implemented-r11
native:C:global:rados_aio_is_complete:75e944ec8d9b,rados_aio_is_complete,"context.Context, operation results, and rados.Client.Flush","Rust equivalent of context.Context, operation results, and rados.Client.Flush; exact signature frozen in R02/owning phase",R08,port-behavior,completion of prior phases; see SPEC.md,"Go context, direct results, and flush semantics replace native completions, callbacks, and last-version state; async Rust ownership and typed results, not C ABI","reference/go/docs/p00/api-inventory.csv; P07 context, completion, result, and flush tests",R08:native:C:global:rados_aio_is_complete:75e944ec8d9b,implemented-r08
native:C:global:rados_aio_is_complete_and_cb:dc6d163c1dcb,rados_aio_is_complete_and_cb,"context.Context, operation results, and rados.Client.Flush","Rust equivalent of context.Context, operation results, and rados.Client.Flush; exact signature frozen in R02/owning phase",R08,port-behavior,completion of prior phases; see SPEC.md,"Go context, direct results, and flush semantics replace native completions, callbacks, and last-version state; async Rust ownership and typed results, not C ABI","reference/go/docs/p00/api-inventory.csv; P07 context, completion, result, and flush tests",R08:native:C:global:rados_aio_is_complete_and_cb:dc6d163c1dcb,implemented-r08
native:C:global:rados_aio_is_safe:257827d7c704,rados_aio_is_safe,"context.Context, operation results, and rados.Client.Flush","Rust equivalent of context.Context, operation results, and rados.Client.Flush; exact signature frozen in R02/owning phase",R08,port-behavior,completion of prior phases; see SPEC.md,"Go context, direct results, and flush semantics replace native completions, callbacks, and last-version state; async Rust ownership and typed results, not C ABI","reference/go/docs/p00/api-inventory.csv; P07 context, completion, result, and flush tests",R08:native:C:global:rados_aio_is_safe:257827d7c704,implemented-r08
native:C:global:rados_aio_is_safe_and_cb:e3b127a99d2a,rados_aio_is_safe_and_cb,"context.Context, operation results, and rados.Client.Flush","Rust equivalent of context.Context, operation results, and rados.Client.Flush; exact signature frozen in R02/owning phase",R08,port-behavior,completion of prior phases; see SPEC.md,"Go context, direct results, and flush semantics replace native completions, callbacks, and last-version state; async Rust ownership and typed results, not C ABI","reference/go/docs/p00/api-inventory.csv; P07 context, completion, result, and flush tests",R08:native:C:global:rados_aio_is_safe_and_cb:e3b127a99d2a,implemented-r08
native:C:global:rados_aio_notify:cd2e55d10ad2,rados_aio_notify,rados.Watch and notify methods,Rust equivalent of rados.Watch and notify methods; exact signature frozen in R02/owning phase,R10,port-behavior,completion of prior phases; see SPEC.md,"Unified context-aware Go calls preserve native semantics and use Go-owned results; async Rust ownership and typed results, not C ABI",reference/go/docs/p00/api-inventory.csv; P09 unit and live watch/notify interoperability tests,R10:native:C:global:rados_aio_notify:cd2e55d10ad2,implemented-r10
native:C:global:rados_aio_read:369b714b399d,rados_aio_read,rados.ObjectRef.Read / rados.ObjectRef.Stat,Rust equivalent of rados.ObjectRef.Read / rados.ObjectRef.Stat; exact signature frozen in R02/owning phase,R07,port-behavior,completion of prior phases; see SPEC.md,"Context-aware methods and Go-owned results replace native completion and output buffers; async Rust ownership and typed results, not C ABI","reference/go/docs/p00/api-inventory.csv; P06 context, ownership, and live read/stat tests",R07:native:C:global:rados_aio_read:369b714b399d,implemented-r07
native:C:global:rados_aio_read_op_operate:350fdb4deae1,rados_aio_read_op_operate,rados.ReadOp / rados.WriteOp,Rust equivalent of rados.ReadOp / rados.WriteOp; exact signature frozen in R02/owning phase,R09,port-behavior,completion of prior phases; see SPEC.md,"Context-aware Go values, pages, and builders preserve the operation semantics; async Rust ownership and typed results, not C ABI","reference/go/docs/p00/api-inventory.csv; P08 unit and live metadata, compound, enumeration, and map-change tests",R09:native:C:global:rados_aio_read_op_operate:350fdb4deae1,implemented-r09
native:C:global:rados_aio_release:69358eaaeff7,rados_aio_release,"context.Context, operation results, and rados.Client.Flush","Rust equivalent of context.Context, operation results, and rados.Client.Flush; exact signature frozen in R02/owning phase",R08,port-behavior,completion of prior phases; see SPEC.md,"Go context, direct results, and flush semantics replace native completions, callbacks, and last-version state; async Rust ownership and typed results, not C ABI","reference/go/docs/p00/api-inventory.csv; P07 context, completion, result, and flush tests",R08:native:C:global:rados_aio_release:69358eaaeff7,implemented-r08
native:C:global:rados_aio_remove:7bcca7469fdd,rados_aio_remove,rados.ObjectRef mutation methods,Rust equivalent of rados.ObjectRef mutation methods; exact signature frozen in R02/owning phase,R08,port-behavior,completion of prior phases; see SPEC.md,"Context-aware methods and OpResult replace native completion and callback forms; async Rust ownership and typed results, not C ABI","reference/go/docs/p00/api-inventory.csv; P07 context, result, and live mutation tests",R08:native:C:global:rados_aio_remove:7bcca7469fdd,implemented-r08
native:C:global:rados_aio_rmxattr:c5d5f709dc15,rados_aio_rmxattr,rados metadata methods / operation builders,Rust equivalent of rados metadata methods / operation builders; exact signature frozen in R02/owning phase,R09,port-behavior,completion of prior phases; see SPEC.md,"Context-aware Go values, pages, and builders preserve the operation semantics; async Rust ownership and typed results, not C ABI","reference/go/docs/p00/api-inventory.csv; P08 unit and live metadata, compound, enumeration, and map-change tests",R09:native:C:global:rados_aio_rmxattr:c5d5f709dc15,implemented-r09
native:C:global:rados_aio_setxattr:28aac61800fa,rados_aio_setxattr,rados metadata methods / operation builders,Rust equivalent of rados metadata methods / operation builders; exact signature frozen in R02/owning phase,R09,port-behavior,completion of prior phases; see SPEC.md,"Context-aware Go values, pages, and builders preserve the operation semantics; async Rust ownership and typed results, not C ABI","reference/go/docs/p00/api-inventory.csv; P08 unit and live metadata, compound, enumeration, and map-change tests",R09:native:C:global:rados_aio_setxattr:28aac61800fa,implemented-r09
native:C:global:rados_aio_stat:c47090d59f22,rados_aio_stat,rados.ObjectRef.Read / rados.ObjectRef.Stat,Rust equivalent of rados.ObjectRef.Read / rados.ObjectRef.Stat; exact signature frozen in R02/owning phase,R07,port-behavior,completion of prior phases; see SPEC.md,"Context-aware methods and Go-owned results replace native completion and output buffers; async Rust ownership and typed results, not C ABI","reference/go/docs/p00/api-inventory.csv; P06 context, ownership, and live read/stat tests",R07:native:C:global:rados_aio_stat:c47090d59f22,implemented-r07
native:C:global:rados_aio_stat2:ef33ebe5404b,rados_aio_stat2,rados.ObjectRef.Read / rados.ObjectRef.Stat,Rust equivalent of rados.ObjectRef.Read / rados.ObjectRef.Stat; exact signature frozen in R02/owning phase,R07,port-behavior,completion of prior phases; see SPEC.md,"Context-aware methods and Go-owned results replace native completion and output buffers; async Rust ownership and typed results, not C ABI","reference/go/docs/p00/api-inventory.csv; P06 context, ownership, and live read/stat tests",R07:native:C:global:rados_aio_stat2:ef33ebe5404b,implemented-r07
native:C:global:rados_aio_unlock:50fe87821500,rados_aio_unlock,rados lock methods,Rust equivalent of rados lock methods; exact signature frozen in R02/owning phase,R10,port-behavior,completion of prior phases; see SPEC.md,"Unified context-aware Go calls preserve native semantics and use Go-owned results; async Rust ownership and typed results, not C ABI",reference/go/docs/p00/api-inventory.csv; P09 unit and live lock interoperability tests,R10:native:C:global:rados_aio_unlock:50fe87821500,implemented-r10
native:C:global:rados_aio_unwatch:4a1c2111707c,rados_aio_unwatch,rados.Watch and notify methods,Rust equivalent of rados.Watch and notify methods; exact signature frozen in R02/owning phase,R10,port-behavior,completion of prior phases; see SPEC.md,"Unified context-aware Go calls preserve native semantics and use Go-owned results; async Rust ownership and typed results, not C ABI",reference/go/docs/p00/api-inventory.csv; P09 unit and live watch/notify interoperability tests,R10:native:C:global:rados_aio_unwatch:4a1c2111707c,implemented-r10
native:C:global:rados_aio_wait_for_complete:971b1d0d9ace,rados_aio_wait_for_complete,"context.Context, operation results, and rados.Client.Flush","Rust equivalent of context.Context, operation results, and rados.Client.Flush; exact signature frozen in R02/owning phase",R08,port-behavior,completion of prior phases; see SPEC.md,"Go context, direct results, and flush semantics replace native completions, callbacks, and last-version state; async Rust ownership and typed results, not C ABI","reference/go/docs/p00/api-inventory.csv; P07 context, completion, result, and flush tests",R08:native:C:global:rados_aio_wait_for_complete:971b1d0d9ace,implemented-r08
native:C:global:rados_aio_wait_for_complete_and_cb:cc7bf4c33c0c,rados_aio_wait_for_complete_and_cb,"context.Context, operation results, and rados.Client.Flush","Rust equivalent of context.Context, operation results, and rados.Client.Flush; exact signature frozen in R02/owning phase",R08,port-behavior,completion of prior phases; see SPEC.md,"Go context, direct results, and flush semantics replace native completions, callbacks, and last-version state; async Rust ownership and typed results, not C ABI","reference/go/docs/p00/api-inventory.csv; P07 context, completion, result, and flush tests",R08:native:C:global:rados_aio_wait_for_complete_and_cb:cc7bf4c33c0c,implemented-r08
native:C:global:rados_aio_wait_for_safe:a25cd6968bd1,rados_aio_wait_for_safe,none,Rust equivalent of none; exact signature frozen in R02/owning phase,R12,port-behavior,completion of prior phases; see SPEC.md,"No deprecated compatibility alias in the initial Go API; async Rust ownership and typed results, not C ABI",reference/go/docs/p00/api-inventory.csv; inventory review; no runtime conformance claim,R12:native:C:global:rados_aio_wait_for_safe:a25cd6968bd1,intentional-omission-r12
native:C:global:rados_aio_wait_for_safe_and_cb:636615526c9a,rados_aio_wait_for_safe_and_cb,none,Rust equivalent of none; exact signature frozen in R02/owning phase,R12,port-behavior,completion of prior phases; see SPEC.md,"No deprecated compatibility alias in the initial Go API; async Rust ownership and typed results, not C ABI",reference/go/docs/p00/api-inventory.csv; inventory review; no runtime conformance claim,R12:native:C:global:rados_aio_wait_for_safe_and_cb:636615526c9a,intentional-omission-r12
native:C:global:rados_aio_watch:70bd8489f4a0,rados_aio_watch,rados.Watch and notify methods,Rust equivalent of rados.Watch and notify methods; exact signature frozen in R02/owning phase,R10,port-behavior,completion of prior phases; see SPEC.md,"Unified context-aware Go calls preserve native semantics and use Go-owned results; async Rust ownership and typed results, not C ABI",reference/go/docs/p00/api-inventory.csv; P09 unit and live watch/notify interoperability tests,R10:native:C:global:rados_aio_watch:70bd8489f4a0,implemented-r10
native:C:global:rados_aio_watch2:e8ed4f0681b0,rados_aio_watch2,rados.Watch and notify methods,Rust equivalent of rados.Watch and notify methods; exact signature frozen in R02/owning phase,R10,port-behavior,completion of prior phases; see SPEC.md,"Unified context-aware Go calls preserve native semantics and use Go-owned results; async Rust ownership and typed results, not C ABI",reference/go/docs/p00/api-inventory.csv; P09 unit and live watch/notify interoperability tests,R10:native:C:global:rados_aio_watch2:e8ed4f0681b0,implemented-r10
native:C:global:rados_aio_watch_flush:86cb6a6545ca,rados_aio_watch_flush,rados.Watch and notify methods,Rust equivalent of rados.Watch and notify methods; exact signature frozen in R02/owning phase,R10,port-behavior,completion of prior phases; see SPEC.md,"Watch draining and notify reply memory ownership are integrated into Go lifecycle and result semantics; async Rust ownership and typed results, not C ABI",reference/go/docs/p00/api-inventory.csv; P09 unit and live watch/notify interoperability tests,R10:native:C:global:rados_aio_watch_flush:86cb6a6545ca,implemented-r10
native:C:global:rados_aio_write:b35f6f83dcfd,rados_aio_write,rados.ObjectRef mutation methods,Rust equivalent of rados.ObjectRef mutation methods; exact signature frozen in R02/owning phase,R08,port-behavior,completion of prior phases; see SPEC.md,"Context-aware methods and OpResult replace native completion and callback forms; async Rust ownership and typed results, not C ABI","reference/go/docs/p00/api-inventory.csv; P07 context, result, and live mutation tests",R08:native:C:global:rados_aio_write:b35f6f83dcfd,implemented-r08
native:C:global:rados_aio_write_full:b5128039b2fe,rados_aio_write_full,rados.ObjectRef mutation methods,Rust equivalent of rados.ObjectRef mutation methods; exact signature frozen in R02/owning phase,R08,port-behavior,completion of prior phases; see SPEC.md,"Context-aware methods and OpResult replace native completion and callback forms; async Rust ownership and typed results, not C ABI","reference/go/docs/p00/api-inventory.csv; P07 context, result, and live mutation tests",R08:native:C:global:rados_aio_write_full:b5128039b2fe,implemented-r08
native:C:global:rados_aio_write_op_operate:16e6051ccacf,rados_aio_write_op_operate,rados.ReadOp / rados.WriteOp,Rust equivalent of rados.ReadOp / rados.WriteOp; exact signature frozen in R02/owning phase,R09,port-behavior,completion of prior phases; see SPEC.md,"Context-aware Go values, pages, and builders preserve the operation semantics; async Rust ownership and typed results, not C ABI","reference/go/docs/p00/api-inventory.csv; P08 unit and live metadata, compound, enumeration, and map-change tests",R09:native:C:global:rados_aio_write_op_operate:16e6051ccacf,implemented-r09
native:C:global:rados_aio_write_op_operate2:04006a49a73f,rados_aio_write_op_operate2,rados.ReadOp / rados.WriteOp,Rust equivalent of rados.ReadOp / rados.WriteOp; exact signature frozen in R02/owning phase,R09,port-behavior,completion of prior phases; see SPEC.md,"Context-aware Go values, pages, and builders preserve the operation semantics; async Rust ownership and typed results, not C ABI","reference/go/docs/p00/api-inventory.csv; P08 unit and live metadata, compound, enumeration, and map-change tests",R09:native:C:global:rados_aio_write_op_operate2:04006a49a73f,implemented-r09
native:C:global:rados_aio_writesame:80c87e918d8b,rados_aio_writesame,rados specialized object methods,Rust equivalent of rados specialized object methods; exact signature frozen in R02/owning phase,R11,port-behavior,completion of prior phases; see SPEC.md,"Context-aware Go calls and Go-owned results replace native completion and buffer lifetimes; async Rust ownership and typed results, not C ABI","reference/go/docs/p00/api-inventory.csv; P10 context, ownership, and live specialized object tests",R11:native:C:global:rados_aio_writesame:80c87e918d8b,implemented-r11
native:C:global:rados_append:bf67023825ca,rados_append,rados.ObjectRef.Append,Rust equivalent of rados.ObjectRef.Append; exact signature frozen in R02/owning phase,R08,port-behavior,replicated pools on certified Ceph 20.2.4,"Returns OpResult version; ambiguity is surfaced as outcome unknown; async Rust ownership and typed results, not C ABI",reference/go/docs/p00/api-inventory.csv; P07 native/Go CRUD and primary-remap append-once tests,R08:native:C:global:rados_append:bf67023825ca,implemented-r08
native:C:global:rados_application_enable:e9265d337ab9,rados_application_enable,rados.Client administrative methods,Rust equivalent of rados.Client administrative methods; exact signature frozen in R02/owning phase,R12,port-behavior,completion of prior phases; see SPEC.md,"Context-aware Go values preserve native semantics with Go-owned command and metadata results; async Rust ownership and typed results, not C ABI",reference/go/docs/p00/api-inventory.csv; P11 unit and live administrative interoperability tests,R12:native:C:global:rados_application_enable:e9265d337ab9,implemented-r12
native:C:global:rados_application_list:c0e6bceb5666,rados_application_list,rados.Client administrative methods,Rust equivalent of rados.Client administrative methods; exact signature frozen in R02/owning phase,R12,port-behavior,completion of prior phases; see SPEC.md,"Context-aware Go values preserve native semantics with Go-owned command and metadata results; async Rust ownership and typed results, not C ABI",reference/go/docs/p00/api-inventory.csv; P11 unit and live administrative interoperability tests,R12:native:C:global:rados_application_list:c0e6bceb5666,implemented-r12
native:C:global:rados_application_metadata_get:8b84f0cc8995,rados_application_metadata_get,rados.Client administrative methods,Rust equivalent of rados.Client administrative methods; exact signature frozen in R02/owning phase,R12,port-behavior,completion of prior phases; see SPEC.md,"Context-aware Go values preserve native semantics with Go-owned command and metadata results; async Rust ownership and typed results, not C ABI",reference/go/docs/p00/api-inventory.csv; P11 unit and live administrative interoperability tests,R12:native:C:global:rados_application_metadata_get:8b84f0cc8995,implemented-r12
native:C:global:rados_application_metadata_list:115c7be10411,rados_application_metadata_list,rados.Client administrative methods,Rust equivalent of rados.Client administrative methods; exact signature frozen in R02/owning phase,R12,port-behavior,completion of prior phases; see SPEC.md,"Context-aware Go values preserve native semantics with Go-owned command and metadata results; async Rust ownership and typed results, not C ABI",reference/go/docs/p00/api-inventory.csv; P11 unit and live administrative interoperability tests,R12:native:C:global:rados_application_metadata_list:115c7be10411,implemented-r12
native:C:global:rados_application_metadata_remove:14939b6c7251,rados_application_metadata_remove,rados.Client administrative methods,Rust equivalent of rados.Client administrative methods; exact signature frozen in R02/owning phase,R12,port-behavior,completion of prior phases; see SPEC.md,"Context-aware Go values preserve native semantics with Go-owned command and metadata results; async Rust ownership and typed results, not C ABI",reference/go/docs/p00/api-inventory.csv; P11 unit and live administrative interoperability tests,R12:native:C:global:rados_application_metadata_remove:14939b6c7251,implemented-r12
native:C:global:rados_application_metadata_set:b82d8fa00cff,rados_application_metadata_set,rados.Client administrative methods,Rust equivalent of rados.Client administrative methods; exact signature frozen in R02/owning phase,R12,port-behavior,completion of prior phases; see SPEC.md,"Context-aware Go values preserve native semantics with Go-owned command and metadata results; async Rust ownership and typed results, not C ABI",reference/go/docs/p00/api-inventory.csv; P11 unit and live administrative interoperability tests,R12:native:C:global:rados_application_metadata_set:b82d8fa00cff,implemented-r12
native:C:global:rados_blacklist_add:08c94b43d74a,rados_blacklist_add,none,Rust equivalent of none; exact signature frozen in R02/owning phase,R12,port-behavior,completion of prior phases; see SPEC.md,"No deprecated compatibility alias in the initial Go API; async Rust ownership and typed results, not C ABI",reference/go/docs/p00/api-inventory.csv; inventory review; no runtime conformance claim,R12:native:C:global:rados_blacklist_add:08c94b43d74a,intentional-omission-r12
native:C:global:rados_blocklist_add:b84597ee88b6,rados_blocklist_add,rados.Client administrative methods,Rust equivalent of rados.Client administrative methods; exact signature frozen in R02/owning phase,R12,port-behavior,completion of prior phases; see SPEC.md,"Context-aware Go values preserve native semantics with Go-owned command and metadata results; async Rust ownership and typed results, not C ABI",reference/go/docs/p00/api-inventory.csv; P11 unit and live administrative interoperability tests,R12:native:C:global:rados_blocklist_add:b84597ee88b6,implemented-r12
native:C:global:rados_break_lock:3e00b4b56425,rados_break_lock,rados lock methods,Rust equivalent of rados lock methods; exact signature frozen in R02/owning phase,R10,port-behavior,completion of prior phases; see SPEC.md,"Unified context-aware Go calls preserve native semantics and use Go-owned results; async Rust ownership and typed results, not C ABI",reference/go/docs/p00/api-inventory.csv; P09 unit and live lock interoperability tests,R10:native:C:global:rados_break_lock:3e00b4b56425,implemented-r10
native:C:global:rados_buffer_free:02f1497ee27d,rados_buffer_free,automatic Go memory ownership,Rust equivalent of automatic Go memory ownership; exact signature frozen in R02/owning phase,R02,port-behavior,none,"No public deallocator; async Rust ownership and typed results, not C ABI",reference/go/docs/p00/api-inventory.csv; ownership and leak tests,R02:native:C:global:rados_buffer_free:02f1497ee27d,implemented-r02
native:C:global:rados_cache_pin:9dc39aa7f4a1,rados_cache_pin,none,Rust equivalent of none; exact signature frozen in R02/owning phase,R12,inherit-native-disposition,completion of prior phases; see SPEC.md,"Outside the v1 scope defined by SPEC.md; async Rust ownership and typed results, not C ABI",reference/go/docs/p00/api-inventory.csv; future explicit qualification,R12:native:C:global:rados_cache_pin:9dc39aa7f4a1,deferred-r12
native:C:global:rados_cache_unpin:483e9c0c567c,rados_cache_unpin,none,Rust equivalent of none; exact signature frozen in R02/owning phase,R12,inherit-native-disposition,completion of prior phases; see SPEC.md,"Outside the v1 scope defined by SPEC.md; async Rust ownership and typed results, not C ABI",reference/go/docs/p00/api-inventory.csv; future explicit qualification,R12:native:C:global:rados_cache_unpin:483e9c0c567c,deferred-r12
native:C:global:rados_cct:6217d135f546,rados_cct,none,Rust equivalent of none; exact signature frozen in R02/owning phase,R02,port-behavior,none,"No native configuration or cluster handle exists; async Rust ownership and typed results, not C ABI",reference/go/docs/p00/api-inventory.csv; P01 dependency and cgo audit,R02:native:C:global:rados_cct:6217d135f546,implemented-r02
native:C:global:rados_checksum:9990ebf1196c,rados_checksum,rados specialized object methods,Rust equivalent of rados specialized object methods; exact signature frozen in R02/owning phase,R11,port-behavior,completion of prior phases; see SPEC.md,"Context-aware Go values preserve native semantics with Go-owned inputs and results; async Rust ownership and typed results, not C ABI",reference/go/docs/p00/api-inventory.csv; P10 unit and live specialized object interoperability tests,R11:native:C:global:rados_checksum:9990ebf1196c,implemented-r11
native:C:global:rados_cluster_fsid:22073eef6bd7,rados_cluster_fsid,rados.Client pool/map discovery methods,Rust equivalent of rados.Client pool/map discovery methods; exact signature frozen in R02/owning phase,R05,port-behavior,completion of prior phases; see SPEC.md,"Context-aware discovery returns Go-owned values and immutable pool views; async Rust ownership and typed results, not C ABI",reference/go/docs/p00/api-inventory.csv; P04 unit and live discovery tests,R05:native:C:global:rados_cluster_fsid:22073eef6bd7,planned-not-implemented
native:C:global:rados_cluster_stat:2ff68bc297b4,rados_cluster_stat,rados.Client administrative methods,Rust equivalent of rados.Client administrative methods; exact signature frozen in R02/owning phase,R12,port-behavior,completion of prior phases; see SPEC.md,"Context-aware Go values preserve native semantics with Go-owned command and metadata results; async Rust ownership and typed results, not C ABI",reference/go/docs/p00/api-inventory.csv; P11 unit and live administrative interoperability tests,R12:native:C:global:rados_cluster_stat:2ff68bc297b4,implemented-r12
native:C:global:rados_cmpext:0d4cbce6993d,rados_cmpext,rados.ReadOp / rados.WriteOp,Rust equivalent of rados.ReadOp / rados.WriteOp; exact signature frozen in R02/owning phase,R09,port-behavior,completion of prior phases; see SPEC.md,"Context-aware Go values, pages, and builders preserve the operation semantics; async Rust ownership and typed results, not C ABI","reference/go/docs/p00/api-inventory.csv; P08 unit and live metadata, compound, enumeration, and map-change tests",R09:native:C:global:rados_cmpext:0d4cbce6993d,implemented-r09
native:C:global:rados_conf_get:3ba6167f61bb,rados_conf_get,rados.Client / rados.Config lifecycle and configuration methods,Rust equivalent of rados.Client / rados.Config lifecycle and configuration methods; exact signature frozen in R02/owning phase,R12,port-behavior,completion of prior phases; see SPEC.md,"Typed, value-oriented configuration and context-aware lifecycle replace mutable native configuration; async Rust ownership and typed results, not C ABI",reference/go/docs/p00/api-inventory.csv; P01 lifecycle and P04 configuration tests,R12:native:C:global:rados_conf_get:3ba6167f61bb,adapted-r12
native:C:global:rados_conf_parse_argv:bd9bbbc9ded1,rados_conf_parse_argv,rados.Client / rados.Config lifecycle and configuration methods,Rust equivalent of rados.Client / rados.Config lifecycle and configuration methods; exact signature frozen in R02/owning phase,R12,port-behavior,completion of prior phases; see SPEC.md,"Typed, value-oriented configuration and context-aware lifecycle replace mutable native configuration; async Rust ownership and typed results, not C ABI",reference/go/docs/p00/api-inventory.csv; P01 lifecycle and P04 configuration tests,R12:native:C:global:rados_conf_parse_argv:bd9bbbc9ded1,adapted-r12
native:C:global:rados_conf_parse_argv_remainder:b97e95c355c0,rados_conf_parse_argv_remainder,rados.Client / rados.Config lifecycle and configuration methods,Rust equivalent of rados.Client / rados.Config lifecycle and configuration methods; exact signature frozen in R02/owning phase,R12,port-behavior,completion of prior phases; see SPEC.md,"Typed, value-oriented configuration and context-aware lifecycle replace mutable native configuration; async Rust ownership and typed results, not C ABI",reference/go/docs/p00/api-inventory.csv; P01 lifecycle and P04 configuration tests,R12:native:C:global:rados_conf_parse_argv_remainder:b97e95c355c0,adapted-r12
native:C:global:rados_conf_parse_env:91ecc94397a0,rados_conf_parse_env,rados.Client / rados.Config lifecycle and configuration methods,Rust equivalent of rados.Client / rados.Config lifecycle and configuration methods; exact signature frozen in R02/owning phase,R12,port-behavior,completion of prior phases; see SPEC.md,"Typed, value-oriented configuration and context-aware lifecycle replace mutable native configuration; async Rust ownership and typed results, not C ABI",reference/go/docs/p00/api-inventory.csv; P01 lifecycle and P04 configuration tests,R12:native:C:global:rados_conf_parse_env:91ecc94397a0,adapted-r12
native:C:global:rados_conf_read_file:e99678c239f3,rados_conf_read_file,rados.Client / rados.Config lifecycle and configuration methods,Rust equivalent of rados.Client / rados.Config lifecycle and configuration methods; exact signature frozen in R02/owning phase,R12,port-behavior,completion of prior phases; see SPEC.md,"Typed, value-oriented configuration and context-aware lifecycle replace mutable native configuration; async Rust ownership and typed results, not C ABI",reference/go/docs/p00/api-inventory.csv; P01 lifecycle and P04 configuration tests,R12:native:C:global:rados_conf_read_file:e99678c239f3,adapted-r12
native:C:global:rados_conf_set:541ca178c0cb,rados_conf_set,rados.Client / rados.Config lifecycle and configuration methods,Rust equivalent of rados.Client / rados.Config lifecycle and configuration methods; exact signature frozen in R02/owning phase,R12,port-behavior,completion of prior phases; see SPEC.md,"Typed, value-oriented configuration and context-aware lifecycle replace mutable native configuration; async Rust ownership and typed results, not C ABI",reference/go/docs/p00/api-inventory.csv; P01 lifecycle and P04 configuration tests,R12:native:C:global:rados_conf_set:541ca178c0cb,adapted-r12
native:C:global:rados_connect:ad4bb0aad558,rados_connect,rados.Client / rados.Config lifecycle and configuration methods,Rust equivalent of rados.Client / rados.Config lifecycle and configuration methods; exact signature frozen in R02/owning phase,R12,port-behavior,completion of prior phases; see SPEC.md,"Typed, value-oriented configuration and context-aware lifecycle replace mutable native configuration; async Rust ownership and typed results, not C ABI",reference/go/docs/p00/api-inventory.csv; P01 lifecycle and P04 configuration tests,R12:native:C:global:rados_connect:ad4bb0aad558,adapted-r12
native:C:global:rados_create:c64593df4dbc,rados_create,rados.New,Rust equivalent of rados.New; exact signature frozen in R02/owning phase,R12,port-behavior,completion of prior phases; see SPEC.md,"Go construction combines native allocation, initialization, and ownership; async Rust ownership and typed results, not C ABI",reference/go/docs/p00/api-inventory.csv; P01 lifecycle and P04 configuration tests,R12:native:C:global:rados_create:c64593df4dbc,adapted-r12
native:C:global:rados_create2:6e1f33131cf9,rados_create2,rados.New,Rust equivalent of rados.New; exact signature frozen in R02/owning phase,R12,port-behavior,completion of prior phases; see SPEC.md,"Go construction combines native allocation, initialization, and ownership; async Rust ownership and typed results, not C ABI",reference/go/docs/p00/api-inventory.csv; P01 lifecycle and P04 configuration tests,R12:native:C:global:rados_create2:6e1f33131cf9,adapted-r12
native:C:global:rados_create_read_op:428b6816a632,rados_create_read_op,rados.ReadOp / rados.WriteOp,Rust equivalent of rados.ReadOp / rados.WriteOp; exact signature frozen in R02/owning phase,R09,port-behavior,completion of prior phases; see SPEC.md,"Context-aware Go values, pages, and builders preserve the operation semantics; async Rust ownership and typed results, not C ABI","reference/go/docs/p00/api-inventory.csv; P08 unit and live metadata, compound, enumeration, and map-change tests",R09:native:C:global:rados_create_read_op:428b6816a632,implemented-r09
native:C:global:rados_create_with_context:fe301d856743,rados_create_with_context,rados.New,Rust equivalent of rados.New; exact signature frozen in R02/owning phase,R12,port-behavior,completion of prior phases; see SPEC.md,"Go construction combines native allocation, initialization, and ownership; async Rust ownership and typed results, not C ABI",reference/go/docs/p00/api-inventory.csv; P01 lifecycle and P04 configuration tests,R12:native:C:global:rados_create_with_context:fe301d856743,adapted-r12
native:C:global:rados_create_write_op:f280c4cdb9fd,rados_create_write_op,rados.ReadOp / rados.WriteOp,Rust equivalent of rados.ReadOp / rados.WriteOp; exact signature frozen in R02/owning phase,R09,port-behavior,completion of prior phases; see SPEC.md,"Context-aware Go values, pages, and builders preserve the operation semantics; async Rust ownership and typed results, not C ABI","reference/go/docs/p00/api-inventory.csv; P08 unit and live metadata, compound, enumeration, and map-change tests",R09:native:C:global:rados_create_write_op:f280c4cdb9fd,implemented-r09
native:C:global:rados_decode_notify_response:73af45eeba15,rados_decode_notify_response,rados.Watch and notify methods,Rust equivalent of rados.Watch and notify methods; exact signature frozen in R02/owning phase,R10,port-behavior,completion of prior phases; see SPEC.md,"Watch draining and notify reply memory ownership are integrated into Go lifecycle and result semantics; async Rust ownership and typed results, not C ABI",reference/go/docs/p00/api-inventory.csv; P09 unit and live watch/notify interoperability tests,R10:native:C:global:rados_decode_notify_response:73af45eeba15,implemented-r10
native:C:global:rados_exec:390e2b89cc4f,rados_exec,rados class execution methods,Rust equivalent of rados class execution methods; exact signature frozen in R02/owning phase,R10,port-behavior,completion of prior phases; see SPEC.md,"Unified context-aware Go calls preserve native semantics and use Go-owned results; async Rust ownership and typed results, not C ABI",reference/go/docs/p00/api-inventory.csv; P09 unit and live class/lock/watch interoperability tests,R10:native:C:global:rados_exec:390e2b89cc4f,implemented-r10
native:C:global:rados_free_notify_response:10a2e120ea0b,rados_free_notify_response,rados.Watch and notify methods,Rust equivalent of rados.Watch and notify methods; exact signature frozen in R02/owning phase,R10,port-behavior,completion of prior phases; see SPEC.md,"Watch draining and notify reply memory ownership are integrated into Go lifecycle and result semantics; async Rust ownership and typed results, not C ABI",reference/go/docs/p00/api-inventory.csv; P09 unit and live watch/notify interoperability tests,R10:native:C:global:rados_free_notify_response:10a2e120ea0b,implemented-r10
native:C:global:rados_get_instance_id:2a7d44653665,rados_get_instance_id,rados.Client / rados.Config lifecycle and configuration methods,Rust equivalent of rados.Client / rados.Config lifecycle and configuration methods; exact signature frozen in R02/owning phase,R12,port-behavior,completion of prior phases; see SPEC.md,"Typed, value-oriented configuration and context-aware lifecycle replace mutable native configuration; async Rust ownership and typed results, not C ABI",reference/go/docs/p00/api-inventory.csv; P01 lifecycle and P04 configuration tests,R12:native:C:global:rados_get_instance_id:2a7d44653665,adapted-r12
native:C:global:rados_get_last_version:e020ac805361,rados_get_last_version,"context.Context, operation results, and rados.Client.Flush","Rust equivalent of context.Context, operation results, and rados.Client.Flush; exact signature frozen in R02/owning phase",R08,port-behavior,completion of prior phases; see SPEC.md,"Go context, direct results, and flush semantics replace native completions, callbacks, and last-version state; async Rust ownership and typed results, not C ABI","reference/go/docs/p00/api-inventory.csv; P07 context, completion, result, and flush tests",R08:native:C:global:rados_get_last_version:e020ac805361,implemented-r08
native:C:global:rados_get_min_compatible_client:f58ac53fa80e,rados_get_min_compatible_client,none,Rust equivalent of none; exact signature frozen in R02/owning phase,R05,port-behavior,completion of prior phases; see SPEC.md,"No distinct v1 behavior requires this native diagnostic or explicit map wait; async Rust ownership and typed results, not C ABI",reference/go/docs/p00/api-inventory.csv; P04 API inventory review; no runtime conformance claim,R05:native:C:global:rados_get_min_compatible_client:f58ac53fa80e,planned-not-implemented
native:C:global:rados_get_min_compatible_osd:9a72bc48f509,rados_get_min_compatible_osd,none,Rust equivalent of none; exact signature frozen in R02/owning phase,R05,port-behavior,completion of prior phases; see SPEC.md,"No distinct v1 behavior requires this native diagnostic or explicit map wait; async Rust ownership and typed results, not C ABI",reference/go/docs/p00/api-inventory.csv; P04 API inventory review; no runtime conformance claim,R05:native:C:global:rados_get_min_compatible_osd:9a72bc48f509,planned-not-implemented
native:C:global:rados_getaddrs:a57039f2e13f,rados_getaddrs,rados.Client session addresses,Rust equivalent of rados.Client session addresses; exact signature frozen in R02/owning phase,R12,port-behavior,completion of prior phases; see SPEC.md,"Context-aware Go values preserve native semantics with Go-owned command and metadata results; async Rust ownership and typed results, not C ABI",reference/go/docs/p00/api-inventory.csv; P11 unit and live administrative interoperability tests,R12:native:C:global:rados_getaddrs:a57039f2e13f,implemented-r12
native:C:global:rados_getxattr:4d3e133ad342,rados_getxattr,rados metadata methods / operation builders,Rust equivalent of rados metadata methods / operation builders; exact signature frozen in R02/owning phase,R09,port-behavior,completion of prior phases; see SPEC.md,"Context-aware Go values, pages, and builders preserve the operation semantics; async Rust ownership and typed results, not C ABI","reference/go/docs/p00/api-inventory.csv; P08 unit and live metadata, compound, enumeration, and map-change tests",R09:native:C:global:rados_getxattr:4d3e133ad342,implemented-r09
native:C:global:rados_getxattrs:8ef6989e14a3,rados_getxattrs,rados metadata methods / operation builders,Rust equivalent of rados metadata methods / operation builders; exact signature frozen in R02/owning phase,R09,port-behavior,completion of prior phases; see SPEC.md,"Context-aware Go values, pages, and builders preserve the operation semantics; async Rust ownership and typed results, not C ABI","reference/go/docs/p00/api-inventory.csv; P08 unit and live metadata, compound, enumeration, and map-change tests",R09:native:C:global:rados_getxattrs:8ef6989e14a3,implemented-r09
native:C:global:rados_getxattrs_end:f3bb3315027f,rados_getxattrs_end,rados metadata methods / operation builders,Rust equivalent of rados metadata methods / operation builders; exact signature frozen in R02/owning phase,R09,port-behavior,completion of prior phases; see SPEC.md,"Go values, pages, and builders replace native iterator and allocation lifetimes; async Rust ownership and typed results, not C ABI","reference/go/docs/p00/api-inventory.csv; P08 ownership, pagination, and builder lifecycle tests",R09:native:C:global:rados_getxattrs_end:f3bb3315027f,implemented-r09
native:C:global:rados_getxattrs_next:69240bb0ee0b,rados_getxattrs_next,rados metadata methods / operation builders,Rust equivalent of rados metadata methods / operation builders; exact signature frozen in R02/owning phase,R09,port-behavior,completion of prior phases; see SPEC.md,"Go values, pages, and builders replace native iterator and allocation lifetimes; async Rust ownership and typed results, not C ABI","reference/go/docs/p00/api-inventory.csv; P08 ownership, pagination, and builder lifecycle tests",R09:native:C:global:rados_getxattrs_next:69240bb0ee0b,implemented-r09
native:C:global:rados_inconsistent_pg_list:6c299ea67bc9,rados_inconsistent_pg_list,rados.Client administrative consistency methods,Rust equivalent of rados.Client administrative consistency methods; exact signature frozen in R02/owning phase,R12,port-behavior,completion of prior phases; see SPEC.md,"Context-aware Go values preserve native semantics with Go-owned command and metadata results; async Rust ownership and typed results, not C ABI",reference/go/docs/p00/api-inventory.csv; P11 unit and live administrative interoperability tests,R12:native:C:global:rados_inconsistent_pg_list:6c299ea67bc9,implemented-r12
native:C:global:rados_ioctx_cct:73d9a8bbb392,rados_ioctx_cct,none,Rust equivalent of none; exact signature frozen in R02/owning phase,R02,port-behavior,none,"No native configuration or cluster handle exists; async Rust ownership and typed results, not C ABI",reference/go/docs/p00/api-inventory.csv; P01 dependency and cgo audit,R02:native:C:global:rados_ioctx_cct:73d9a8bbb392,implemented-r02
native:C:global:rados_ioctx_create:c3ffa2bc808f,rados_ioctx_create,rados.Client pool/map discovery methods,Rust equivalent of rados.Client pool/map discovery methods; exact signature frozen in R02/owning phase,R05,port-behavior,completion of prior phases; see SPEC.md,"Context-aware discovery returns Go-owned values and immutable pool views; async Rust ownership and typed results, not C ABI",reference/go/docs/p00/api-inventory.csv; P04 unit and live discovery tests,R05:native:C:global:rados_ioctx_create:c3ffa2bc808f,planned-not-implemented
native:C:global:rados_ioctx_create2:137e285590da,rados_ioctx_create2,rados.Client pool/map discovery methods,Rust equivalent of rados.Client pool/map discovery methods; exact signature frozen in R02/owning phase,R05,port-behavior,completion of prior phases; see SPEC.md,"Context-aware discovery returns Go-owned values and immutable pool views; async Rust ownership and typed results, not C ABI",reference/go/docs/p00/api-inventory.csv; P04 unit and live discovery tests,R05:native:C:global:rados_ioctx_create2:137e285590da,planned-not-implemented
native:C:global:rados_ioctx_destroy:18f39ceb86e6,rados_ioctx_destroy,automatic Go memory ownership,Rust equivalent of automatic Go memory ownership; exact signature frozen in R02/owning phase,R02,port-behavior,none,"No public deallocator; async Rust ownership and typed results, not C ABI",reference/go/docs/p00/api-inventory.csv; ownership and leak tests,R02:native:C:global:rados_ioctx_destroy:18f39ceb86e6,implemented-r02
native:C:global:rados_ioctx_get_cluster:70a023cfa0a3,rados_ioctx_get_cluster,none,Rust equivalent of none; exact signature frozen in R02/owning phase,R02,port-behavior,none,"No native configuration or cluster handle exists; async Rust ownership and typed results, not C ABI",reference/go/docs/p00/api-inventory.csv; P01 dependency and cgo audit,R02:native:C:global:rados_ioctx_get_cluster:70a023cfa0a3,implemented-r02
native:C:global:rados_ioctx_get_id:92cbf96ffd23,rados_ioctx_get_id,rados.Client pool/map discovery methods,Rust equivalent of rados.Client pool/map discovery methods; exact signature frozen in R02/owning phase,R05,port-behavior,completion of prior phases; see SPEC.md,"Context-aware discovery returns Go-owned values and immutable pool views; async Rust ownership and typed results, not C ABI",reference/go/docs/p00/api-inventory.csv; P04 unit and live discovery tests,R05:native:C:global:rados_ioctx_get_id:92cbf96ffd23,planned-not-implemented
native:C:global:rados_ioctx_get_namespace:f676c4d7c95e,rados_ioctx_get_namespace,rados.Pool.WithNamespace / rados.Pool.WithLocator,Rust equivalent of rados.Pool.WithNamespace / rados.Pool.WithLocator; exact signature frozen in R02/owning phase,R06,port-behavior,completion of prior phases; see SPEC.md,"Immutable pool views replace mutable ioctx namespace and locator state; async Rust ownership and typed results, not C ABI",reference/go/docs/p00/api-inventory.csv; P05 unit and live placement tests,R06:native:C:global:rados_ioctx_get_namespace:f676c4d7c95e,implemented-r07
native:C:global:rados_ioctx_get_pool_name:7eb63ed1808f,rados_ioctx_get_pool_name,rados.Client pool/map discovery methods,Rust equivalent of rados.Client pool/map discovery methods; exact signature frozen in R02/owning phase,R05,port-behavior,completion of prior phases; see SPEC.md,"Context-aware discovery returns Go-owned values and immutable pool views; async Rust ownership and typed results, not C ABI",reference/go/docs/p00/api-inventory.csv; P04 unit and live discovery tests,R05:native:C:global:rados_ioctx_get_pool_name:7eb63ed1808f,planned-not-implemented
native:C:global:rados_ioctx_locator_set_key:0c18e5b0d11d,rados_ioctx_locator_set_key,rados.Pool.WithNamespace / rados.Pool.WithLocator,Rust equivalent of rados.Pool.WithNamespace / rados.Pool.WithLocator; exact signature frozen in R02/owning phase,R06,port-behavior,completion of prior phases; see SPEC.md,"Immutable pool views replace mutable ioctx namespace and locator state; async Rust ownership and typed results, not C ABI",reference/go/docs/p00/api-inventory.csv; P05 unit and live placement tests,R06:native:C:global:rados_ioctx_locator_set_key:0c18e5b0d11d,implemented-r07
native:C:global:rados_ioctx_pool_get_auid:f3bba49a382e,rados_ioctx_pool_get_auid,none,Rust equivalent of none; exact signature frozen in R02/owning phase,R12,port-behavior,completion of prior phases; see SPEC.md,"No deprecated compatibility alias in the initial Go API; async Rust ownership and typed results, not C ABI",reference/go/docs/p00/api-inventory.csv; inventory review; no runtime conformance claim,R12:native:C:global:rados_ioctx_pool_get_auid:f3bba49a382e,intentional-omission-r12
native:C:global:rados_ioctx_pool_required_alignment:4e6e44530bd1,rados_ioctx_pool_required_alignment,none,Rust equivalent of none; exact signature frozen in R02/owning phase,R12,port-behavior,completion of prior phases; see SPEC.md,"No deprecated compatibility alias in the initial Go API; async Rust ownership and typed results, not C ABI",reference/go/docs/p00/api-inventory.csv; inventory review; no runtime conformance claim,R12:native:C:global:rados_ioctx_pool_required_alignment:4e6e44530bd1,intentional-omission-r12
native:C:global:rados_ioctx_pool_required_alignment2:96192551ba6a,rados_ioctx_pool_required_alignment2,rados specialized object methods,Rust equivalent of rados specialized object methods; exact signature frozen in R02/owning phase,R11,port-behavior,completion of prior phases; see SPEC.md,"Context-aware Go values preserve native semantics with Go-owned inputs and results; async Rust ownership and typed results, not C ABI",reference/go/docs/p00/api-inventory.csv; P10 unit and live specialized object interoperability tests,R11:native:C:global:rados_ioctx_pool_required_alignment2:96192551ba6a,implemented-r11
native:C:global:rados_ioctx_pool_requires_alignment:74a962d0f2ff,rados_ioctx_pool_requires_alignment,none,Rust equivalent of none; exact signature frozen in R02/owning phase,R12,port-behavior,completion of prior phases; see SPEC.md,"No deprecated compatibility alias in the initial Go API; async Rust ownership and typed results, not C ABI",reference/go/docs/p00/api-inventory.csv; inventory review; no runtime conformance claim,R12:native:C:global:rados_ioctx_pool_requires_alignment:74a962d0f2ff,intentional-omission-r12
native:C:global:rados_ioctx_pool_requires_alignment2:1efb005d0904,rados_ioctx_pool_requires_alignment2,rados specialized object methods,Rust equivalent of rados specialized object methods; exact signature frozen in R02/owning phase,R11,port-behavior,completion of prior phases; see SPEC.md,"Context-aware Go values preserve native semantics with Go-owned inputs and results; async Rust ownership and typed results, not C ABI",reference/go/docs/p00/api-inventory.csv; P10 unit and live specialized object interoperability tests,R11:native:C:global:rados_ioctx_pool_requires_alignment2:1efb005d0904,implemented-r11
native:C:global:rados_ioctx_pool_set_auid:6408c1ee6347,rados_ioctx_pool_set_auid,none,Rust equivalent of none; exact signature frozen in R02/owning phase,R12,port-behavior,completion of prior phases; see SPEC.md,"No deprecated compatibility alias in the initial Go API; async Rust ownership and typed results, not C ABI",reference/go/docs/p00/api-inventory.csv; inventory review; no runtime conformance claim,R12:native:C:global:rados_ioctx_pool_set_auid:6408c1ee6347,intentional-omission-r12
native:C:global:rados_ioctx_pool_stat:53103aed44c7,rados_ioctx_pool_stat,rados.Client administrative methods,Rust equivalent of rados.Client administrative methods; exact signature frozen in R02/owning phase,R12,port-behavior,completion of prior phases; see SPEC.md,"Context-aware Go values preserve native semantics with Go-owned command and metadata results; async Rust ownership and typed results, not C ABI",reference/go/docs/p00/api-inventory.csv; P11 unit and live administrative interoperability tests,R12:native:C:global:rados_ioctx_pool_stat:53103aed44c7,implemented-r12
native:C:global:rados_ioctx_selfmanaged_snap_create:c52273953c38,rados_ioctx_selfmanaged_snap_create,rados snapshot methods and immutable snapshot views,Rust equivalent of rados snapshot methods and immutable snapshot views; exact signature frozen in R02/owning phase,R11,port-behavior,completion of prior phases; see SPEC.md,"Context-aware Go values preserve native semantics with Go-owned inputs and results; async Rust ownership and typed results, not C ABI",reference/go/docs/p00/api-inventory.csv; P10 unit and live snapshot and EC interoperability tests,R11:native:C:global:rados_ioctx_selfmanaged_snap_create:c52273953c38,implemented-r11
native:C:global:rados_ioctx_selfmanaged_snap_remove:550364dcb808,rados_ioctx_selfmanaged_snap_remove,rados snapshot methods and immutable snapshot views,Rust equivalent of rados snapshot methods and immutable snapshot views; exact signature frozen in R02/owning phase,R11,port-behavior,completion of prior phases; see SPEC.md,"Context-aware Go values preserve native semantics with Go-owned inputs and results; async Rust ownership and typed results, not C ABI",reference/go/docs/p00/api-inventory.csv; P10 unit and live snapshot and EC interoperability tests,R11:native:C:global:rados_ioctx_selfmanaged_snap_remove:550364dcb808,implemented-r11
native:C:global:rados_ioctx_selfmanaged_snap_rollback:27817a6c015c,rados_ioctx_selfmanaged_snap_rollback,rados snapshot methods and immutable snapshot views,Rust equivalent of rados snapshot methods and immutable snapshot views; exact signature frozen in R02/owning phase,R11,port-behavior,completion of prior phases; see SPEC.md,"Context-aware Go values preserve native semantics with Go-owned inputs and results; async Rust ownership and typed results, not C ABI",reference/go/docs/p00/api-inventory.csv; P10 unit and live snapshot and EC interoperability tests,R11:native:C:global:rados_ioctx_selfmanaged_snap_rollback:27817a6c015c,implemented-r11
native:C:global:rados_ioctx_selfmanaged_snap_set_write_ctx:e0f0efe5331a,rados_ioctx_selfmanaged_snap_set_write_ctx,rados snapshot methods and immutable snapshot views,Rust equivalent of rados snapshot methods and immutable snapshot views; exact signature frozen in R02/owning phase,R11,port-behavior,completion of prior phases; see SPEC.md,"Context-aware Go values preserve native semantics with Go-owned inputs and results; async Rust ownership and typed results, not C ABI",reference/go/docs/p00/api-inventory.csv; P10 unit and live snapshot and EC interoperability tests,R11:native:C:global:rados_ioctx_selfmanaged_snap_set_write_ctx:e0f0efe5331a,implemented-r11
native:C:global:rados_ioctx_set_namespace:5a35c7ee11c3,rados_ioctx_set_namespace,rados.Pool.WithNamespace / rados.Pool.WithLocator,Rust equivalent of rados.Pool.WithNamespace / rados.Pool.WithLocator; exact signature frozen in R02/owning phase,R06,port-behavior,completion of prior phases; see SPEC.md,"Immutable pool views replace mutable ioctx namespace and locator state; async Rust ownership and typed results, not C ABI",reference/go/docs/p00/api-inventory.csv; P05 unit and live placement tests,R06:native:C:global:rados_ioctx_set_namespace:5a35c7ee11c3,implemented-r07
native:C:global:rados_ioctx_snap_create:0a89a9a10497,rados_ioctx_snap_create,rados snapshot methods and immutable snapshot views,Rust equivalent of rados snapshot methods and immutable snapshot views; exact signature frozen in R02/owning phase,R11,port-behavior,completion of prior phases; see SPEC.md,"Context-aware Go values preserve native semantics with Go-owned inputs and results; async Rust ownership and typed results, not C ABI",reference/go/docs/p00/api-inventory.csv; P10 unit and live snapshot and EC interoperability tests,R11:native:C:global:rados_ioctx_snap_create:0a89a9a10497,implemented-r11
native:C:global:rados_ioctx_snap_get_name:91d12b2f1c5e,rados_ioctx_snap_get_name,rados snapshot methods and immutable snapshot views,Rust equivalent of rados snapshot methods and immutable snapshot views; exact signature frozen in R02/owning phase,R11,port-behavior,completion of prior phases; see SPEC.md,"Context-aware Go values preserve native semantics with Go-owned inputs and results; async Rust ownership and typed results, not C ABI",reference/go/docs/p00/api-inventory.csv; P10 unit and live snapshot and EC interoperability tests,R11:native:C:global:rados_ioctx_snap_get_name:91d12b2f1c5e,implemented-r11
native:C:global:rados_ioctx_snap_get_stamp:acf02a18cfc9,rados_ioctx_snap_get_stamp,rados snapshot methods and immutable snapshot views,Rust equivalent of rados snapshot methods and immutable snapshot views; exact signature frozen in R02/owning phase,R11,port-behavior,completion of prior phases; see SPEC.md,"Context-aware Go values preserve native semantics with Go-owned inputs and results; async Rust ownership and typed results, not C ABI",reference/go/docs/p00/api-inventory.csv; P10 unit and live snapshot and EC interoperability tests,R11:native:C:global:rados_ioctx_snap_get_stamp:acf02a18cfc9,implemented-r11
native:C:global:rados_ioctx_snap_list:5aece1ed37c8,rados_ioctx_snap_list,rados snapshot methods and immutable snapshot views,Rust equivalent of rados snapshot methods and immutable snapshot views; exact signature frozen in R02/owning phase,R11,port-behavior,completion of prior phases; see SPEC.md,"Context-aware Go values preserve native semantics with Go-owned inputs and results; async Rust ownership and typed results, not C ABI",reference/go/docs/p00/api-inventory.csv; P10 unit and live snapshot and EC interoperability tests,R11:native:C:global:rados_ioctx_snap_list:5aece1ed37c8,implemented-r11
native:C:global:rados_ioctx_snap_lookup:3f154c970867,rados_ioctx_snap_lookup,rados snapshot methods and immutable snapshot views,Rust equivalent of rados snapshot methods and immutable snapshot views; exact signature frozen in R02/owning phase,R11,port-behavior,completion of prior phases; see SPEC.md,"Context-aware Go values preserve native semantics with Go-owned inputs and results; async Rust ownership and typed results, not C ABI",reference/go/docs/p00/api-inventory.csv; P10 unit and live snapshot and EC interoperability tests,R11:native:C:global:rados_ioctx_snap_lookup:3f154c970867,implemented-r11
native:C:global:rados_ioctx_snap_remove:7d0a2e364835,rados_ioctx_snap_remove,rados snapshot methods and immutable snapshot views,Rust equivalent of rados snapshot methods and immutable snapshot views; exact signature frozen in R02/owning phase,R11,port-behavior,completion of prior phases; see SPEC.md,"Context-aware Go values preserve native semantics with Go-owned inputs and results; async Rust ownership and typed results, not C ABI",reference/go/docs/p00/api-inventory.csv; P10 unit and live snapshot and EC interoperability tests,R11:native:C:global:rados_ioctx_snap_remove:7d0a2e364835,implemented-r11
native:C:global:rados_ioctx_snap_rollback:f3f88ffe9f80,rados_ioctx_snap_rollback,rados snapshot methods and immutable snapshot views,Rust equivalent of rados snapshot methods and immutable snapshot views; exact signature frozen in R02/owning phase,R11,port-behavior,completion of prior phases; see SPEC.md,"Context-aware Go values preserve native semantics with Go-owned inputs and results; async Rust ownership and typed results, not C ABI",reference/go/docs/p00/api-inventory.csv; P10 unit and live snapshot and EC interoperability tests,R11:native:C:global:rados_ioctx_snap_rollback:f3f88ffe9f80,implemented-r11
native:C:global:rados_ioctx_snap_set_read:fee1d12dc1c5,rados_ioctx_snap_set_read,rados snapshot methods and immutable snapshot views,Rust equivalent of rados snapshot methods and immutable snapshot views; exact signature frozen in R02/owning phase,R11,port-behavior,completion of prior phases; see SPEC.md,"Context-aware Go values preserve native semantics with Go-owned inputs and results; async Rust ownership and typed results, not C ABI",reference/go/docs/p00/api-inventory.csv; P10 unit and live snapshot and EC interoperability tests,R11:native:C:global:rados_ioctx_snap_set_read:fee1d12dc1c5,implemented-r11
native:C:global:rados_list_lockers:fc8c608b02cc,rados_list_lockers,rados lock methods,Rust equivalent of rados lock methods; exact signature frozen in R02/owning phase,R10,port-behavior,completion of prior phases; see SPEC.md,"Unified context-aware Go calls preserve native semantics and use Go-owned results; async Rust ownership and typed results, not C ABI",reference/go/docs/p00/api-inventory.csv; P09 unit and live lock interoperability tests,R10:native:C:global:rados_list_lockers:fc8c608b02cc,implemented-r10
native:C:global:rados_lock_exclusive:a4e4ac86108d,rados_lock_exclusive,rados lock methods,Rust equivalent of rados lock methods; exact signature frozen in R02/owning phase,R10,port-behavior,completion of prior phases; see SPEC.md,"Unified context-aware Go calls preserve native semantics and use Go-owned results; async Rust ownership and typed results, not C ABI",reference/go/docs/p00/api-inventory.csv; P09 unit and live lock interoperability tests,R10:native:C:global:rados_lock_exclusive:a4e4ac86108d,implemented-r10
native:C:global:rados_lock_shared:5f0fa335dadd,rados_lock_shared,rados lock methods,Rust equivalent of rados lock methods; exact signature frozen in R02/owning phase,R10,port-behavior,completion of prior phases; see SPEC.md,"Unified context-aware Go calls preserve native semantics and use Go-owned results; async Rust ownership and typed results, not C ABI",reference/go/docs/p00/api-inventory.csv; P09 unit and live lock interoperability tests,R10:native:C:global:rados_lock_shared:5f0fa335dadd,implemented-r10
native:C:global:rados_mgr_command:651275b4fc5d,rados_mgr_command,rados.Client administrative methods,Rust equivalent of rados.Client administrative methods; exact signature frozen in R02/owning phase,R12,port-behavior,completion of prior phases; see SPEC.md,"Context-aware Go values preserve native semantics with Go-owned command and metadata results; async Rust ownership and typed results, not C ABI",reference/go/docs/p00/api-inventory.csv; P11 unit and live administrative interoperability tests,R12:native:C:global:rados_mgr_command:651275b4fc5d,implemented-r12
native:C:global:rados_mgr_command_target:507c788abc73,rados_mgr_command_target,rados.Client administrative methods,Rust equivalent of rados.Client administrative methods; exact signature frozen in R02/owning phase,R12,port-behavior,completion of prior phases; see SPEC.md,"Not exposed by the certified P11 Go contract; async Rust ownership and typed results, not C ABI",reference/go/docs/p00/api-inventory.csv; P11 API inventory review; no runtime conformance claim,R12:native:C:global:rados_mgr_command_target:507c788abc73,intentional-omission-r12
native:C:global:rados_mon_command:6deff2f023ef,rados_mon_command,rados.Client administrative methods,Rust equivalent of rados.Client administrative methods; exact signature frozen in R02/owning phase,R12,port-behavior,completion of prior phases; see SPEC.md,"Context-aware Go values preserve native semantics with Go-owned command and metadata results; async Rust ownership and typed results, not C ABI",reference/go/docs/p00/api-inventory.csv; P11 unit and live administrative interoperability tests,R12:native:C:global:rados_mon_command:6deff2f023ef,implemented-r12
native:C:global:rados_mon_command_target:ac90ed26255f,rados_mon_command_target,rados.Client administrative methods,Rust equivalent of rados.Client administrative methods; exact signature frozen in R02/owning phase,R12,port-behavior,completion of prior phases; see SPEC.md,"Not exposed by the certified P11 Go contract; async Rust ownership and typed results, not C ABI",reference/go/docs/p00/api-inventory.csv; P11 API inventory review; no runtime conformance claim,R12:native:C:global:rados_mon_command_target:ac90ed26255f,intentional-omission-r12
native:C:global:rados_monitor_log:ac03752bafe8,rados_monitor_log,none,Rust equivalent of none; exact signature frozen in R02/owning phase,R12,inherit-native-disposition,completion of prior phases; see SPEC.md,"Outside the v1 scope defined by SPEC.md; async Rust ownership and typed results, not C ABI",reference/go/docs/p00/api-inventory.csv; future explicit qualification,R12:native:C:global:rados_monitor_log:ac03752bafe8,deferred-r12
native:C:global:rados_monitor_log2:b8208bd7ed88,rados_monitor_log2,none,Rust equivalent of none; exact signature frozen in R02/owning phase,R12,inherit-native-disposition,completion of prior phases; see SPEC.md,"Outside the v1 scope defined by SPEC.md; async Rust ownership and typed results, not C ABI",reference/go/docs/p00/api-inventory.csv; future explicit qualification,R12:native:C:global:rados_monitor_log2:b8208bd7ed88,deferred-r12
native:C:global:rados_nobjects_list_close:04203d52c666,rados_nobjects_list_close,rados object iterator and cursor,Rust equivalent of rados object iterator and cursor; exact signature frozen in R02/owning phase,R09,port-behavior,completion of prior phases; see SPEC.md,"Go values, pages, and builders replace native iterator and allocation lifetimes; async Rust ownership and typed results, not C ABI","reference/go/docs/p00/api-inventory.csv; P08 ownership, pagination, and builder lifecycle tests",R09:native:C:global:rados_nobjects_list_close:04203d52c666,implemented-r09
native:C:global:rados_nobjects_list_get_cursor:3a951ada5514,rados_nobjects_list_get_cursor,rados object iterator and cursor,Rust equivalent of rados object iterator and cursor; exact signature frozen in R02/owning phase,R09,port-behavior,completion of prior phases; see SPEC.md,"Context-aware Go values, pages, and builders preserve the operation semantics; async Rust ownership and typed results, not C ABI","reference/go/docs/p00/api-inventory.csv; P08 unit and live metadata, compound, enumeration, and map-change tests",R09:native:C:global:rados_nobjects_list_get_cursor:3a951ada5514,implemented-r09
native:C:global:rados_nobjects_list_get_pg_hash_position:ecf553859ff5,rados_nobjects_list_get_pg_hash_position,rados object iterator and cursor,Rust equivalent of rados object iterator and cursor; exact signature frozen in R02/owning phase,R09,port-behavior,completion of prior phases; see SPEC.md,"Not exposed by the certified P08 Go contract; async Rust ownership and typed results, not C ABI",reference/go/docs/p00/api-inventory.csv; P08 API inventory review; no runtime conformance claim,R09:native:C:global:rados_nobjects_list_get_pg_hash_position:ecf553859ff5,planned-not-implemented
native:C:global:rados_nobjects_list_next:0b1af5278991,rados_nobjects_list_next,rados object iterator and cursor,Rust equivalent of rados object iterator and cursor; exact signature frozen in R02/owning phase,R09,port-behavior,completion of prior phases; see SPEC.md,"Go values, pages, and builders replace native iterator and allocation lifetimes; async Rust ownership and typed results, not C ABI","reference/go/docs/p00/api-inventory.csv; P08 ownership, pagination, and builder lifecycle tests",R09:native:C:global:rados_nobjects_list_next:0b1af5278991,implemented-r09
native:C:global:rados_nobjects_list_next2:06be7d9e7f91,rados_nobjects_list_next2,rados object iterator and cursor,Rust equivalent of rados object iterator and cursor; exact signature frozen in R02/owning phase,R09,port-behavior,completion of prior phases; see SPEC.md,"Go values, pages, and builders replace native iterator and allocation lifetimes; async Rust ownership and typed results, not C ABI","reference/go/docs/p00/api-inventory.csv; P08 ownership, pagination, and builder lifecycle tests",R09:native:C:global:rados_nobjects_list_next2:06be7d9e7f91,implemented-r09
native:C:global:rados_nobjects_list_open:809ee3c4bfbb,rados_nobjects_list_open,rados object iterator and cursor,Rust equivalent of rados object iterator and cursor; exact signature frozen in R02/owning phase,R09,port-behavior,completion of prior phases; see SPEC.md,"Context-aware Go values, pages, and builders preserve the operation semantics; async Rust ownership and typed results, not C ABI","reference/go/docs/p00/api-inventory.csv; P08 unit and live metadata, compound, enumeration, and map-change tests",R09:native:C:global:rados_nobjects_list_open:809ee3c4bfbb,implemented-r09
native:C:global:rados_nobjects_list_seek:f4a0964d6a7b,rados_nobjects_list_seek,rados object iterator and cursor,Rust equivalent of rados object iterator and cursor; exact signature frozen in R02/owning phase,R09,port-behavior,completion of prior phases; see SPEC.md,"Context-aware Go values, pages, and builders preserve the operation semantics; async Rust ownership and typed results, not C ABI","reference/go/docs/p00/api-inventory.csv; P08 unit and live metadata, compound, enumeration, and map-change tests",R09:native:C:global:rados_nobjects_list_seek:f4a0964d6a7b,implemented-r09
native:C:global:rados_nobjects_list_seek_cursor:c3287914736a,rados_nobjects_list_seek_cursor,rados object iterator and cursor,Rust equivalent of rados object iterator and cursor; exact signature frozen in R02/owning phase,R09,port-behavior,completion of prior phases; see SPEC.md,"Context-aware Go values, pages, and builders preserve the operation semantics; async Rust ownership and typed results, not C ABI","reference/go/docs/p00/api-inventory.csv; P08 unit and live metadata, compound, enumeration, and map-change tests",R09:native:C:global:rados_nobjects_list_seek_cursor:c3287914736a,implemented-r09
native:C:global:rados_notify:a647c63751e3,rados_notify,none,Rust equivalent of none; exact signature frozen in R02/owning phase,R12,port-behavior,completion of prior phases; see SPEC.md,"No deprecated compatibility alias in the initial Go API; async Rust ownership and typed results, not C ABI",reference/go/docs/p00/api-inventory.csv; inventory review; no runtime conformance claim,R12:native:C:global:rados_notify:a647c63751e3,intentional-omission-r12
native:C:global:rados_notify2:e7e149edb4c2,rados_notify2,rados.Watch and notify methods,Rust equivalent of rados.Watch and notify methods; exact signature frozen in R02/owning phase,R10,port-behavior,completion of prior phases; see SPEC.md,"Unified context-aware Go calls preserve native semantics and use Go-owned results; async Rust ownership and typed results, not C ABI",reference/go/docs/p00/api-inventory.csv; P09 unit and live watch/notify interoperability tests,R10:native:C:global:rados_notify2:e7e149edb4c2,implemented-r10
native:C:global:rados_notify_ack:cc3a2e08392b,rados_notify_ack,rados.Watch and notify methods,Rust equivalent of rados.Watch and notify methods; exact signature frozen in R02/owning phase,R10,port-behavior,completion of prior phases; see SPEC.md,"Unified context-aware Go calls preserve native semantics and use Go-owned results; async Rust ownership and typed results, not C ABI",reference/go/docs/p00/api-inventory.csv; P09 unit and live watch/notify interoperability tests,R10:native:C:global:rados_notify_ack:cc3a2e08392b,implemented-r10
native:C:global:rados_object_list:c687ae0d7823,rados_object_list,rados object iterator and cursor,Rust equivalent of rados object iterator and cursor; exact signature frozen in R02/owning phase,R09,port-behavior,completion of prior phases; see SPEC.md,"Context-aware Go values, pages, and builders preserve the operation semantics; async Rust ownership and typed results, not C ABI","reference/go/docs/p00/api-inventory.csv; P08 unit and live metadata, compound, enumeration, and map-change tests",R09:native:C:global:rados_object_list:c687ae0d7823,implemented-r09
native:C:global:rados_object_list_begin:10100753de27,rados_object_list_begin,rados object iterator and cursor,Rust equivalent of rados object iterator and cursor; exact signature frozen in R02/owning phase,R09,port-behavior,completion of prior phases; see SPEC.md,"Context-aware Go values, pages, and builders preserve the operation semantics; async Rust ownership and typed results, not C ABI","reference/go/docs/p00/api-inventory.csv; P08 unit and live metadata, compound, enumeration, and map-change tests",R09:native:C:global:rados_object_list_begin:10100753de27,implemented-r09
native:C:global:rados_object_list_cursor_cmp:8f856128c877,rados_object_list_cursor_cmp,rados object iterator and cursor,Rust equivalent of rados object iterator and cursor; exact signature frozen in R02/owning phase,R09,port-behavior,completion of prior phases; see SPEC.md,"Context-aware Go values, pages, and builders preserve the operation semantics; async Rust ownership and typed results, not C ABI","reference/go/docs/p00/api-inventory.csv; P08 unit and live metadata, compound, enumeration, and map-change tests",R09:native:C:global:rados_object_list_cursor_cmp:8f856128c877,implemented-r09
native:C:global:rados_object_list_cursor_free:34647734f9af,rados_object_list_cursor_free,rados object iterator and cursor,Rust equivalent of rados object iterator and cursor; exact signature frozen in R02/owning phase,R09,port-behavior,completion of prior phases; see SPEC.md,"Go values, pages, and builders replace native iterator and allocation lifetimes; async Rust ownership and typed results, not C ABI","reference/go/docs/p00/api-inventory.csv; P08 ownership, pagination, and builder lifecycle tests",R09:native:C:global:rados_object_list_cursor_free:34647734f9af,implemented-r09
native:C:global:rados_object_list_end:a22983d4bc3f,rados_object_list_end,rados object iterator and cursor,Rust equivalent of rados object iterator and cursor; exact signature frozen in R02/owning phase,R09,port-behavior,completion of prior phases; see SPEC.md,"Go values, pages, and builders replace native iterator and allocation lifetimes; async Rust ownership and typed results, not C ABI","reference/go/docs/p00/api-inventory.csv; P08 ownership, pagination, and builder lifecycle tests",R09:native:C:global:rados_object_list_end:a22983d4bc3f,implemented-r09
native:C:global:rados_object_list_free:dc08ee77b41c,rados_object_list_free,rados object iterator and cursor,Rust equivalent of rados object iterator and cursor; exact signature frozen in R02/owning phase,R09,port-behavior,completion of prior phases; see SPEC.md,"Go values, pages, and builders replace native iterator and allocation lifetimes; async Rust ownership and typed results, not C ABI","reference/go/docs/p00/api-inventory.csv; P08 ownership, pagination, and builder lifecycle tests",R09:native:C:global:rados_object_list_free:dc08ee77b41c,implemented-r09
native:C:global:rados_object_list_is_end:1efe11d9a136,rados_object_list_is_end,rados object iterator and cursor,Rust equivalent of rados object iterator and cursor; exact signature frozen in R02/owning phase,R09,port-behavior,completion of prior phases; see SPEC.md,"Go values, pages, and builders replace native iterator and allocation lifetimes; async Rust ownership and typed results, not C ABI","reference/go/docs/p00/api-inventory.csv; P08 ownership, pagination, and builder lifecycle tests",R09:native:C:global:rados_object_list_is_end:1efe11d9a136,implemented-r09
native:C:global:rados_object_list_slice:c456b83335a2,rados_object_list_slice,rados object iterator and cursor,Rust equivalent of rados object iterator and cursor; exact signature frozen in R02/owning phase,R09,port-behavior,completion of prior phases; see SPEC.md,"Context-aware Go values, pages, and builders preserve the operation semantics; async Rust ownership and typed results, not C ABI","reference/go/docs/p00/api-inventory.csv; P08 unit and live metadata, compound, enumeration, and map-change tests",R09:native:C:global:rados_object_list_slice:c456b83335a2,implemented-r09
native:C:global:rados_objects_list_close:41d5832530c5,rados_objects_list_close,none,Rust equivalent of none; exact signature frozen in R02/owning phase,R12,port-behavior,completion of prior phases; see SPEC.md,"No deprecated compatibility alias in the initial Go API; async Rust ownership and typed results, not C ABI",reference/go/docs/p00/api-inventory.csv; inventory review; no runtime conformance claim,R12:native:C:global:rados_objects_list_close:41d5832530c5,intentional-omission-r12
native:C:global:rados_objects_list_get_pg_hash_position:b0c70086ff75,rados_objects_list_get_pg_hash_position,none,Rust equivalent of none; exact signature frozen in R02/owning phase,R12,port-behavior,completion of prior phases; see SPEC.md,"No deprecated compatibility alias in the initial Go API; async Rust ownership and typed results, not C ABI",reference/go/docs/p00/api-inventory.csv; inventory review; no runtime conformance claim,R12:native:C:global:rados_objects_list_get_pg_hash_position:b0c70086ff75,intentional-omission-r12
native:C:global:rados_objects_list_next:1dbee443559c,rados_objects_list_next,none,Rust equivalent of none; exact signature frozen in R02/owning phase,R12,port-behavior,completion of prior phases; see SPEC.md,"No deprecated compatibility alias in the initial Go API; async Rust ownership and typed results, not C ABI",reference/go/docs/p00/api-inventory.csv; inventory review; no runtime conformance claim,R12:native:C:global:rados_objects_list_next:1dbee443559c,intentional-omission-r12
native:C:global:rados_objects_list_open:174cf868c791,rados_objects_list_open,none,Rust equivalent of none; exact signature frozen in R02/owning phase,R12,port-behavior,completion of prior phases; see SPEC.md,"No deprecated compatibility alias in the initial Go API; async Rust ownership and typed results, not C ABI",reference/go/docs/p00/api-inventory.csv; inventory review; no runtime conformance claim,R12:native:C:global:rados_objects_list_open:174cf868c791,intentional-omission-r12
native:C:global:rados_objects_list_seek:a511592dfb3d,rados_objects_list_seek,none,Rust equivalent of none; exact signature frozen in R02/owning phase,R12,port-behavior,completion of prior phases; see SPEC.md,"No deprecated compatibility alias in the initial Go API; async Rust ownership and typed results, not C ABI",reference/go/docs/p00/api-inventory.csv; inventory review; no runtime conformance claim,R12:native:C:global:rados_objects_list_seek:a511592dfb3d,intentional-omission-r12
native:C:global:rados_omap_get_end:f98c7cc5c181,rados_omap_get_end,rados metadata methods / operation builders,Rust equivalent of rados metadata methods / operation builders; exact signature frozen in R02/owning phase,R09,port-behavior,completion of prior phases; see SPEC.md,"Go values, pages, and builders replace native iterator and allocation lifetimes; async Rust ownership and typed results, not C ABI","reference/go/docs/p00/api-inventory.csv; P08 ownership, pagination, and builder lifecycle tests",R09:native:C:global:rados_omap_get_end:f98c7cc5c181,implemented-r09
native:C:global:rados_omap_get_next:a7fba9a618f4,rados_omap_get_next,rados metadata methods / operation builders,Rust equivalent of rados metadata methods / operation builders; exact signature frozen in R02/owning phase,R09,port-behavior,completion of prior phases; see SPEC.md,"Go values, pages, and builders replace native iterator and allocation lifetimes; async Rust ownership and typed results, not C ABI","reference/go/docs/p00/api-inventory.csv; P08 ownership, pagination, and builder lifecycle tests",R09:native:C:global:rados_omap_get_next:a7fba9a618f4,implemented-r09
native:C:global:rados_omap_get_next2:129fa0abe935,rados_omap_get_next2,rados metadata methods / operation builders,Rust equivalent of rados metadata methods / operation builders; exact signature frozen in R02/owning phase,R09,port-behavior,completion of prior phases; see SPEC.md,"Go values, pages, and builders replace native iterator and allocation lifetimes; async Rust ownership and typed results, not C ABI","reference/go/docs/p00/api-inventory.csv; P08 ownership, pagination, and builder lifecycle tests",R09:native:C:global:rados_omap_get_next2:129fa0abe935,implemented-r09
native:C:global:rados_omap_iter_size:f175a68fa205,rados_omap_iter_size,rados metadata methods / operation builders,Rust equivalent of rados metadata methods / operation builders; exact signature frozen in R02/owning phase,R09,port-behavior,completion of prior phases; see SPEC.md,"Context-aware Go values, pages, and builders preserve the operation semantics; async Rust ownership and typed results, not C ABI","reference/go/docs/p00/api-inventory.csv; P08 unit and live metadata, compound, enumeration, and map-change tests",R09:native:C:global:rados_omap_iter_size:f175a68fa205,implemented-r09
native:C:global:rados_osd_command:1d42bd14153b,rados_osd_command,rados.Client administrative methods,Rust equivalent of rados.Client administrative methods; exact signature frozen in R02/owning phase,R12,port-behavior,completion of prior phases; see SPEC.md,"Context-aware Go values preserve native semantics with Go-owned command and metadata results; async Rust ownership and typed results, not C ABI",reference/go/docs/p00/api-inventory.csv; P11 unit and live administrative interoperability tests,R12:native:C:global:rados_osd_command:1d42bd14153b,implemented-r12
native:C:global:rados_pg_command:7a93ff02e8c0,rados_pg_command,rados.Client administrative methods,Rust equivalent of rados.Client administrative methods; exact signature frozen in R02/owning phase,R12,port-behavior,completion of prior phases; see SPEC.md,"Context-aware Go values preserve native semantics with Go-owned command and metadata results; async Rust ownership and typed results, not C ABI",reference/go/docs/p00/api-inventory.csv; P11 unit and live administrative interoperability tests,R12:native:C:global:rados_pg_command:7a93ff02e8c0,implemented-r12
native:C:global:rados_ping_monitor:709dc634c65e,rados_ping_monitor,none,Rust equivalent of none; exact signature frozen in R02/owning phase,R05,port-behavior,completion of prior phases; see SPEC.md,"No distinct v1 behavior requires this native diagnostic or explicit map wait; async Rust ownership and typed results, not C ABI",reference/go/docs/p00/api-inventory.csv; P04 API inventory review; no runtime conformance claim,R05:native:C:global:rados_ping_monitor:709dc634c65e,planned-not-implemented
native:C:global:rados_pool_create:8fd55aefb99c,rados_pool_create,rados.Client administrative methods,Rust equivalent of rados.Client administrative methods; exact signature frozen in R02/owning phase,R12,port-behavior,completion of prior phases; see SPEC.md,"Context-aware Go values preserve native semantics with Go-owned command and metadata results; async Rust ownership and typed results, not C ABI",reference/go/docs/p00/api-inventory.csv; P11 unit and live administrative interoperability tests,R12:native:C:global:rados_pool_create:8fd55aefb99c,implemented-r12
native:C:global:rados_pool_create_with_all:2bbe3677553b,rados_pool_create_with_all,none,Rust equivalent of none; exact signature frozen in R02/owning phase,R12,port-behavior,completion of prior phases; see SPEC.md,"No deprecated compatibility alias in the initial Go API; async Rust ownership and typed results, not C ABI",reference/go/docs/p00/api-inventory.csv; inventory review; no runtime conformance claim,R12:native:C:global:rados_pool_create_with_all:2bbe3677553b,intentional-omission-r12
native:C:global:rados_pool_create_with_auid:e8e71c8045b8,rados_pool_create_with_auid,none,Rust equivalent of none; exact signature frozen in R02/owning phase,R12,port-behavior,completion of prior phases; see SPEC.md,"No deprecated compatibility alias in the initial Go API; async Rust ownership and typed results, not C ABI",reference/go/docs/p00/api-inventory.csv; inventory review; no runtime conformance claim,R12:native:C:global:rados_pool_create_with_auid:e8e71c8045b8,intentional-omission-r12
native:C:global:rados_pool_create_with_crush_rule:4e1a31029720,rados_pool_create_with_crush_rule,rados.Client administrative methods,Rust equivalent of rados.Client administrative methods; exact signature frozen in R02/owning phase,R12,port-behavior,completion of prior phases; see SPEC.md,"Not exposed by the certified P11 Go contract; async Rust ownership and typed results, not C ABI",reference/go/docs/p00/api-inventory.csv; P11 API inventory review; no runtime conformance claim,R12:native:C:global:rados_pool_create_with_crush_rule:4e1a31029720,intentional-omission-r12
native:C:global:rados_pool_delete:dfce924f6770,rados_pool_delete,rados.Client administrative methods,Rust equivalent of rados.Client administrative methods; exact signature frozen in R02/owning phase,R12,port-behavior,completion of prior phases; see SPEC.md,"Context-aware Go values preserve native semantics with Go-owned command and metadata results; async Rust ownership and typed results, not C ABI",reference/go/docs/p00/api-inventory.csv; P11 unit and live administrative interoperability tests,R12:native:C:global:rados_pool_delete:dfce924f6770,implemented-r12
native:C:global:rados_pool_get_base_tier:a1ddf22970e5,rados_pool_get_base_tier,none,Rust equivalent of none; exact signature frozen in R02/owning phase,R12,inherit-native-disposition,completion of prior phases; see SPEC.md,"Outside the v1 scope defined by SPEC.md; async Rust ownership and typed results, not C ABI",reference/go/docs/p00/api-inventory.csv; future explicit qualification,R12:native:C:global:rados_pool_get_base_tier:a1ddf22970e5,deferred-r12
native:C:global:rados_pool_list:58466e0c0a89,rados_pool_list,rados.Client pool/map discovery methods,Rust equivalent of rados.Client pool/map discovery methods; exact signature frozen in R02/owning phase,R05,port-behavior,completion of prior phases; see SPEC.md,"Context-aware discovery returns Go-owned values and immutable pool views; async Rust ownership and typed results, not C ABI",reference/go/docs/p00/api-inventory.csv; P04 unit and live discovery tests,R05:native:C:global:rados_pool_list:58466e0c0a89,planned-not-implemented
native:C:global:rados_pool_lookup:7d35505df603,rados_pool_lookup,rados.Client pool/map discovery methods,Rust equivalent of rados.Client pool/map discovery methods; exact signature frozen in R02/owning phase,R05,port-behavior,completion of prior phases; see SPEC.md,"Context-aware discovery returns Go-owned values and immutable pool views; async Rust ownership and typed results, not C ABI",reference/go/docs/p00/api-inventory.csv; P04 unit and live discovery tests,R05:native:C:global:rados_pool_lookup:7d35505df603,planned-not-implemented
native:C:global:rados_pool_reverse_lookup:9e9db096ac9b,rados_pool_reverse_lookup,rados.Client pool/map discovery methods,Rust equivalent of rados.Client pool/map discovery methods; exact signature frozen in R02/owning phase,R05,port-behavior,completion of prior phases; see SPEC.md,"Context-aware discovery returns Go-owned values and immutable pool views; async Rust ownership and typed results, not C ABI",reference/go/docs/p00/api-inventory.csv; P04 unit and live discovery tests,R05:native:C:global:rados_pool_reverse_lookup:9e9db096ac9b,planned-not-implemented
native:C:global:rados_read:eaee45a604bd,rados_read,rados.ObjectRef.Read / rados.ObjectRef.Stat,Rust equivalent of rados.ObjectRef.Read / rados.ObjectRef.Stat; exact signature frozen in R02/owning phase,R07,port-behavior,completion of prior phases; see SPEC.md,"Context-aware reads return Go-owned data and ObjectInfo; async Rust ownership and typed results, not C ABI",reference/go/docs/p00/api-inventory.csv; P06 unit and live read/stat tests,R07:native:C:global:rados_read:eaee45a604bd,implemented-r07
native:C:global:rados_read_op_assert_exists:5334107ca296,rados_read_op_assert_exists,rados.ReadOp / rados.WriteOp,Rust equivalent of rados.ReadOp / rados.WriteOp; exact signature frozen in R02/owning phase,R09,port-behavior,completion of prior phases; see SPEC.md,"Context-aware Go values, pages, and builders preserve the operation semantics; async Rust ownership and typed results, not C ABI","reference/go/docs/p00/api-inventory.csv; P08 unit and live metadata, compound, enumeration, and map-change tests",R09:native:C:global:rados_read_op_assert_exists:5334107ca296,implemented-r09
native:C:global:rados_read_op_assert_version:627fc60d9c45,rados_read_op_assert_version,rados.ReadOp / rados.WriteOp,Rust equivalent of rados.ReadOp / rados.WriteOp; exact signature frozen in R02/owning phase,R09,port-behavior,completion of prior phases; see SPEC.md,"Context-aware Go values, pages, and builders preserve the operation semantics; async Rust ownership and typed results, not C ABI","reference/go/docs/p00/api-inventory.csv; P08 unit and live metadata, compound, enumeration, and map-change tests",R09:native:C:global:rados_read_op_assert_version:627fc60d9c45,implemented-r09
native:C:global:rados_read_op_checksum:3f34db89395a,rados_read_op_checksum,rados specialized object methods,Rust equivalent of rados specialized object methods; exact signature frozen in R02/owning phase,R11,port-behavior,completion of prior phases; see SPEC.md,"Context-aware Go values preserve native semantics with Go-owned inputs and results; async Rust ownership and typed results, not C ABI",reference/go/docs/p00/api-inventory.csv; P10 unit and live specialized object interoperability tests,R11:native:C:global:rados_read_op_checksum:3f34db89395a,implemented-r11
native:C:global:rados_read_op_cmpext:7a24bc4b5260,rados_read_op_cmpext,rados.ReadOp / rados.WriteOp,Rust equivalent of rados.ReadOp / rados.WriteOp; exact signature frozen in R02/owning phase,R09,port-behavior,completion of prior phases; see SPEC.md,"Not exposed by the certified P08 Go contract; async Rust ownership and typed results, not C ABI",reference/go/docs/p00/api-inventory.csv; P08 API inventory review; no runtime conformance claim,R09:native:C:global:rados_read_op_cmpext:7a24bc4b5260,planned-not-implemented
native:C:global:rados_read_op_cmpxattr:50b468eb6d69,rados_read_op_cmpxattr,rados metadata methods / operation builders,Rust equivalent of rados metadata methods / operation builders; exact signature frozen in R02/owning phase,R09,port-behavior,completion of prior phases; see SPEC.md,"Not exposed by the certified P08 Go contract; async Rust ownership and typed results, not C ABI",reference/go/docs/p00/api-inventory.csv; P08 API inventory review; no runtime conformance claim,R09:native:C:global:rados_read_op_cmpxattr:50b468eb6d69,planned-not-implemented
native:C:global:rados_read_op_exec:987e7b5c5e4c,rados_read_op_exec,rados class execution methods,Rust equivalent of rados class execution methods; exact signature frozen in R02/owning phase,R10,port-behavior,completion of prior phases; see SPEC.md,"Unified context-aware Go calls preserve native semantics and use Go-owned results; async Rust ownership and typed results, not C ABI",reference/go/docs/p00/api-inventory.csv; P09 unit and live class/lock/watch interoperability tests,R10:native:C:global:rados_read_op_exec:987e7b5c5e4c,implemented-r10
native:C:global:rados_read_op_exec_user_buf:fefd66b44f05,rados_read_op_exec_user_buf,rados class execution methods,Rust equivalent of rados class execution methods; exact signature frozen in R02/owning phase,R10,port-behavior,completion of prior phases; see SPEC.md,"Unified context-aware Go calls preserve native semantics and use Go-owned results; async Rust ownership and typed results, not C ABI",reference/go/docs/p00/api-inventory.csv; P09 unit and live class/lock/watch interoperability tests,R10:native:C:global:rados_read_op_exec_user_buf:fefd66b44f05,implemented-r10
native:C:global:rados_read_op_getxattrs:e8960c91aeb4,rados_read_op_getxattrs,rados metadata methods / operation builders,Rust equivalent of rados metadata methods / operation builders; exact signature frozen in R02/owning phase,R09,port-behavior,completion of prior phases; see SPEC.md,"Context-aware Go values, pages, and builders preserve the operation semantics; async Rust ownership and typed results, not C ABI","reference/go/docs/p00/api-inventory.csv; P08 unit and live metadata, compound, enumeration, and map-change tests",R09:native:C:global:rados_read_op_getxattrs:e8960c91aeb4,implemented-r09
native:C:global:rados_read_op_omap_cmp:d1bef0a10cc6,rados_read_op_omap_cmp,rados metadata methods / operation builders,Rust equivalent of rados metadata methods / operation builders; exact signature frozen in R02/owning phase,R09,port-behavior,completion of prior phases; see SPEC.md,"Not exposed by the certified P08 Go contract; async Rust ownership and typed results, not C ABI",reference/go/docs/p00/api-inventory.csv; P08 API inventory review; no runtime conformance claim,R09:native:C:global:rados_read_op_omap_cmp:d1bef0a10cc6,planned-not-implemented
native:C:global:rados_read_op_omap_cmp2:b70fa477611d,rados_read_op_omap_cmp2,rados metadata methods / operation builders,Rust equivalent of rados metadata methods / operation builders; exact signature frozen in R02/owning phase,R09,port-behavior,completion of prior phases; see SPEC.md,"Not exposed by the certified P08 Go contract; async Rust ownership and typed results, not C ABI",reference/go/docs/p00/api-inventory.csv; P08 API inventory review; no runtime conformance claim,R09:native:C:global:rados_read_op_omap_cmp2:b70fa477611d,planned-not-implemented
native:C:global:rados_read_op_omap_get_keys:ffa0e1398635,rados_read_op_omap_get_keys,none,Rust equivalent of none; exact signature frozen in R02/owning phase,R12,port-behavior,completion of prior phases; see SPEC.md,"No deprecated compatibility alias in the initial Go API; async Rust ownership and typed results, not C ABI",reference/go/docs/p00/api-inventory.csv; inventory review; no runtime conformance claim,R12:native:C:global:rados_read_op_omap_get_keys:ffa0e1398635,intentional-omission-r12
native:C:global:rados_read_op_omap_get_keys2:d1942d4cb6c0,rados_read_op_omap_get_keys2,rados metadata methods / operation builders,Rust equivalent of rados metadata methods / operation builders; exact signature frozen in R02/owning phase,R09,port-behavior,completion of prior phases; see SPEC.md,"Context-aware Go values, pages, and builders preserve the operation semantics; async Rust ownership and typed results, not C ABI","reference/go/docs/p00/api-inventory.csv; P08 unit and live metadata, compound, enumeration, and map-change tests",R09:native:C:global:rados_read_op_omap_get_keys2:d1942d4cb6c0,planned-not-implemented
native:C:global:rados_read_op_omap_get_vals:4c0423b29fb3,rados_read_op_omap_get_vals,none,Rust equivalent of none; exact signature frozen in R02/owning phase,R12,port-behavior,completion of prior phases; see SPEC.md,"No deprecated compatibility alias in the initial Go API; async Rust ownership and typed results, not C ABI",reference/go/docs/p00/api-inventory.csv; inventory review; no runtime conformance claim,R12:native:C:global:rados_read_op_omap_get_vals:4c0423b29fb3,intentional-omission-r12
native:C:global:rados_read_op_omap_get_vals2:c2c2566591dd,rados_read_op_omap_get_vals2,rados metadata methods / operation builders,Rust equivalent of rados metadata methods / operation builders; exact signature frozen in R02/owning phase,R09,port-behavior,completion of prior phases; see SPEC.md,"Context-aware Go values, pages, and builders preserve the operation semantics; async Rust ownership and typed results, not C ABI","reference/go/docs/p00/api-inventory.csv; P08 unit and live metadata, compound, enumeration, and map-change tests",R09:native:C:global:rados_read_op_omap_get_vals2:c2c2566591dd,implemented-r09
native:C:global:rados_read_op_omap_get_vals_by_keys:dbb15c1f63d3,rados_read_op_omap_get_vals_by_keys,rados metadata methods / operation builders,Rust equivalent of rados metadata methods / operation builders; exact signature frozen in R02/owning phase,R09,port-behavior,completion of prior phases; see SPEC.md,"Context-aware Go values, pages, and builders preserve the operation semantics; async Rust ownership and typed results, not C ABI","reference/go/docs/p00/api-inventory.csv; P08 unit and live metadata, compound, enumeration, and map-change tests",R09:native:C:global:rados_read_op_omap_get_vals_by_keys:dbb15c1f63d3,implemented-r09
native:C:global:rados_read_op_omap_get_vals_by_keys2:1a3e774d720b,rados_read_op_omap_get_vals_by_keys2,rados metadata methods / operation builders,Rust equivalent of rados metadata methods / operation builders; exact signature frozen in R02/owning phase,R09,port-behavior,completion of prior phases; see SPEC.md,"Context-aware Go values, pages, and builders preserve the operation semantics; async Rust ownership and typed results, not C ABI","reference/go/docs/p00/api-inventory.csv; P08 unit and live metadata, compound, enumeration, and map-change tests",R09:native:C:global:rados_read_op_omap_get_vals_by_keys2:1a3e774d720b,implemented-r09
native:C:global:rados_read_op_operate:2c02d535f6ca,rados_read_op_operate,rados.ReadOp / rados.WriteOp,Rust equivalent of rados.ReadOp / rados.WriteOp; exact signature frozen in R02/owning phase,R09,port-behavior,completion of prior phases; see SPEC.md,"Context-aware Go values, pages, and builders preserve the operation semantics; async Rust ownership and typed results, not C ABI","reference/go/docs/p00/api-inventory.csv; P08 unit and live metadata, compound, enumeration, and map-change tests",R09:native:C:global:rados_read_op_operate:2c02d535f6ca,implemented-r09
native:C:global:rados_read_op_read:1e7d01090d96,rados_read_op_read,rados.ReadOp / rados.WriteOp,Rust equivalent of rados.ReadOp / rados.WriteOp; exact signature frozen in R02/owning phase,R09,port-behavior,completion of prior phases; see SPEC.md,"Context-aware Go values, pages, and builders preserve the operation semantics; async Rust ownership and typed results, not C ABI","reference/go/docs/p00/api-inventory.csv; P08 unit and live metadata, compound, enumeration, and map-change tests",R09:native:C:global:rados_read_op_read:1e7d01090d96,implemented-r09
native:C:global:rados_read_op_set_flags:ebee62c4584c,rados_read_op_set_flags,rados.ReadOp.SetFlags,Rust equivalent of rados.ReadOp.SetFlags; exact signature frozen in R02/owning phase,R09,port-behavior,replicated pools on certified Ceph 20.2.4,"Exposes the qualified FAILOK sub-operation flag; rejects unknown flags; async Rust ownership and typed results, not C ABI",reference/go/docs/p00/api-inventory.csv; P08 unit and live compound FAILOK tests,R09:native:C:global:rados_read_op_set_flags:ebee62c4584c,implemented-r09
native:C:global:rados_read_op_stat:817f584b631f,rados_read_op_stat,rados.ReadOp / rados.WriteOp,Rust equivalent of rados.ReadOp / rados.WriteOp; exact signature frozen in R02/owning phase,R09,port-behavior,completion of prior phases; see SPEC.md,"Context-aware Go values, pages, and builders preserve the operation semantics; async Rust ownership and typed results, not C ABI","reference/go/docs/p00/api-inventory.csv; P08 unit and live metadata, compound, enumeration, and map-change tests",R09:native:C:global:rados_read_op_stat:817f584b631f,implemented-r09
native:C:global:rados_read_op_stat2:1a67c486c909,rados_read_op_stat2,rados.ReadOp / rados.WriteOp,Rust equivalent of rados.ReadOp / rados.WriteOp; exact signature frozen in R02/owning phase,R09,port-behavior,completion of prior phases; see SPEC.md,"Context-aware Go values, pages, and builders preserve the operation semantics; async Rust ownership and typed results, not C ABI","reference/go/docs/p00/api-inventory.csv; P08 unit and live metadata, compound, enumeration, and map-change tests",R09:native:C:global:rados_read_op_stat2:1a67c486c909,implemented-r09
native:C:global:rados_release_read_op:1d84b9d6e0a6,rados_release_read_op,automatic Go memory ownership,Rust equivalent of automatic Go memory ownership; exact signature frozen in R02/owning phase,R02,port-behavior,none,"No public deallocator; async Rust ownership and typed results, not C ABI",reference/go/docs/p00/api-inventory.csv; ownership and leak tests,R02:native:C:global:rados_release_read_op:1d84b9d6e0a6,implemented-r02
native:C:global:rados_release_write_op:a9af7763bcaa,rados_release_write_op,automatic Go memory ownership,Rust equivalent of automatic Go memory ownership; exact signature frozen in R02/owning phase,R02,port-behavior,none,"No public deallocator; async Rust ownership and typed results, not C ABI",reference/go/docs/p00/api-inventory.csv; ownership and leak tests,R02:native:C:global:rados_release_write_op:a9af7763bcaa,implemented-r02
native:C:global:rados_remove:15b2208db32a,rados_remove,rados.ObjectRef.Remove,Rust equivalent of rados.ObjectRef.Remove; exact signature frozen in R02/owning phase,R08,port-behavior,replicated pools on certified Ceph 20.2.4,"Context-aware and returns OpResult version; async Rust ownership and typed results, not C ABI",reference/go/docs/p00/api-inventory.csv; P07 native/Go CRUD and missing-object tests,R08:native:C:global:rados_remove:15b2208db32a,implemented-r08
native:C:global:rados_rmxattr:908899f4f1e1,rados_rmxattr,rados metadata methods / operation builders,Rust equivalent of rados metadata methods / operation builders; exact signature frozen in R02/owning phase,R09,port-behavior,completion of prior phases; see SPEC.md,"Context-aware Go values, pages, and builders preserve the operation semantics; async Rust ownership and typed results, not C ABI","reference/go/docs/p00/api-inventory.csv; P08 unit and live metadata, compound, enumeration, and map-change tests",R09:native:C:global:rados_rmxattr:908899f4f1e1,implemented-r09
native:C:global:rados_rollback:7e034686c973,rados_rollback,none,Rust equivalent of none; exact signature frozen in R02/owning phase,R12,port-behavior,completion of prior phases; see SPEC.md,"No deprecated compatibility alias in the initial Go API; async Rust ownership and typed results, not C ABI",reference/go/docs/p00/api-inventory.csv; inventory review; no runtime conformance claim,R12:native:C:global:rados_rollback:7e034686c973,intentional-omission-r12
native:C:global:rados_service_register:80d2660c1bff,rados_service_register,none,Rust equivalent of none; exact signature frozen in R02/owning phase,R12,inherit-native-disposition,completion of prior phases; see SPEC.md,"Outside the v1 scope defined by SPEC.md; async Rust ownership and typed results, not C ABI",reference/go/docs/p00/api-inventory.csv; future explicit qualification,R12:native:C:global:rados_service_register:80d2660c1bff,deferred-r12
native:C:global:rados_service_update_status:2202c6d998f9,rados_service_update_status,none,Rust equivalent of none; exact signature frozen in R02/owning phase,R12,inherit-native-disposition,completion of prior phases; see SPEC.md,"Outside the v1 scope defined by SPEC.md; async Rust ownership and typed results, not C ABI",reference/go/docs/p00/api-inventory.csv; future explicit qualification,R12:native:C:global:rados_service_update_status:2202c6d998f9,deferred-r12
native:C:global:rados_set_alloc_hint:247b2868a4e2,rados_set_alloc_hint,rados specialized object methods,Rust equivalent of rados specialized object methods; exact signature frozen in R02/owning phase,R11,port-behavior,completion of prior phases; see SPEC.md,"Context-aware Go values preserve native semantics with Go-owned inputs and results; async Rust ownership and typed results, not C ABI",reference/go/docs/p00/api-inventory.csv; P10 unit and live specialized object interoperability tests,R11:native:C:global:rados_set_alloc_hint:247b2868a4e2,implemented-r11
native:C:global:rados_set_alloc_hint2:0458f8a4d66a,rados_set_alloc_hint2,rados specialized object methods,Rust equivalent of rados specialized object methods; exact signature frozen in R02/owning phase,R11,port-behavior,completion of prior phases; see SPEC.md,"Not exposed by the certified P10 Go contract; async Rust ownership and typed results, not C ABI",reference/go/docs/p00/api-inventory.csv; P10 API inventory review; no runtime conformance claim,R11:native:C:global:rados_set_alloc_hint2:0458f8a4d66a,planned-not-implemented
native:C:global:rados_set_osdmap_full_try:e0bc6092a795,rados_set_osdmap_full_try,none,Rust equivalent of none; exact signature frozen in R02/owning phase,R12,port-behavior,completion of prior phases; see SPEC.md,"No deprecated compatibility alias in the initial Go API; async Rust ownership and typed results, not C ABI",reference/go/docs/p00/api-inventory.csv; inventory review; no runtime conformance claim,R12:native:C:global:rados_set_osdmap_full_try:e0bc6092a795,intentional-omission-r12
native:C:global:rados_set_pool_full_try:2613f3bdf01e,rados_set_pool_full_try,rados.ReadOp / rados.WriteOp,Rust equivalent of rados.ReadOp / rados.WriteOp; exact signature frozen in R02/owning phase,R09,port-behavior,completion of prior phases; see SPEC.md,"Not exposed by the certified P08 Go contract; async Rust ownership and typed results, not C ABI",reference/go/docs/p00/api-inventory.csv; P08 API inventory review; no runtime conformance claim,R09:native:C:global:rados_set_pool_full_try:2613f3bdf01e,planned-not-implemented
native:C:global:rados_setxattr:ce4fc22d95a6,rados_setxattr,rados metadata methods / operation builders,Rust equivalent of rados metadata methods / operation builders; exact signature frozen in R02/owning phase,R09,port-behavior,completion of prior phases; see SPEC.md,"Context-aware Go values, pages, and builders preserve the operation semantics; async Rust ownership and typed results, not C ABI","reference/go/docs/p00/api-inventory.csv; P08 unit and live metadata, compound, enumeration, and map-change tests",R09:native:C:global:rados_setxattr:ce4fc22d95a6,implemented-r09
native:C:global:rados_shutdown:202f7be72754,rados_shutdown,rados.Client / rados.Config lifecycle and configuration methods,Rust equivalent of rados.Client / rados.Config lifecycle and configuration methods; exact signature frozen in R02/owning phase,R12,port-behavior,completion of prior phases; see SPEC.md,"Typed, value-oriented configuration and context-aware lifecycle replace mutable native configuration; async Rust ownership and typed results, not C ABI",reference/go/docs/p00/api-inventory.csv; P01 lifecycle and P04 configuration tests,R12:native:C:global:rados_shutdown:202f7be72754,adapted-r12
native:C:global:rados_stat:98c5da0f5adf,rados_stat,rados.ObjectRef.Read / rados.ObjectRef.Stat,Rust equivalent of rados.ObjectRef.Read / rados.ObjectRef.Stat; exact signature frozen in R02/owning phase,R07,port-behavior,completion of prior phases; see SPEC.md,"Context-aware reads return Go-owned data and ObjectInfo; async Rust ownership and typed results, not C ABI",reference/go/docs/p00/api-inventory.csv; P06 unit and live read/stat tests,R07:native:C:global:rados_stat:98c5da0f5adf,implemented-r07
native:C:global:rados_stat2:37a6a7ea2ca5,rados_stat2,rados.ObjectRef.Read / rados.ObjectRef.Stat,Rust equivalent of rados.ObjectRef.Read / rados.ObjectRef.Stat; exact signature frozen in R02/owning phase,R07,port-behavior,completion of prior phases; see SPEC.md,"Context-aware reads return Go-owned data and ObjectInfo; async Rust ownership and typed results, not C ABI",reference/go/docs/p00/api-inventory.csv; P06 unit and live read/stat tests,R07:native:C:global:rados_stat2:37a6a7ea2ca5,implemented-r07
native:C:global:rados_trunc:62bea02d954f,rados_trunc,rados.ObjectRef.Truncate,Rust equivalent of rados.ObjectRef.Truncate; exact signature frozen in R02/owning phase,R08,port-behavior,replicated pools on certified Ceph 20.2.4,"Context-aware and returns OpResult version; async Rust ownership and typed results, not C ABI",reference/go/docs/p00/api-inventory.csv; P07 native/Go CRUD tests,R08:native:C:global:rados_trunc:62bea02d954f,implemented-r08
native:C:global:rados_unlock:14f4dd1df653,rados_unlock,rados lock methods,Rust equivalent of rados lock methods; exact signature frozen in R02/owning phase,R10,port-behavior,completion of prior phases; see SPEC.md,"Unified context-aware Go calls preserve native semantics and use Go-owned results; async Rust ownership and typed results, not C ABI",reference/go/docs/p00/api-inventory.csv; P09 unit and live lock interoperability tests,R10:native:C:global:rados_unlock:14f4dd1df653,implemented-r10
native:C:global:rados_unset_osdmap_full_try:3abcd958c961,rados_unset_osdmap_full_try,none,Rust equivalent of none; exact signature frozen in R02/owning phase,R12,port-behavior,completion of prior phases; see SPEC.md,"No deprecated compatibility alias in the initial Go API; async Rust ownership and typed results, not C ABI",reference/go/docs/p00/api-inventory.csv; inventory review; no runtime conformance claim,R12:native:C:global:rados_unset_osdmap_full_try:3abcd958c961,intentional-omission-r12
native:C:global:rados_unset_pool_full_try:79d2d55e2a1c,rados_unset_pool_full_try,rados.ReadOp / rados.WriteOp,Rust equivalent of rados.ReadOp / rados.WriteOp; exact signature frozen in R02/owning phase,R09,port-behavior,completion of prior phases; see SPEC.md,"Not exposed by the certified P08 Go contract; async Rust ownership and typed results, not C ABI",reference/go/docs/p00/api-inventory.csv; P08 API inventory review; no runtime conformance claim,R09:native:C:global:rados_unset_pool_full_try:79d2d55e2a1c,planned-not-implemented
native:C:global:rados_unwatch:71a8f5f83bb0,rados_unwatch,none,Rust equivalent of none; exact signature frozen in R02/owning phase,R12,port-behavior,completion of prior phases; see SPEC.md,"No deprecated compatibility alias in the initial Go API; async Rust ownership and typed results, not C ABI",reference/go/docs/p00/api-inventory.csv; inventory review; no runtime conformance claim,R12:native:C:global:rados_unwatch:71a8f5f83bb0,intentional-omission-r12
native:C:global:rados_unwatch2:34fe99cbda49,rados_unwatch2,rados.Watch and notify methods,Rust equivalent of rados.Watch and notify methods; exact signature frozen in R02/owning phase,R10,port-behavior,completion of prior phases; see SPEC.md,"Unified context-aware Go calls preserve native semantics and use Go-owned results; async Rust ownership and typed results, not C ABI",reference/go/docs/p00/api-inventory.csv; P09 unit and live watch/notify interoperability tests,R10:native:C:global:rados_unwatch2:34fe99cbda49,implemented-r10
native:C:global:rados_version:43f565add876,rados_version,none,Rust equivalent of none; exact signature frozen in R02/owning phase,R02,port-behavior,none,"The pure-Go module does not report a linked librados version; async Rust ownership and typed results, not C ABI",reference/go/docs/p00/api-inventory.csv; P01 API inventory review; no runtime conformance claim,R02:native:C:global:rados_version:43f565add876,implemented-r02
native:C:global:rados_wait_for_latest_osdmap:9e3db11f72ad,rados_wait_for_latest_osdmap,none,Rust equivalent of none; exact signature frozen in R02/owning phase,R05,port-behavior,completion of prior phases; see SPEC.md,"No distinct v1 behavior requires this native diagnostic or explicit map wait; async Rust ownership and typed results, not C ABI",reference/go/docs/p00/api-inventory.csv; P04 API inventory review; no runtime conformance claim,R05:native:C:global:rados_wait_for_latest_osdmap:9e3db11f72ad,planned-not-implemented
native:C:global:rados_watch:fdd98e6f8be9,rados_watch,none,Rust equivalent of none; exact signature frozen in R02/owning phase,R12,port-behavior,completion of prior phases; see SPEC.md,"No deprecated compatibility alias in the initial Go API; async Rust ownership and typed results, not C ABI",reference/go/docs/p00/api-inventory.csv; inventory review; no runtime conformance claim,R12:native:C:global:rados_watch:fdd98e6f8be9,intentional-omission-r12
native:C:global:rados_watch2:a57e4f12a5d7,rados_watch2,rados.Watch and notify methods,Rust equivalent of rados.Watch and notify methods; exact signature frozen in R02/owning phase,R10,port-behavior,completion of prior phases; see SPEC.md,"Unified context-aware Go calls preserve native semantics and use Go-owned results; async Rust ownership and typed results, not C ABI",reference/go/docs/p00/api-inventory.csv; P09 unit and live watch/notify interoperability tests,R10:native:C:global:rados_watch2:a57e4f12a5d7,implemented-r10
native:C:global:rados_watch3:d896814a71a4,rados_watch3,rados.Watch and notify methods,Rust equivalent of rados.Watch and notify methods; exact signature frozen in R02/owning phase,R10,port-behavior,completion of prior phases; see SPEC.md,"Unified context-aware Go calls preserve native semantics and use Go-owned results; async Rust ownership and typed results, not C ABI",reference/go/docs/p00/api-inventory.csv; P09 unit and live watch/notify interoperability tests,R10:native:C:global:rados_watch3:d896814a71a4,implemented-r10
native:C:global:rados_watch_check:3ae5d9373514,rados_watch_check,rados.Watch and notify methods,Rust equivalent of rados.Watch and notify methods; exact signature frozen in R02/owning phase,R10,port-behavior,completion of prior phases; see SPEC.md,"Unified context-aware Go calls preserve native semantics and use Go-owned results; async Rust ownership and typed results, not C ABI",reference/go/docs/p00/api-inventory.csv; P09 unit and live watch/notify interoperability tests,R10:native:C:global:rados_watch_check:3ae5d9373514,implemented-r10
native:C:global:rados_watch_flush:164b94d8d762,rados_watch_flush,rados.Watch and notify methods,Rust equivalent of rados.Watch and notify methods; exact signature frozen in R02/owning phase,R10,port-behavior,completion of prior phases; see SPEC.md,"Watch draining and notify reply memory ownership are integrated into Go lifecycle and result semantics; async Rust ownership and typed results, not C ABI",reference/go/docs/p00/api-inventory.csv; P09 unit and live watch/notify interoperability tests,R10:native:C:global:rados_watch_flush:164b94d8d762,implemented-r10
native:C:global:rados_write:8813d52e6151,rados_write,rados.ObjectRef.Write,Rust equivalent of rados.ObjectRef.Write; exact signature frozen in R02/owning phase,R08,port-behavior,replicated pools on certified Ceph 20.2.4,"Checked offsets; copied input; returns OpResult version; async Rust ownership and typed results, not C ABI",reference/go/docs/p00/api-inventory.csv; P07 native/Go CRUD tests,R08:native:C:global:rados_write:8813d52e6151,implemented-r08
native:C:global:rados_write_full:7d66e606edc7,rados_write_full,rados.ObjectRef.WriteFull,Rust equivalent of rados.ObjectRef.WriteFull; exact signature frozen in R02/owning phase,R08,port-behavior,replicated pools on certified Ceph 20.2.4,"Atomic full replacement; copied input; returns OpResult version; async Rust ownership and typed results, not C ABI",reference/go/docs/p00/api-inventory.csv; P07 native/Go CRUD and benchmark tests,R08:native:C:global:rados_write_full:7d66e606edc7,implemented-r08
native:C:global:rados_write_op_append:2e51c4490449,rados_write_op_append,rados.ReadOp / rados.WriteOp,Rust equivalent of rados.ReadOp / rados.WriteOp; exact signature frozen in R02/owning phase,R09,port-behavior,completion of prior phases; see SPEC.md,"Context-aware Go values, pages, and builders preserve the operation semantics; async Rust ownership and typed results, not C ABI","reference/go/docs/p00/api-inventory.csv; P08 unit and live metadata, compound, enumeration, and map-change tests",R09:native:C:global:rados_write_op_append:2e51c4490449,implemented-r09
native:C:global:rados_write_op_assert_exists:ba58be56923e,rados_write_op_assert_exists,rados.ReadOp / rados.WriteOp,Rust equivalent of rados.ReadOp / rados.WriteOp; exact signature frozen in R02/owning phase,R09,port-behavior,completion of prior phases; see SPEC.md,"Context-aware Go values, pages, and builders preserve the operation semantics; async Rust ownership and typed results, not C ABI","reference/go/docs/p00/api-inventory.csv; P08 unit and live metadata, compound, enumeration, and map-change tests",R09:native:C:global:rados_write_op_assert_exists:ba58be56923e,implemented-r09
native:C:global:rados_write_op_assert_version:94fa771949d9,rados_write_op_assert_version,rados.ReadOp / rados.WriteOp,Rust equivalent of rados.ReadOp / rados.WriteOp; exact signature frozen in R02/owning phase,R09,port-behavior,completion of prior phases; see SPEC.md,"Context-aware Go values, pages, and builders preserve the operation semantics; async Rust ownership and typed results, not C ABI","reference/go/docs/p00/api-inventory.csv; P08 unit and live metadata, compound, enumeration, and map-change tests",R09:native:C:global:rados_write_op_assert_version:94fa771949d9,implemented-r09
native:C:global:rados_write_op_cmpext:3b7a84aef12c,rados_write_op_cmpext,rados.ReadOp / rados.WriteOp,Rust equivalent of rados.ReadOp / rados.WriteOp; exact signature frozen in R02/owning phase,R09,port-behavior,completion of prior phases; see SPEC.md,"Context-aware Go values, pages, and builders preserve the operation semantics; async Rust ownership and typed results, not C ABI","reference/go/docs/p00/api-inventory.csv; P08 unit and live metadata, compound, enumeration, and map-change tests",R09:native:C:global:rados_write_op_cmpext:3b7a84aef12c,implemented-r09
native:C:global:rados_write_op_cmpxattr:3348a1eb6d46,rados_write_op_cmpxattr,rados metadata methods / operation builders,Rust equivalent of rados metadata methods / operation builders; exact signature frozen in R02/owning phase,R09,port-behavior,completion of prior phases; see SPEC.md,"Not exposed by the certified P08 Go contract; async Rust ownership and typed results, not C ABI",reference/go/docs/p00/api-inventory.csv; P08 API inventory review; no runtime conformance claim,R09:native:C:global:rados_write_op_cmpxattr:3348a1eb6d46,planned-not-implemented
native:C:global:rados_write_op_create:28575a88cf4d,rados_write_op_create,rados.ReadOp / rados.WriteOp,Rust equivalent of rados.ReadOp / rados.WriteOp; exact signature frozen in R02/owning phase,R09,port-behavior,completion of prior phases; see SPEC.md,"Context-aware Go values, pages, and builders preserve the operation semantics; async Rust ownership and typed results, not C ABI","reference/go/docs/p00/api-inventory.csv; P08 unit and live metadata, compound, enumeration, and map-change tests",R09:native:C:global:rados_write_op_create:28575a88cf4d,implemented-r09
native:C:global:rados_write_op_exec:44d55aa46d2c,rados_write_op_exec,rados class execution methods,Rust equivalent of rados class execution methods; exact signature frozen in R02/owning phase,R10,port-behavior,completion of prior phases; see SPEC.md,"Unified context-aware Go calls preserve native semantics and use Go-owned results; async Rust ownership and typed results, not C ABI",reference/go/docs/p00/api-inventory.csv; P09 unit and live class/lock/watch interoperability tests,R10:native:C:global:rados_write_op_exec:44d55aa46d2c,implemented-r10
native:C:global:rados_write_op_omap_clear:534402daa9ca,rados_write_op_omap_clear,rados metadata methods / operation builders,Rust equivalent of rados metadata methods / operation builders; exact signature frozen in R02/owning phase,R09,port-behavior,completion of prior phases; see SPEC.md,"Context-aware Go values, pages, and builders preserve the operation semantics; async Rust ownership and typed results, not C ABI","reference/go/docs/p00/api-inventory.csv; P08 unit and live metadata, compound, enumeration, and map-change tests",R09:native:C:global:rados_write_op_omap_clear:534402daa9ca,implemented-r09
native:C:global:rados_write_op_omap_cmp:7329504c72cb,rados_write_op_omap_cmp,rados metadata methods / operation builders,Rust equivalent of rados metadata methods / operation builders; exact signature frozen in R02/owning phase,R09,port-behavior,completion of prior phases; see SPEC.md,"Context-aware Go values, pages, and builders preserve the operation semantics; async Rust ownership and typed results, not C ABI","reference/go/docs/p00/api-inventory.csv; P08 unit and live metadata, compound, enumeration, and map-change tests",R09:native:C:global:rados_write_op_omap_cmp:7329504c72cb,implemented-r09
native:C:global:rados_write_op_omap_cmp2:d12ff933a5ea,rados_write_op_omap_cmp2,rados metadata methods / operation builders,Rust equivalent of rados metadata methods / operation builders; exact signature frozen in R02/owning phase,R09,port-behavior,completion of prior phases; see SPEC.md,"Context-aware Go values, pages, and builders preserve the operation semantics; async Rust ownership and typed results, not C ABI","reference/go/docs/p00/api-inventory.csv; P08 unit and live metadata, compound, enumeration, and map-change tests",R09:native:C:global:rados_write_op_omap_cmp2:d12ff933a5ea,implemented-r09
native:C:global:rados_write_op_omap_rm_keys:0aff3ab038e2,rados_write_op_omap_rm_keys,rados metadata methods / operation builders,Rust equivalent of rados metadata methods / operation builders; exact signature frozen in R02/owning phase,R09,port-behavior,completion of prior phases; see SPEC.md,"Context-aware Go values, pages, and builders preserve the operation semantics; async Rust ownership and typed results, not C ABI","reference/go/docs/p00/api-inventory.csv; P08 unit and live metadata, compound, enumeration, and map-change tests",R09:native:C:global:rados_write_op_omap_rm_keys:0aff3ab038e2,implemented-r09
native:C:global:rados_write_op_omap_rm_keys2:66a7614dad75,rados_write_op_omap_rm_keys2,rados metadata methods / operation builders,Rust equivalent of rados metadata methods / operation builders; exact signature frozen in R02/owning phase,R09,port-behavior,completion of prior phases; see SPEC.md,"Context-aware Go values, pages, and builders preserve the operation semantics; async Rust ownership and typed results, not C ABI","reference/go/docs/p00/api-inventory.csv; P08 unit and live metadata, compound, enumeration, and map-change tests",R09:native:C:global:rados_write_op_omap_rm_keys2:66a7614dad75,implemented-r09
native:C:global:rados_write_op_omap_rm_range2:39baef3f3f0a,rados_write_op_omap_rm_range2,rados.WriteOp.RemoveOMAPRange,Rust equivalent of rados.WriteOp.RemoveOMAPRange; exact signature frozen in R02/owning phase,R09,port-behavior,replicated pools on certified Ceph 20.2.4,"Binary-safe half-open key range in a server-owned compound; async Rust ownership and typed results, not C ABI",reference/go/docs/p00/api-inventory.csv; P08 codec and live metadata tests,R09:native:C:global:rados_write_op_omap_rm_range2:39baef3f3f0a,implemented-r09
native:C:global:rados_write_op_omap_set:19b3402b2bad,rados_write_op_omap_set,rados metadata methods / operation builders,Rust equivalent of rados metadata methods / operation builders; exact signature frozen in R02/owning phase,R09,port-behavior,completion of prior phases; see SPEC.md,"Context-aware Go values, pages, and builders preserve the operation semantics; async Rust ownership and typed results, not C ABI","reference/go/docs/p00/api-inventory.csv; P08 unit and live metadata, compound, enumeration, and map-change tests",R09:native:C:global:rados_write_op_omap_set:19b3402b2bad,implemented-r09
native:C:global:rados_write_op_omap_set2:dbfaf9e39700,rados_write_op_omap_set2,rados metadata methods / operation builders,Rust equivalent of rados metadata methods / operation builders; exact signature frozen in R02/owning phase,R09,port-behavior,completion of prior phases; see SPEC.md,"Context-aware Go values, pages, and builders preserve the operation semantics; async Rust ownership and typed results, not C ABI","reference/go/docs/p00/api-inventory.csv; P08 unit and live metadata, compound, enumeration, and map-change tests",R09:native:C:global:rados_write_op_omap_set2:dbfaf9e39700,implemented-r09
native:C:global:rados_write_op_operate:2ec3ced90282,rados_write_op_operate,rados.ReadOp / rados.WriteOp,Rust equivalent of rados.ReadOp / rados.WriteOp; exact signature frozen in R02/owning phase,R09,port-behavior,completion of prior phases; see SPEC.md,"Context-aware Go values, pages, and builders preserve the operation semantics; async Rust ownership and typed results, not C ABI","reference/go/docs/p00/api-inventory.csv; P08 unit and live metadata, compound, enumeration, and map-change tests",R09:native:C:global:rados_write_op_operate:2ec3ced90282,implemented-r09
native:C:global:rados_write_op_operate2:8e4b5c032aa1,rados_write_op_operate2,rados.ReadOp / rados.WriteOp,Rust equivalent of rados.ReadOp / rados.WriteOp; exact signature frozen in R02/owning phase,R09,port-behavior,completion of prior phases; see SPEC.md,"Context-aware Go values, pages, and builders preserve the operation semantics; async Rust ownership and typed results, not C ABI","reference/go/docs/p00/api-inventory.csv; P08 unit and live metadata, compound, enumeration, and map-change tests",R09:native:C:global:rados_write_op_operate2:8e4b5c032aa1,implemented-r09
native:C:global:rados_write_op_remove:1b1747af5b24,rados_write_op_remove,rados.ReadOp / rados.WriteOp,Rust equivalent of rados.ReadOp / rados.WriteOp; exact signature frozen in R02/owning phase,R09,port-behavior,completion of prior phases; see SPEC.md,"Context-aware Go values, pages, and builders preserve the operation semantics; async Rust ownership and typed results, not C ABI","reference/go/docs/p00/api-inventory.csv; P08 unit and live metadata, compound, enumeration, and map-change tests",R09:native:C:global:rados_write_op_remove:1b1747af5b24,implemented-r09
native:C:global:rados_write_op_rmxattr:fa7baf21fdfc,rados_write_op_rmxattr,rados metadata methods / operation builders,Rust equivalent of rados metadata methods / operation builders; exact signature frozen in R02/owning phase,R09,port-behavior,completion of prior phases; see SPEC.md,"Context-aware Go values, pages, and builders preserve the operation semantics; async Rust ownership and typed results, not C ABI","reference/go/docs/p00/api-inventory.csv; P08 unit and live metadata, compound, enumeration, and map-change tests",R09:native:C:global:rados_write_op_rmxattr:fa7baf21fdfc,implemented-r09
native:C:global:rados_write_op_set_alloc_hint:7c96612cda26,rados_write_op_set_alloc_hint,rados specialized object methods,Rust equivalent of rados specialized object methods; exact signature frozen in R02/owning phase,R11,port-behavior,completion of prior phases; see SPEC.md,"Context-aware Go values preserve native semantics with Go-owned inputs and results; async Rust ownership and typed results, not C ABI",reference/go/docs/p00/api-inventory.csv; P10 unit and live specialized object interoperability tests,R11:native:C:global:rados_write_op_set_alloc_hint:7c96612cda26,implemented-r11
native:C:global:rados_write_op_set_alloc_hint2:6b92c1a0390d,rados_write_op_set_alloc_hint2,rados specialized object methods,Rust equivalent of rados specialized object methods; exact signature frozen in R02/owning phase,R11,port-behavior,completion of prior phases; see SPEC.md,"Not exposed by the certified P10 Go contract; async Rust ownership and typed results, not C ABI",reference/go/docs/p00/api-inventory.csv; P10 API inventory review; no runtime conformance claim,R11:native:C:global:rados_write_op_set_alloc_hint2:6b92c1a0390d,planned-not-implemented
native:C:global:rados_write_op_set_flags:978d6e69663b,rados_write_op_set_flags,rados.WriteOp.SetFlags,Rust equivalent of rados.WriteOp.SetFlags; exact signature frozen in R02/owning phase,R09,port-behavior,replicated pools on certified Ceph 20.2.4,"Exposes the qualified FAILOK sub-operation flag; preserves typed create flags; async Rust ownership and typed results, not C ABI",reference/go/docs/p00/api-inventory.csv; P08 unit and live compound FAILOK tests,R09:native:C:global:rados_write_op_set_flags:978d6e69663b,implemented-r09
native:C:global:rados_write_op_setxattr:55e0497e2ec6,rados_write_op_setxattr,rados metadata methods / operation builders,Rust equivalent of rados metadata methods / operation builders; exact signature frozen in R02/owning phase,R09,port-behavior,completion of prior phases; see SPEC.md,"Context-aware Go values, pages, and builders preserve the operation semantics; async Rust ownership and typed results, not C ABI","reference/go/docs/p00/api-inventory.csv; P08 unit and live metadata, compound, enumeration, and map-change tests",R09:native:C:global:rados_write_op_setxattr:55e0497e2ec6,implemented-r09
native:C:global:rados_write_op_truncate:a4f830462f41,rados_write_op_truncate,rados.ReadOp / rados.WriteOp,Rust equivalent of rados.ReadOp / rados.WriteOp; exact signature frozen in R02/owning phase,R09,port-behavior,completion of prior phases; see SPEC.md,"Context-aware Go values, pages, and builders preserve the operation semantics; async Rust ownership and typed results, not C ABI","reference/go/docs/p00/api-inventory.csv; P08 unit and live metadata, compound, enumeration, and map-change tests",R09:native:C:global:rados_write_op_truncate:a4f830462f41,implemented-r09
native:C:global:rados_write_op_write:9e00aa3d7f02,rados_write_op_write,rados.ReadOp / rados.WriteOp,Rust equivalent of rados.ReadOp / rados.WriteOp; exact signature frozen in R02/owning phase,R09,port-behavior,completion of prior phases; see SPEC.md,"Context-aware Go values, pages, and builders preserve the operation semantics; async Rust ownership and typed results, not C ABI","reference/go/docs/p00/api-inventory.csv; P08 unit and live metadata, compound, enumeration, and map-change tests",R09:native:C:global:rados_write_op_write:9e00aa3d7f02,implemented-r09
native:C:global:rados_write_op_write_full:045a44a0f29f,rados_write_op_write_full,rados.ReadOp / rados.WriteOp,Rust equivalent of rados.ReadOp / rados.WriteOp; exact signature frozen in R02/owning phase,R09,port-behavior,completion of prior phases; see SPEC.md,"Context-aware Go values, pages, and builders preserve the operation semantics; async Rust ownership and typed results, not C ABI","reference/go/docs/p00/api-inventory.csv; P08 unit and live metadata, compound, enumeration, and map-change tests",R09:native:C:global:rados_write_op_write_full:045a44a0f29f,implemented-r09
native:C:global:rados_write_op_writesame:8332db4e3171,rados_write_op_writesame,rados specialized object methods,Rust equivalent of rados specialized object methods; exact signature frozen in R02/owning phase,R11,port-behavior,completion of prior phases; see SPEC.md,"Context-aware Go values preserve native semantics with Go-owned inputs and results; async Rust ownership and typed results, not C ABI",reference/go/docs/p00/api-inventory.csv; P10 unit and live specialized object interoperability tests,R11:native:C:global:rados_write_op_writesame:8332db4e3171,implemented-r11
native:C:global:rados_write_op_zero:e381a7f38d56,rados_write_op_zero,rados.ReadOp / rados.WriteOp,Rust equivalent of rados.ReadOp / rados.WriteOp; exact signature frozen in R02/owning phase,R09,port-behavior,completion of prior phases; see SPEC.md,"Context-aware Go values, pages, and builders preserve the operation semantics; async Rust ownership and typed results, not C ABI","reference/go/docs/p00/api-inventory.csv; P08 unit and live metadata, compound, enumeration, and map-change tests",R09:native:C:global:rados_write_op_zero:e381a7f38d56,implemented-r09
native:C:global:rados_writesame:08b22d40d958,rados_writesame,rados specialized object methods,Rust equivalent of rados specialized object methods; exact signature frozen in R02/owning phase,R11,port-behavior,completion of prior phases; see SPEC.md,"Context-aware Go values preserve native semantics with Go-owned inputs and results; async Rust ownership and typed results, not C ABI",reference/go/docs/p00/api-inventory.csv; P10 unit and live specialized object interoperability tests,R11:native:C:global:rados_writesame:08b22d40d958,implemented-r11
native:C++:AioCompletion:AioCompletion::AioCompletion:ebcb95d43a0e,AioCompletion::AioCompletion,"context.Context, operation results, and rados.Client.Flush","Rust equivalent of context.Context, operation results, and rados.Client.Flush; exact signature frozen in R02/owning phase",R08,port-behavior,completion of prior phases; see SPEC.md,"Go context, direct results, and flush semantics replace native completions, callbacks, and last-version state; async Rust ownership and typed results, not C ABI","reference/go/docs/p00/api-inventory.csv; P07 context, completion, result, and flush tests",R08:native:C++:AioCompletion:AioCompletion::AioCompletion:ebcb95d43a0e,implemented-r08
native:C++:AioCompletion:AioCompletion::cancel:a5b0c96f9ed0,AioCompletion::cancel,"context.Context, operation results, and rados.Client.Flush","Rust equivalent of context.Context, operation results, and rados.Client.Flush; exact signature frozen in R02/owning phase",R08,port-behavior,completion of prior phases; see SPEC.md,"Go context, direct results, and flush semantics replace native completions, callbacks, and last-version state; async Rust ownership and typed results, not C ABI","reference/go/docs/p00/api-inventory.csv; P07 context, completion, result, and flush tests",R08:native:C++:AioCompletion:AioCompletion::cancel:a5b0c96f9ed0,implemented-r08
native:C++:AioCompletion:AioCompletion::get_return_value:0157fc41e734,AioCompletion::get_return_value,"context.Context, operation results, and rados.Client.Flush","Rust equivalent of context.Context, operation results, and rados.Client.Flush; exact signature frozen in R02/owning phase",R08,port-behavior,completion of prior phases; see SPEC.md,"Go context, direct results, and flush semantics replace native completions, callbacks, and last-version state; async Rust ownership and typed results, not C ABI","reference/go/docs/p00/api-inventory.csv; P07 context, completion, result, and flush tests",R08:native:C++:AioCompletion:AioCompletion::get_return_value:0157fc41e734,implemented-r08
native:C++:AioCompletion:AioCompletion::get_version:54e1c4d2120f,AioCompletion::get_version,none,Rust equivalent of none; exact signature frozen in R02/owning phase,R12,port-behavior,completion of prior phases; see SPEC.md,"No deprecated compatibility alias in the initial Go API; async Rust ownership and typed results, not C ABI",reference/go/docs/p00/api-inventory.csv; inventory review; no runtime conformance claim,R12:native:C++:AioCompletion:AioCompletion::get_version:54e1c4d2120f,intentional-omission-r12
native:C++:AioCompletion:AioCompletion::get_version64:5c258220b13c,AioCompletion::get_version64,"context.Context, operation results, and rados.Client.Flush","Rust equivalent of context.Context, operation results, and rados.Client.Flush; exact signature frozen in R02/owning phase",R08,port-behavior,completion of prior phases; see SPEC.md,"Go context, direct results, and flush semantics replace native completions, callbacks, and last-version state; async Rust ownership and typed results, not C ABI","reference/go/docs/p00/api-inventory.csv; P07 context, completion, result, and flush tests",R08:native:C++:AioCompletion:AioCompletion::get_version64:5c258220b13c,implemented-r08
native:C++:AioCompletion:AioCompletion::is_complete:e6e4f322b627,AioCompletion::is_complete,"context.Context, operation results, and rados.Client.Flush","Rust equivalent of context.Context, operation results, and rados.Client.Flush; exact signature frozen in R02/owning phase",R08,port-behavior,completion of prior phases; see SPEC.md,"Go context, direct results, and flush semantics replace native completions, callbacks, and last-version state; async Rust ownership and typed results, not C ABI","reference/go/docs/p00/api-inventory.csv; P07 context, completion, result, and flush tests",R08:native:C++:AioCompletion:AioCompletion::is_complete:e6e4f322b627,implemented-r08
native:C++:AioCompletion:AioCompletion::is_complete_and_cb:192503ae0ff5,AioCompletion::is_complete_and_cb,"context.Context, operation results, and rados.Client.Flush","Rust equivalent of context.Context, operation results, and rados.Client.Flush; exact signature frozen in R02/owning phase",R08,port-behavior,completion of prior phases; see SPEC.md,"Go context, direct results, and flush semantics replace native completions, callbacks, and last-version state; async Rust ownership and typed results, not C ABI","reference/go/docs/p00/api-inventory.csv; P07 context, completion, result, and flush tests",R08:native:C++:AioCompletion:AioCompletion::is_complete_and_cb:192503ae0ff5,implemented-r08
native:C++:AioCompletion:AioCompletion::is_safe:f13d0bfe3947,AioCompletion::is_safe,none,Rust equivalent of none; exact signature frozen in R02/owning phase,R12,port-behavior,completion of prior phases; see SPEC.md,"No deprecated compatibility alias in the initial Go API; async Rust ownership and typed results, not C ABI",reference/go/docs/p00/api-inventory.csv; inventory review; no runtime conformance claim,R12:native:C++:AioCompletion:AioCompletion::is_safe:f13d0bfe3947,intentional-omission-r12
native:C++:AioCompletion:AioCompletion::is_safe_and_cb:940294c257c1,AioCompletion::is_safe_and_cb,none,Rust equivalent of none; exact signature frozen in R02/owning phase,R12,port-behavior,completion of prior phases; see SPEC.md,"No deprecated compatibility alias in the initial Go API; async Rust ownership and typed results, not C ABI",reference/go/docs/p00/api-inventory.csv; inventory review; no runtime conformance claim,R12:native:C++:AioCompletion:AioCompletion::is_safe_and_cb:940294c257c1,intentional-omission-r12
native:C++:AioCompletion:AioCompletion::release:c6f3a579011b,AioCompletion::release,"context.Context, operation results, and rados.Client.Flush","Rust equivalent of context.Context, operation results, and rados.Client.Flush; exact signature frozen in R02/owning phase",R08,port-behavior,completion of prior phases; see SPEC.md,"Go context, direct results, and flush semantics replace native completions, callbacks, and last-version state; async Rust ownership and typed results, not C ABI","reference/go/docs/p00/api-inventory.csv; P07 context, completion, result, and flush tests",R08:native:C++:AioCompletion:AioCompletion::release:c6f3a579011b,implemented-r08
native:C++:AioCompletion:AioCompletion::set_complete_callback:27727aeb9b15,AioCompletion::set_complete_callback,"context.Context, operation results, and rados.Client.Flush","Rust equivalent of context.Context, operation results, and rados.Client.Flush; exact signature frozen in R02/owning phase",R08,port-behavior,completion of prior phases; see SPEC.md,"Go context, direct results, and flush semantics replace native completions, callbacks, and last-version state; async Rust ownership and typed results, not C ABI","reference/go/docs/p00/api-inventory.csv; P07 context, completion, result, and flush tests",R08:native:C++:AioCompletion:AioCompletion::set_complete_callback:27727aeb9b15,implemented-r08
native:C++:AioCompletion:AioCompletion::set_safe_callback:33131546748a,AioCompletion::set_safe_callback,none,Rust equivalent of none; exact signature frozen in R02/owning phase,R12,port-behavior,completion of prior phases; see SPEC.md,"No deprecated compatibility alias in the initial Go API; async Rust ownership and typed results, not C ABI",reference/go/docs/p00/api-inventory.csv; inventory review; no runtime conformance claim,R12:native:C++:AioCompletion:AioCompletion::set_safe_callback:33131546748a,intentional-omission-r12
native:C++:AioCompletion:AioCompletion::wait_for_complete:fc35cb83ef1f,AioCompletion::wait_for_complete,"context.Context, operation results, and rados.Client.Flush","Rust equivalent of context.Context, operation results, and rados.Client.Flush; exact signature frozen in R02/owning phase",R08,port-behavior,completion of prior phases; see SPEC.md,"Go context, direct results, and flush semantics replace native completions, callbacks, and last-version state; async Rust ownership and typed results, not C ABI","reference/go/docs/p00/api-inventory.csv; P07 context, completion, result, and flush tests",R08:native:C++:AioCompletion:AioCompletion::wait_for_complete:fc35cb83ef1f,implemented-r08
native:C++:AioCompletion:AioCompletion::wait_for_complete_and_cb:7bc4c2efcb3d,AioCompletion::wait_for_complete_and_cb,"context.Context, operation results, and rados.Client.Flush","Rust equivalent of context.Context, operation results, and rados.Client.Flush; exact signature frozen in R02/owning phase",R08,port-behavior,completion of prior phases; see SPEC.md,"Go context, direct results, and flush semantics replace native completions, callbacks, and last-version state; async Rust ownership and typed results, not C ABI","reference/go/docs/p00/api-inventory.csv; P07 context, completion, result, and flush tests",R08:native:C++:AioCompletion:AioCompletion::wait_for_complete_and_cb:7bc4c2efcb3d,implemented-r08
native:C++:AioCompletion:AioCompletion::wait_for_safe:83ab667a7bdd,AioCompletion::wait_for_safe,none,Rust equivalent of none; exact signature frozen in R02/owning phase,R12,port-behavior,completion of prior phases; see SPEC.md,"No deprecated compatibility alias in the initial Go API; async Rust ownership and typed results, not C ABI",reference/go/docs/p00/api-inventory.csv; inventory review; no runtime conformance claim,R12:native:C++:AioCompletion:AioCompletion::wait_for_safe:83ab667a7bdd,intentional-omission-r12
native:C++:AioCompletion:AioCompletion::wait_for_safe_and_cb:665aa6e59bdb,AioCompletion::wait_for_safe_and_cb,none,Rust equivalent of none; exact signature frozen in R02/owning phase,R12,port-behavior,completion of prior phases; see SPEC.md,"No deprecated compatibility alias in the initial Go API; async Rust ownership and typed results, not C ABI",reference/go/docs/p00/api-inventory.csv; inventory review; no runtime conformance claim,R12:native:C++:AioCompletion:AioCompletion::wait_for_safe_and_cb:665aa6e59bdb,intentional-omission-r12
native:C++:AioCompletion:AioCompletion::~AioCompletion:2c92dd8e9460,AioCompletion::~AioCompletion,automatic Go memory ownership,Rust equivalent of automatic Go memory ownership; exact signature frozen in R02/owning phase,R02,port-behavior,none,"No public deallocator; async Rust ownership and typed results, not C ABI",reference/go/docs/p00/api-inventory.csv; ownership and leak tests,R02:native:C++:AioCompletion:AioCompletion::~AioCompletion:2c92dd8e9460,implemented-r02
native:C++:IoCtx:IoCtx::IoCtx:4ae86e6aa259,IoCtx::IoCtx,Go constructors and immutable value/builders,Rust equivalent of Go constructors and immutable value/builders; exact signature frozen in R02/owning phase,R02,port-behavior,none,"Constructors and move/copy rules become Go constructors and ownership rules; async Rust ownership and typed results, not C ABI",reference/go/docs/p00/api-inventory.csv; API lifecycle tests,R02:native:C++:IoCtx:IoCtx::IoCtx:4ae86e6aa259,implemented-r02
native:C++:IoCtx:IoCtx::IoCtx:958d8b57cbdd,IoCtx::IoCtx,Go constructors and immutable value/builders,Rust equivalent of Go constructors and immutable value/builders; exact signature frozen in R02/owning phase,R02,port-behavior,none,"Constructors and move/copy rules become Go constructors and ownership rules; async Rust ownership and typed results, not C ABI",reference/go/docs/p00/api-inventory.csv; API lifecycle tests,R02:native:C++:IoCtx:IoCtx::IoCtx:958d8b57cbdd,implemented-r02
native:C++:IoCtx:IoCtx::IoCtx:062767e437f0,IoCtx::IoCtx,Go constructors and immutable value/builders,Rust equivalent of Go constructors and immutable value/builders; exact signature frozen in R02/owning phase,R02,port-behavior,none,"Constructors and move/copy rules become Go constructors and ownership rules; async Rust ownership and typed results, not C ABI",reference/go/docs/p00/api-inventory.csv; API lifecycle tests,R02:native:C++:IoCtx:IoCtx::IoCtx:062767e437f0,implemented-r02
native:C++:IoCtx:IoCtx::aio_append:a9149285737f,IoCtx::aio_append,rados.ObjectRef mutation methods,Rust equivalent of rados.ObjectRef mutation methods; exact signature frozen in R02/owning phase,R08,port-behavior,completion of prior phases; see SPEC.md,"Context-aware methods and OpResult replace native completion and callback forms; async Rust ownership and typed results, not C ABI","reference/go/docs/p00/api-inventory.csv; P07 context, result, and live mutation tests",R08:native:C++:IoCtx:IoCtx::aio_append:a9149285737f,implemented-r08
native:C++:IoCtx:IoCtx::aio_cancel:7014014332e9,IoCtx::aio_cancel,"context.Context, operation results, and rados.Client.Flush","Rust equivalent of context.Context, operation results, and rados.Client.Flush; exact signature frozen in R02/owning phase",R08,port-behavior,completion of prior phases; see SPEC.md,"Go context, direct results, and flush semantics replace native completions, callbacks, and last-version state; async Rust ownership and typed results, not C ABI","reference/go/docs/p00/api-inventory.csv; P07 context, completion, result, and flush tests",R08:native:C++:IoCtx:IoCtx::aio_cancel:7014014332e9,implemented-r08
native:C++:IoCtx:IoCtx::aio_cmpext:96b71edbb0a8,IoCtx::aio_cmpext,rados.ReadOp / rados.WriteOp,Rust equivalent of rados.ReadOp / rados.WriteOp; exact signature frozen in R02/owning phase,R09,port-behavior,completion of prior phases; see SPEC.md,"Context-aware Go values, pages, and builders preserve the operation semantics; async Rust ownership and typed results, not C ABI","reference/go/docs/p00/api-inventory.csv; P08 unit and live metadata, compound, enumeration, and map-change tests",R09:native:C++:IoCtx:IoCtx::aio_cmpext:96b71edbb0a8,implemented-r09
native:C++:IoCtx:IoCtx::aio_exec:726c5521da60,IoCtx::aio_exec,rados class execution methods,Rust equivalent of rados class execution methods; exact signature frozen in R02/owning phase,R10,port-behavior,completion of prior phases; see SPEC.md,"Unified context-aware Go calls preserve native semantics and use Go-owned results; async Rust ownership and typed results, not C ABI",reference/go/docs/p00/api-inventory.csv; P09 unit and live class/lock/watch interoperability tests,R10:native:C++:IoCtx:IoCtx::aio_exec:726c5521da60,implemented-r10
native:C++:IoCtx:IoCtx::aio_flush:48e825835613,IoCtx::aio_flush,"context.Context, operation results, and rados.Client.Flush","Rust equivalent of context.Context, operation results, and rados.Client.Flush; exact signature frozen in R02/owning phase",R08,port-behavior,completion of prior phases; see SPEC.md,"Go context, direct results, and flush semantics replace native completions, callbacks, and last-version state; async Rust ownership and typed results, not C ABI","reference/go/docs/p00/api-inventory.csv; P07 context, completion, result, and flush tests",R08:native:C++:IoCtx:IoCtx::aio_flush:48e825835613,implemented-r08
native:C++:IoCtx:IoCtx::aio_flush_async:24a10158cedf,IoCtx::aio_flush_async,"context.Context, operation results, and rados.Client.Flush","Rust equivalent of context.Context, operation results, and rados.Client.Flush; exact signature frozen in R02/owning phase",R08,port-behavior,completion of prior phases; see SPEC.md,"Go context, direct results, and flush semantics replace native completions, callbacks, and last-version state; async Rust ownership and typed results, not C ABI","reference/go/docs/p00/api-inventory.csv; P07 context, completion, result, and flush tests",R08:native:C++:IoCtx:IoCtx::aio_flush_async:24a10158cedf,implemented-r08
native:C++:IoCtx:IoCtx::aio_getxattr:a17962f1818b,IoCtx::aio_getxattr,rados metadata methods / operation builders,Rust equivalent of rados metadata methods / operation builders; exact signature frozen in R02/owning phase,R09,port-behavior,completion of prior phases; see SPEC.md,"Context-aware Go values, pages, and builders preserve the operation semantics; async Rust ownership and typed results, not C ABI","reference/go/docs/p00/api-inventory.csv; P08 unit and live metadata, compound, enumeration, and map-change tests",R09:native:C++:IoCtx:IoCtx::aio_getxattr:a17962f1818b,implemented-r09
native:C++:IoCtx:IoCtx::aio_getxattrs:23b366ed5fcf,IoCtx::aio_getxattrs,rados metadata methods / operation builders,Rust equivalent of rados metadata methods / operation builders; exact signature frozen in R02/owning phase,R09,port-behavior,completion of prior phases; see SPEC.md,"Context-aware Go values, pages, and builders preserve the operation semantics; async Rust ownership and typed results, not C ABI","reference/go/docs/p00/api-inventory.csv; P08 unit and live metadata, compound, enumeration, and map-change tests",R09:native:C++:IoCtx:IoCtx::aio_getxattrs:23b366ed5fcf,implemented-r09
native:C++:IoCtx:IoCtx::aio_notify:9c77ad854aac,IoCtx::aio_notify,rados.Watch and notify methods,Rust equivalent of rados.Watch and notify methods; exact signature frozen in R02/owning phase,R10,port-behavior,completion of prior phases; see SPEC.md,"Unified context-aware Go calls preserve native semantics and use Go-owned results; async Rust ownership and typed results, not C ABI",reference/go/docs/p00/api-inventory.csv; P09 unit and live watch/notify interoperability tests,R10:native:C++:IoCtx:IoCtx::aio_notify:9c77ad854aac,implemented-r10
native:C++:IoCtx:IoCtx::aio_operate:fb9eaefcc0d8,IoCtx::aio_operate,rados.ReadOp / rados.WriteOp,Rust equivalent of rados.ReadOp / rados.WriteOp; exact signature frozen in R02/owning phase,R09,port-behavior,completion of prior phases; see SPEC.md,"Context-aware Go values, pages, and builders preserve the operation semantics; async Rust ownership and typed results, not C ABI","reference/go/docs/p00/api-inventory.csv; P08 unit and live metadata, compound, enumeration, and map-change tests",R09:native:C++:IoCtx:IoCtx::aio_operate:fb9eaefcc0d8,implemented-r09
native:C++:IoCtx:IoCtx::aio_operate:dbf8099d642e,IoCtx::aio_operate,rados.ReadOp / rados.WriteOp,Rust equivalent of rados.ReadOp / rados.WriteOp; exact signature frozen in R02/owning phase,R09,port-behavior,completion of prior phases; see SPEC.md,"Context-aware Go values, pages, and builders preserve the operation semantics; async Rust ownership and typed results, not C ABI","reference/go/docs/p00/api-inventory.csv; P08 unit and live metadata, compound, enumeration, and map-change tests",R09:native:C++:IoCtx:IoCtx::aio_operate:dbf8099d642e,implemented-r09
native:C++:IoCtx:IoCtx::aio_operate:ccad43f9cfaa,IoCtx::aio_operate,rados.ReadOp / rados.WriteOp,Rust equivalent of rados.ReadOp / rados.WriteOp; exact signature frozen in R02/owning phase,R09,port-behavior,completion of prior phases; see SPEC.md,"Context-aware Go values, pages, and builders preserve the operation semantics; async Rust ownership and typed results, not C ABI","reference/go/docs/p00/api-inventory.csv; P08 unit and live metadata, compound, enumeration, and map-change tests",R09:native:C++:IoCtx:IoCtx::aio_operate:ccad43f9cfaa,implemented-r09
native:C++:IoCtx:IoCtx::aio_operate:54d16bc26845,IoCtx::aio_operate,none,Rust equivalent of none; exact signature frozen in R02/owning phase,R12,port-behavior,completion of prior phases; see SPEC.md,"No deprecated compatibility alias in the initial Go API; async Rust ownership and typed results, not C ABI",reference/go/docs/p00/api-inventory.csv; inventory review; no runtime conformance claim,R12:native:C++:IoCtx:IoCtx::aio_operate:54d16bc26845,intentional-omission-r12
native:C++:IoCtx:IoCtx::aio_operate:f94023318b41,IoCtx::aio_operate,rados.ReadOp / rados.WriteOp,Rust equivalent of rados.ReadOp / rados.WriteOp; exact signature frozen in R02/owning phase,R09,port-behavior,completion of prior phases; see SPEC.md,"Context-aware Go values, pages, and builders preserve the operation semantics; async Rust ownership and typed results, not C ABI","reference/go/docs/p00/api-inventory.csv; P08 unit and live metadata, compound, enumeration, and map-change tests",R09:native:C++:IoCtx:IoCtx::aio_operate:f94023318b41,implemented-r09
native:C++:IoCtx:IoCtx::aio_operate:98abacfaccf0,IoCtx::aio_operate,rados.ReadOp / rados.WriteOp,Rust equivalent of rados.ReadOp / rados.WriteOp; exact signature frozen in R02/owning phase,R09,port-behavior,completion of prior phases; see SPEC.md,"Context-aware Go values, pages, and builders preserve the operation semantics; async Rust ownership and typed results, not C ABI","reference/go/docs/p00/api-inventory.csv; P08 unit and live metadata, compound, enumeration, and map-change tests",R09:native:C++:IoCtx:IoCtx::aio_operate:98abacfaccf0,implemented-r09
native:C++:IoCtx:IoCtx::aio_operate:9856f86d0e87,IoCtx::aio_operate,rados.ReadOp / rados.WriteOp,Rust equivalent of rados.ReadOp / rados.WriteOp; exact signature frozen in R02/owning phase,R09,port-behavior,completion of prior phases; see SPEC.md,"Context-aware Go values, pages, and builders preserve the operation semantics; async Rust ownership and typed results, not C ABI","reference/go/docs/p00/api-inventory.csv; P08 unit and live metadata, compound, enumeration, and map-change tests",R09:native:C++:IoCtx:IoCtx::aio_operate:9856f86d0e87,implemented-r09
native:C++:IoCtx:IoCtx::aio_operate:9329305cafc1,IoCtx::aio_operate,rados.ReadOp / rados.WriteOp,Rust equivalent of rados.ReadOp / rados.WriteOp; exact signature frozen in R02/owning phase,R09,port-behavior,completion of prior phases; see SPEC.md,"Context-aware Go values, pages, and builders preserve the operation semantics; async Rust ownership and typed results, not C ABI","reference/go/docs/p00/api-inventory.csv; P08 unit and live metadata, compound, enumeration, and map-change tests",R09:native:C++:IoCtx:IoCtx::aio_operate:9329305cafc1,implemented-r09
native:C++:IoCtx:IoCtx::aio_operate:f6e7e1a055b3,IoCtx::aio_operate,rados.ReadOp / rados.WriteOp,Rust equivalent of rados.ReadOp / rados.WriteOp; exact signature frozen in R02/owning phase,R09,port-behavior,completion of prior phases; see SPEC.md,"Context-aware Go values, pages, and builders preserve the operation semantics; async Rust ownership and typed results, not C ABI","reference/go/docs/p00/api-inventory.csv; P08 unit and live metadata, compound, enumeration, and map-change tests",R09:native:C++:IoCtx:IoCtx::aio_operate:f6e7e1a055b3,implemented-r09
native:C++:IoCtx:IoCtx::aio_operate:b96b22fd3ea7,IoCtx::aio_operate,rados.ReadOp / rados.WriteOp,Rust equivalent of rados.ReadOp / rados.WriteOp; exact signature frozen in R02/owning phase,R09,port-behavior,completion of prior phases; see SPEC.md,"Context-aware Go values, pages, and builders preserve the operation semantics; async Rust ownership and typed results, not C ABI","reference/go/docs/p00/api-inventory.csv; P08 unit and live metadata, compound, enumeration, and map-change tests",R09:native:C++:IoCtx:IoCtx::aio_operate:b96b22fd3ea7,implemented-r09
native:C++:IoCtx:IoCtx::aio_read:fa0c522007f6,IoCtx::aio_read,rados.ObjectRef.Read / rados.ObjectRef.Stat,Rust equivalent of rados.ObjectRef.Read / rados.ObjectRef.Stat; exact signature frozen in R02/owning phase,R07,port-behavior,completion of prior phases; see SPEC.md,"Context-aware methods and Go-owned results replace native completion and output buffers; async Rust ownership and typed results, not C ABI","reference/go/docs/p00/api-inventory.csv; P06 context, ownership, and live read/stat tests",R07:native:C++:IoCtx:IoCtx::aio_read:fa0c522007f6,implemented-r07
native:C++:IoCtx:IoCtx::aio_read:b1adca0f15a1,IoCtx::aio_read,rados.ObjectRef.Read / rados.ObjectRef.Stat,Rust equivalent of rados.ObjectRef.Read / rados.ObjectRef.Stat; exact signature frozen in R02/owning phase,R07,port-behavior,completion of prior phases; see SPEC.md,"Context-aware methods and Go-owned results replace native completion and output buffers; async Rust ownership and typed results, not C ABI","reference/go/docs/p00/api-inventory.csv; P06 context, ownership, and live read/stat tests",R07:native:C++:IoCtx:IoCtx::aio_read:b1adca0f15a1,implemented-r07
native:C++:IoCtx:IoCtx::aio_remove:a3ce1df0dba8,IoCtx::aio_remove,rados.ObjectRef mutation methods,Rust equivalent of rados.ObjectRef mutation methods; exact signature frozen in R02/owning phase,R08,port-behavior,completion of prior phases; see SPEC.md,"Context-aware methods and OpResult replace native completion and callback forms; async Rust ownership and typed results, not C ABI","reference/go/docs/p00/api-inventory.csv; P07 context, result, and live mutation tests",R08:native:C++:IoCtx:IoCtx::aio_remove:a3ce1df0dba8,implemented-r08
native:C++:IoCtx:IoCtx::aio_remove:4e9964bc4d8e,IoCtx::aio_remove,rados.ObjectRef mutation methods,Rust equivalent of rados.ObjectRef mutation methods; exact signature frozen in R02/owning phase,R08,port-behavior,completion of prior phases; see SPEC.md,"Context-aware methods and OpResult replace native completion and callback forms; async Rust ownership and typed results, not C ABI","reference/go/docs/p00/api-inventory.csv; P07 context, result, and live mutation tests",R08:native:C++:IoCtx:IoCtx::aio_remove:4e9964bc4d8e,implemented-r08
native:C++:IoCtx:IoCtx::aio_rmxattr:d3b29ee8c7a6,IoCtx::aio_rmxattr,rados metadata methods / operation builders,Rust equivalent of rados metadata methods / operation builders; exact signature frozen in R02/owning phase,R09,port-behavior,completion of prior phases; see SPEC.md,"Context-aware Go values, pages, and builders preserve the operation semantics; async Rust ownership and typed results, not C ABI","reference/go/docs/p00/api-inventory.csv; P08 unit and live metadata, compound, enumeration, and map-change tests",R09:native:C++:IoCtx:IoCtx::aio_rmxattr:d3b29ee8c7a6,implemented-r09
native:C++:IoCtx:IoCtx::aio_selfmanaged_snap_create:49c981e5900b,IoCtx::aio_selfmanaged_snap_create,rados snapshot methods and immutable snapshot views,Rust equivalent of rados snapshot methods and immutable snapshot views; exact signature frozen in R02/owning phase,R11,port-behavior,completion of prior phases; see SPEC.md,"Context-aware Go calls and Go-owned results replace native completion and buffer lifetimes; async Rust ownership and typed results, not C ABI","reference/go/docs/p00/api-inventory.csv; P10 context, ownership, and live snapshot and EC tests",R11:native:C++:IoCtx:IoCtx::aio_selfmanaged_snap_create:49c981e5900b,implemented-r11
native:C++:IoCtx:IoCtx::aio_selfmanaged_snap_remove:0e0d6491d057,IoCtx::aio_selfmanaged_snap_remove,rados snapshot methods and immutable snapshot views,Rust equivalent of rados snapshot methods and immutable snapshot views; exact signature frozen in R02/owning phase,R11,port-behavior,completion of prior phases; see SPEC.md,"Context-aware Go calls and Go-owned results replace native completion and buffer lifetimes; async Rust ownership and typed results, not C ABI","reference/go/docs/p00/api-inventory.csv; P10 context, ownership, and live snapshot and EC tests",R11:native:C++:IoCtx:IoCtx::aio_selfmanaged_snap_remove:0e0d6491d057,implemented-r11
native:C++:IoCtx:IoCtx::aio_setxattr:b73871e6cad3,IoCtx::aio_setxattr,rados metadata methods / operation builders,Rust equivalent of rados metadata methods / operation builders; exact signature frozen in R02/owning phase,R09,port-behavior,completion of prior phases; see SPEC.md,"Context-aware Go values, pages, and builders preserve the operation semantics; async Rust ownership and typed results, not C ABI","reference/go/docs/p00/api-inventory.csv; P08 unit and live metadata, compound, enumeration, and map-change tests",R09:native:C++:IoCtx:IoCtx::aio_setxattr:b73871e6cad3,implemented-r09
native:C++:IoCtx:IoCtx::aio_sparse_read:99f06f46dd97,IoCtx::aio_sparse_read,rados specialized object methods,Rust equivalent of rados specialized object methods; exact signature frozen in R02/owning phase,R11,port-behavior,completion of prior phases; see SPEC.md,"Context-aware Go calls and Go-owned results replace native completion and buffer lifetimes; async Rust ownership and typed results, not C ABI","reference/go/docs/p00/api-inventory.csv; P10 context, ownership, and live specialized object tests",R11:native:C++:IoCtx:IoCtx::aio_sparse_read:99f06f46dd97,implemented-r11
native:C++:IoCtx:IoCtx::aio_sparse_read:78b90dc25d0b,IoCtx::aio_sparse_read,rados specialized object methods,Rust equivalent of rados specialized object methods; exact signature frozen in R02/owning phase,R11,port-behavior,completion of prior phases; see SPEC.md,"Context-aware Go calls and Go-owned results replace native completion and buffer lifetimes; async Rust ownership and typed results, not C ABI","reference/go/docs/p00/api-inventory.csv; P10 context, ownership, and live specialized object tests",R11:native:C++:IoCtx:IoCtx::aio_sparse_read:78b90dc25d0b,implemented-r11
native:C++:IoCtx:IoCtx::aio_stat:86eae368da1d,IoCtx::aio_stat,rados.ObjectRef.Read / rados.ObjectRef.Stat,Rust equivalent of rados.ObjectRef.Read / rados.ObjectRef.Stat; exact signature frozen in R02/owning phase,R07,port-behavior,completion of prior phases; see SPEC.md,"Context-aware methods and Go-owned results replace native completion and output buffers; async Rust ownership and typed results, not C ABI","reference/go/docs/p00/api-inventory.csv; P06 context, ownership, and live read/stat tests",R07:native:C++:IoCtx:IoCtx::aio_stat:86eae368da1d,implemented-r07
native:C++:IoCtx:IoCtx::aio_stat2:2ade2a884cde,IoCtx::aio_stat2,rados.ObjectRef.Read / rados.ObjectRef.Stat,Rust equivalent of rados.ObjectRef.Read / rados.ObjectRef.Stat; exact signature frozen in R02/owning phase,R07,port-behavior,completion of prior phases; see SPEC.md,"Context-aware methods and Go-owned results replace native completion and output buffers; async Rust ownership and typed results, not C ABI","reference/go/docs/p00/api-inventory.csv; P06 context, ownership, and live read/stat tests",R07:native:C++:IoCtx:IoCtx::aio_stat2:2ade2a884cde,implemented-r07
native:C++:IoCtx:IoCtx::aio_unlock:968434726473,IoCtx::aio_unlock,rados lock methods,Rust equivalent of rados lock methods; exact signature frozen in R02/owning phase,R10,port-behavior,completion of prior phases; see SPEC.md,"Unified context-aware Go calls preserve native semantics and use Go-owned results; async Rust ownership and typed results, not C ABI",reference/go/docs/p00/api-inventory.csv; P09 unit and live lock interoperability tests,R10:native:C++:IoCtx:IoCtx::aio_unlock:968434726473,implemented-r10
native:C++:IoCtx:IoCtx::aio_unwatch:a7951cf3bc93,IoCtx::aio_unwatch,rados.Watch and notify methods,Rust equivalent of rados.Watch and notify methods; exact signature frozen in R02/owning phase,R10,port-behavior,completion of prior phases; see SPEC.md,"Unified context-aware Go calls preserve native semantics and use Go-owned results; async Rust ownership and typed results, not C ABI",reference/go/docs/p00/api-inventory.csv; P09 unit and live watch/notify interoperability tests,R10:native:C++:IoCtx:IoCtx::aio_unwatch:a7951cf3bc93,implemented-r10
native:C++:IoCtx:IoCtx::aio_watch:618b395f547a,IoCtx::aio_watch,rados.Watch and notify methods,Rust equivalent of rados.Watch and notify methods; exact signature frozen in R02/owning phase,R10,port-behavior,completion of prior phases; see SPEC.md,"Unified context-aware Go calls preserve native semantics and use Go-owned results; async Rust ownership and typed results, not C ABI",reference/go/docs/p00/api-inventory.csv; P09 unit and live watch/notify interoperability tests,R10:native:C++:IoCtx:IoCtx::aio_watch:618b395f547a,implemented-r10
native:C++:IoCtx:IoCtx::aio_watch2:3927b9e76a9c,IoCtx::aio_watch2,rados.Watch and notify methods,Rust equivalent of rados.Watch and notify methods; exact signature frozen in R02/owning phase,R10,port-behavior,completion of prior phases; see SPEC.md,"Unified context-aware Go calls preserve native semantics and use Go-owned results; async Rust ownership and typed results, not C ABI",reference/go/docs/p00/api-inventory.csv; P09 unit and live watch/notify interoperability tests,R10:native:C++:IoCtx:IoCtx::aio_watch2:3927b9e76a9c,implemented-r10
native:C++:IoCtx:IoCtx::aio_write:d2a1d2a043cb,IoCtx::aio_write,rados.ObjectRef mutation methods,Rust equivalent of rados.ObjectRef mutation methods; exact signature frozen in R02/owning phase,R08,port-behavior,completion of prior phases; see SPEC.md,"Context-aware methods and OpResult replace native completion and callback forms; async Rust ownership and typed results, not C ABI","reference/go/docs/p00/api-inventory.csv; P07 context, result, and live mutation tests",R08:native:C++:IoCtx:IoCtx::aio_write:d2a1d2a043cb,implemented-r08
native:C++:IoCtx:IoCtx::aio_write_full:9fd8319dcc4a,IoCtx::aio_write_full,rados.ObjectRef mutation methods,Rust equivalent of rados.ObjectRef mutation methods; exact signature frozen in R02/owning phase,R08,port-behavior,completion of prior phases; see SPEC.md,"Context-aware methods and OpResult replace native completion and callback forms; async Rust ownership and typed results, not C ABI","reference/go/docs/p00/api-inventory.csv; P07 context, result, and live mutation tests",R08:native:C++:IoCtx:IoCtx::aio_write_full:9fd8319dcc4a,implemented-r08
native:C++:IoCtx:IoCtx::aio_writesame:050570d1c72f,IoCtx::aio_writesame,rados specialized object methods,Rust equivalent of rados specialized object methods; exact signature frozen in R02/owning phase,R11,port-behavior,completion of prior phases; see SPEC.md,"Context-aware Go calls and Go-owned results replace native completion and buffer lifetimes; async Rust ownership and typed results, not C ABI","reference/go/docs/p00/api-inventory.csv; P10 context, ownership, and live specialized object tests",R11:native:C++:IoCtx:IoCtx::aio_writesame:050570d1c72f,implemented-r11
native:C++:IoCtx:IoCtx::append:45d3faf231e3,IoCtx::append,rados.ObjectRef mutation methods,Rust equivalent of rados.ObjectRef mutation methods; exact signature frozen in R02/owning phase,R08,port-behavior,completion of prior phases; see SPEC.md,"Context-aware mutations return versioned OpResult values; async Rust ownership and typed results, not C ABI",reference/go/docs/p00/api-inventory.csv; P07 unit and live mutation tests,R08:native:C++:IoCtx:IoCtx::append:45d3faf231e3,implemented-r08
native:C++:IoCtx:IoCtx::application_enable:9ed5fdaf2e8f,IoCtx::application_enable,rados.Client administrative methods,Rust equivalent of rados.Client administrative methods; exact signature frozen in R02/owning phase,R12,port-behavior,completion of prior phases; see SPEC.md,"Context-aware Go values preserve native semantics with Go-owned command and metadata results; async Rust ownership and typed results, not C ABI",reference/go/docs/p00/api-inventory.csv; P11 unit and live administrative interoperability tests,R12:native:C++:IoCtx:IoCtx::application_enable:9ed5fdaf2e8f,implemented-r12
native:C++:IoCtx:IoCtx::application_enable_async:3698d3165a5b,IoCtx::application_enable_async,rados.Client administrative methods,Rust equivalent of rados.Client administrative methods; exact signature frozen in R02/owning phase,R12,port-behavior,completion of prior phases; see SPEC.md,"Context-aware Go calls replace native completion allocation; async Rust ownership and typed results, not C ABI","reference/go/docs/p00/api-inventory.csv; P11 context, ownership, and live administrative tests",R12:native:C++:IoCtx:IoCtx::application_enable_async:3698d3165a5b,adapted-r12
native:C++:IoCtx:IoCtx::application_list:03d44d20926c,IoCtx::application_list,rados.Client administrative methods,Rust equivalent of rados.Client administrative methods; exact signature frozen in R02/owning phase,R12,port-behavior,completion of prior phases; see SPEC.md,"Context-aware Go values preserve native semantics with Go-owned command and metadata results; async Rust ownership and typed results, not C ABI",reference/go/docs/p00/api-inventory.csv; P11 unit and live administrative interoperability tests,R12:native:C++:IoCtx:IoCtx::application_list:03d44d20926c,implemented-r12
native:C++:IoCtx:IoCtx::application_metadata_get:388607713057,IoCtx::application_metadata_get,rados.Client administrative methods,Rust equivalent of rados.Client administrative methods; exact signature frozen in R02/owning phase,R12,port-behavior,completion of prior phases; see SPEC.md,"Context-aware Go values preserve native semantics with Go-owned command and metadata results; async Rust ownership and typed results, not C ABI",reference/go/docs/p00/api-inventory.csv; P11 unit and live administrative interoperability tests,R12:native:C++:IoCtx:IoCtx::application_metadata_get:388607713057,implemented-r12
native:C++:IoCtx:IoCtx::application_metadata_list:b06eed8eb5cc,IoCtx::application_metadata_list,rados.Client administrative methods,Rust equivalent of rados.Client administrative methods; exact signature frozen in R02/owning phase,R12,port-behavior,completion of prior phases; see SPEC.md,"Context-aware Go values preserve native semantics with Go-owned command and metadata results; async Rust ownership and typed results, not C ABI",reference/go/docs/p00/api-inventory.csv; P11 unit and live administrative interoperability tests,R12:native:C++:IoCtx:IoCtx::application_metadata_list:b06eed8eb5cc,implemented-r12
native:C++:IoCtx:IoCtx::application_metadata_remove:259dfdd052b6,IoCtx::application_metadata_remove,rados.Client administrative methods,Rust equivalent of rados.Client administrative methods; exact signature frozen in R02/owning phase,R12,port-behavior,completion of prior phases; see SPEC.md,"Context-aware Go values preserve native semantics with Go-owned command and metadata results; async Rust ownership and typed results, not C ABI",reference/go/docs/p00/api-inventory.csv; P11 unit and live administrative interoperability tests,R12:native:C++:IoCtx:IoCtx::application_metadata_remove:259dfdd052b6,implemented-r12
native:C++:IoCtx:IoCtx::application_metadata_set:32a6f98dc468,IoCtx::application_metadata_set,rados.Client administrative methods,Rust equivalent of rados.Client administrative methods; exact signature frozen in R02/owning phase,R12,port-behavior,completion of prior phases; see SPEC.md,"Context-aware Go values preserve native semantics with Go-owned command and metadata results; async Rust ownership and typed results, not C ABI",reference/go/docs/p00/api-inventory.csv; P11 unit and live administrative interoperability tests,R12:native:C++:IoCtx:IoCtx::application_metadata_set:32a6f98dc468,implemented-r12
native:C++:IoCtx:IoCtx::break_lock:3a311213d6dc,IoCtx::break_lock,rados lock methods,Rust equivalent of rados lock methods; exact signature frozen in R02/owning phase,R10,port-behavior,completion of prior phases; see SPEC.md,"Unified context-aware Go calls preserve native semantics and use Go-owned results; async Rust ownership and typed results, not C ABI",reference/go/docs/p00/api-inventory.csv; P09 unit and live lock interoperability tests,R10:native:C++:IoCtx:IoCtx::break_lock:3a311213d6dc,implemented-r10
native:C++:IoCtx:IoCtx::cache_pin:fc4250a0f43f,IoCtx::cache_pin,none,Rust equivalent of none; exact signature frozen in R02/owning phase,R12,inherit-native-disposition,completion of prior phases; see SPEC.md,"Outside the v1 scope defined by SPEC.md; async Rust ownership and typed results, not C ABI",reference/go/docs/p00/api-inventory.csv; future explicit qualification,R12:native:C++:IoCtx:IoCtx::cache_pin:fc4250a0f43f,deferred-r12
native:C++:IoCtx:IoCtx::cache_unpin:d09015f10431,IoCtx::cache_unpin,none,Rust equivalent of none; exact signature frozen in R02/owning phase,R12,inherit-native-disposition,completion of prior phases; see SPEC.md,"Outside the v1 scope defined by SPEC.md; async Rust ownership and typed results, not C ABI",reference/go/docs/p00/api-inventory.csv; future explicit qualification,R12:native:C++:IoCtx:IoCtx::cache_unpin:d09015f10431,deferred-r12
native:C++:IoCtx:IoCtx::cct:26550c780635,IoCtx::cct,none,Rust equivalent of none; exact signature frozen in R02/owning phase,R02,port-behavior,none,"No native configuration or cluster handle exists; async Rust ownership and typed results, not C ABI",reference/go/docs/p00/api-inventory.csv; P01 dependency and cgo audit,R02:native:C++:IoCtx:IoCtx::cct:26550c780635,implemented-r02
native:C++:IoCtx:IoCtx::checksum:d6db33f21294,IoCtx::checksum,rados specialized object methods,Rust equivalent of rados specialized object methods; exact signature frozen in R02/owning phase,R11,port-behavior,completion of prior phases; see SPEC.md,"Context-aware Go values preserve native semantics with Go-owned inputs and results; async Rust ownership and typed results, not C ABI",reference/go/docs/p00/api-inventory.csv; P10 unit and live specialized object interoperability tests,R11:native:C++:IoCtx:IoCtx::checksum:d6db33f21294,implemented-r11
native:C++:IoCtx:IoCtx::close:c6b22a342d8e,IoCtx::close,rados.Client / rados.Config lifecycle and configuration methods,Rust equivalent of rados.Client / rados.Config lifecycle and configuration methods; exact signature frozen in R02/owning phase,R12,port-behavior,completion of prior phases; see SPEC.md,"Typed, value-oriented configuration and context-aware lifecycle replace mutable native configuration; async Rust ownership and typed results, not C ABI",reference/go/docs/p00/api-inventory.csv; P01 lifecycle and P04 configuration tests,R12:native:C++:IoCtx:IoCtx::close:c6b22a342d8e,adapted-r12
native:C++:IoCtx:IoCtx::cmpext:f3c87ec0317d,IoCtx::cmpext,rados.ReadOp / rados.WriteOp,Rust equivalent of rados.ReadOp / rados.WriteOp; exact signature frozen in R02/owning phase,R09,port-behavior,completion of prior phases; see SPEC.md,"Context-aware Go values, pages, and builders preserve the operation semantics; async Rust ownership and typed results, not C ABI","reference/go/docs/p00/api-inventory.csv; P08 unit and live metadata, compound, enumeration, and map-change tests",R09:native:C++:IoCtx:IoCtx::cmpext:f3c87ec0317d,implemented-r09
native:C++:IoCtx:IoCtx::create:36c7fe5aef59,IoCtx::create,rados.ObjectRef mutation methods,Rust equivalent of rados.ObjectRef mutation methods; exact signature frozen in R02/owning phase,R08,port-behavior,completion of prior phases; see SPEC.md,"Context-aware mutations return versioned OpResult values; async Rust ownership and typed results, not C ABI",reference/go/docs/p00/api-inventory.csv; P07 unit and live mutation tests,R08:native:C++:IoCtx:IoCtx::create:36c7fe5aef59,implemented-r08
native:C++:IoCtx:IoCtx::create:681a12790cbe,IoCtx::create,rados.ObjectRef mutation methods,Rust equivalent of rados.ObjectRef mutation methods; exact signature frozen in R02/owning phase,R08,port-behavior,completion of prior phases; see SPEC.md,"Context-aware mutations return versioned OpResult values; async Rust ownership and typed results, not C ABI",reference/go/docs/p00/api-inventory.csv; P07 unit and live mutation tests,R08:native:C++:IoCtx:IoCtx::create:681a12790cbe,implemented-r08
native:C++:IoCtx:IoCtx::decode_notify_response:9dccef8a7095,IoCtx::decode_notify_response,rados.Watch and notify methods,Rust equivalent of rados.Watch and notify methods; exact signature frozen in R02/owning phase,R10,port-behavior,completion of prior phases; see SPEC.md,"Watch draining and notify reply memory ownership are integrated into Go lifecycle and result semantics; async Rust ownership and typed results, not C ABI",reference/go/docs/p00/api-inventory.csv; P09 unit and live watch/notify interoperability tests,R10:native:C++:IoCtx:IoCtx::decode_notify_response:9dccef8a7095,implemented-r10
native:C++:IoCtx:IoCtx::dup:9a5a28f122cd,IoCtx::dup,"Go value, iterator, and ownership semantics","Rust equivalent of Go value, iterator, and ownership semantics; exact signature frozen in R02/owning phase",R02,port-behavior,none,"C++ copy/move/operator surface is represented by idiomatic Go values; async Rust ownership and typed results, not C ABI",reference/go/docs/p00/api-inventory.csv; ownership and iterator tests,R02:native:C++:IoCtx:IoCtx::dup:9a5a28f122cd,implemented-r02
native:C++:IoCtx:IoCtx::exec:696714e82549,IoCtx::exec,rados class execution methods,Rust equivalent of rados class execution methods; exact signature frozen in R02/owning phase,R10,port-behavior,completion of prior phases; see SPEC.md,"Unified context-aware Go calls preserve native semantics and use Go-owned results; async Rust ownership and typed results, not C ABI",reference/go/docs/p00/api-inventory.csv; P09 unit and live class/lock/watch interoperability tests,R10:native:C++:IoCtx:IoCtx::exec:696714e82549,implemented-r10
native:C++:IoCtx:IoCtx::from_rados_ioctx_t:7297fb1ee3b8,IoCtx::from_rados_ioctx_t,none,Rust equivalent of none; exact signature frozen in R02/owning phase,R00,port-behavior,none,"No C handle exists in the distributed client; async Rust ownership and typed results, not C ABI",reference/go/docs/p00/api-inventory.csv; dependency and cgo audit,R00:native:C++:IoCtx:IoCtx::from_rados_ioctx_t:7297fb1ee3b8,planned-not-implemented
native:C++:IoCtx:IoCtx::get_auid:f5c936b1b777,IoCtx::get_auid,none,Rust equivalent of none; exact signature frozen in R02/owning phase,R12,port-behavior,completion of prior phases; see SPEC.md,"No deprecated compatibility alias in the initial Go API; async Rust ownership and typed results, not C ABI",reference/go/docs/p00/api-inventory.csv; inventory review; no runtime conformance claim,R12:native:C++:IoCtx:IoCtx::get_auid:f5c936b1b777,intentional-omission-r12
native:C++:IoCtx:IoCtx::get_id:ac04a492c0c8,IoCtx::get_id,rados.Client pool/map discovery methods,Rust equivalent of rados.Client pool/map discovery methods; exact signature frozen in R02/owning phase,R05,port-behavior,completion of prior phases; see SPEC.md,"Context-aware discovery returns Go-owned values and immutable pool views; async Rust ownership and typed results, not C ABI",reference/go/docs/p00/api-inventory.csv; P04 unit and live discovery tests,R05:native:C++:IoCtx:IoCtx::get_id:ac04a492c0c8,planned-not-implemented
native:C++:IoCtx:IoCtx::get_instance_id:0caec920d5b9,IoCtx::get_instance_id,rados.Client / rados.Config lifecycle and configuration methods,Rust equivalent of rados.Client / rados.Config lifecycle and configuration methods; exact signature frozen in R02/owning phase,R12,port-behavior,completion of prior phases; see SPEC.md,"Typed, value-oriented configuration and context-aware lifecycle replace mutable native configuration; async Rust ownership and typed results, not C ABI",reference/go/docs/p00/api-inventory.csv; P01 lifecycle and P04 configuration tests,R12:native:C++:IoCtx:IoCtx::get_instance_id:0caec920d5b9,adapted-r12
native:C++:IoCtx:IoCtx::get_last_version:54147503385e,IoCtx::get_last_version,"context.Context, operation results, and rados.Client.Flush","Rust equivalent of context.Context, operation results, and rados.Client.Flush; exact signature frozen in R02/owning phase",R08,port-behavior,completion of prior phases; see SPEC.md,"Go context, direct results, and flush semantics replace native completions, callbacks, and last-version state; async Rust ownership and typed results, not C ABI","reference/go/docs/p00/api-inventory.csv; P07 context, completion, result, and flush tests",R08:native:C++:IoCtx:IoCtx::get_last_version:54147503385e,implemented-r08
native:C++:IoCtx:IoCtx::get_namespace:ffc8a0e42f31,IoCtx::get_namespace,rados.Pool.WithNamespace / rados.Pool.WithLocator,Rust equivalent of rados.Pool.WithNamespace / rados.Pool.WithLocator; exact signature frozen in R02/owning phase,R06,port-behavior,completion of prior phases; see SPEC.md,"Immutable pool views replace mutable ioctx namespace and locator state; async Rust ownership and typed results, not C ABI",reference/go/docs/p00/api-inventory.csv; P05 unit and live placement tests,R06:native:C++:IoCtx:IoCtx::get_namespace:ffc8a0e42f31,implemented-r07
native:C++:IoCtx:IoCtx::get_object_hash_position:fc5ec45ecefe,IoCtx::get_object_hash_position,none,Rust equivalent of none; exact signature frozen in R02/owning phase,R12,port-behavior,completion of prior phases; see SPEC.md,"No deprecated compatibility alias in the initial Go API; async Rust ownership and typed results, not C ABI",reference/go/docs/p00/api-inventory.csv; inventory review; no runtime conformance claim,R12:native:C++:IoCtx:IoCtx::get_object_hash_position:fc5ec45ecefe,intentional-omission-r12
native:C++:IoCtx:IoCtx::get_object_hash_position2:4fd71aef7269,IoCtx::get_object_hash_position2,none,Rust equivalent of none; exact signature frozen in R02/owning phase,R06,port-behavior,completion of prior phases; see SPEC.md,"Public hash-position diagnostics and placement-group parsing are not v1-required behavior; async Rust ownership and typed results, not C ABI",reference/go/docs/p00/api-inventory.csv; P05 API inventory review; no runtime conformance claim,R06:native:C++:IoCtx:IoCtx::get_object_hash_position2:4fd71aef7269,planned-not-implemented
native:C++:IoCtx:IoCtx::get_object_pg_hash_position:e5b754391f33,IoCtx::get_object_pg_hash_position,none,Rust equivalent of none; exact signature frozen in R02/owning phase,R12,port-behavior,completion of prior phases; see SPEC.md,"No deprecated compatibility alias in the initial Go API; async Rust ownership and typed results, not C ABI",reference/go/docs/p00/api-inventory.csv; inventory review; no runtime conformance claim,R12:native:C++:IoCtx:IoCtx::get_object_pg_hash_position:e5b754391f33,intentional-omission-r12
native:C++:IoCtx:IoCtx::get_object_pg_hash_position2:ff053c55185d,IoCtx::get_object_pg_hash_position2,none,Rust equivalent of none; exact signature frozen in R02/owning phase,R06,port-behavior,completion of prior phases; see SPEC.md,"Public hash-position diagnostics and placement-group parsing are not v1-required behavior; async Rust ownership and typed results, not C ABI",reference/go/docs/p00/api-inventory.csv; P05 API inventory review; no runtime conformance claim,R06:native:C++:IoCtx:IoCtx::get_object_pg_hash_position2:ff053c55185d,planned-not-implemented
native:C++:IoCtx:IoCtx::get_pool_full_try:2c23a4f841e8,IoCtx::get_pool_full_try,rados.ReadOp / rados.WriteOp,Rust equivalent of rados.ReadOp / rados.WriteOp; exact signature frozen in R02/owning phase,R09,port-behavior,completion of prior phases; see SPEC.md,"Not exposed by the certified P08 Go contract; async Rust ownership and typed results, not C ABI",reference/go/docs/p00/api-inventory.csv; P08 API inventory review; no runtime conformance claim,R09:native:C++:IoCtx:IoCtx::get_pool_full_try:2c23a4f841e8,planned-not-implemented
native:C++:IoCtx:IoCtx::get_pool_name:2c0d18dd69b1,IoCtx::get_pool_name,rados.Client pool/map discovery methods,Rust equivalent of rados.Client pool/map discovery methods; exact signature frozen in R02/owning phase,R05,port-behavior,completion of prior phases; see SPEC.md,"Context-aware discovery returns Go-owned values and immutable pool views; async Rust ownership and typed results, not C ABI",reference/go/docs/p00/api-inventory.csv; P04 unit and live discovery tests,R05:native:C++:IoCtx:IoCtx::get_pool_name:2c0d18dd69b1,planned-not-implemented
native:C++:IoCtx:IoCtx::get_pool_name:fef8766840a6,IoCtx::get_pool_name,rados.Client pool/map discovery methods,Rust equivalent of rados.Client pool/map discovery methods; exact signature frozen in R02/owning phase,R05,port-behavior,completion of prior phases; see SPEC.md,"Context-aware discovery returns Go-owned values and immutable pool views; async Rust ownership and typed results, not C ABI",reference/go/docs/p00/api-inventory.csv; P04 unit and live discovery tests,R05:native:C++:IoCtx:IoCtx::get_pool_name:fef8766840a6,planned-not-implemented
native:C++:IoCtx:IoCtx::getxattr:f0fd35bf45a8,IoCtx::getxattr,rados metadata methods / operation builders,Rust equivalent of rados metadata methods / operation builders; exact signature frozen in R02/owning phase,R09,port-behavior,completion of prior phases; see SPEC.md,"Context-aware Go values, pages, and builders preserve the operation semantics; async Rust ownership and typed results, not C ABI","reference/go/docs/p00/api-inventory.csv; P08 unit and live metadata, compound, enumeration, and map-change tests",R09:native:C++:IoCtx:IoCtx::getxattr:f0fd35bf45a8,implemented-r09
native:C++:IoCtx:IoCtx::getxattrs:da65ca5e0763,IoCtx::getxattrs,rados metadata methods / operation builders,Rust equivalent of rados metadata methods / operation builders; exact signature frozen in R02/owning phase,R09,port-behavior,completion of prior phases; see SPEC.md,"Context-aware Go values, pages, and builders preserve the operation semantics; async Rust ownership and typed results, not C ABI","reference/go/docs/p00/api-inventory.csv; P08 unit and live metadata, compound, enumeration, and map-change tests",R09:native:C++:IoCtx:IoCtx::getxattrs:da65ca5e0763,implemented-r09
native:C++:IoCtx:IoCtx::hit_set_get:b21bb8dbd189,IoCtx::hit_set_get,none,Rust equivalent of none; exact signature frozen in R02/owning phase,R12,inherit-native-disposition,completion of prior phases; see SPEC.md,"Outside the v1 scope defined by SPEC.md; async Rust ownership and typed results, not C ABI",reference/go/docs/p00/api-inventory.csv; future explicit qualification,R12:native:C++:IoCtx:IoCtx::hit_set_get:b21bb8dbd189,deferred-r12
native:C++:IoCtx:IoCtx::hit_set_list:e8b11727d2f5,IoCtx::hit_set_list,none,Rust equivalent of none; exact signature frozen in R02/owning phase,R12,inherit-native-disposition,completion of prior phases; see SPEC.md,"Outside the v1 scope defined by SPEC.md; async Rust ownership and typed results, not C ABI",reference/go/docs/p00/api-inventory.csv; future explicit qualification,R12:native:C++:IoCtx:IoCtx::hit_set_list:e8b11727d2f5,deferred-r12
native:C++:IoCtx:IoCtx::is_valid:cdd127983953,IoCtx::is_valid,"Go value, iterator, and ownership semantics","Rust equivalent of Go value, iterator, and ownership semantics; exact signature frozen in R02/owning phase",R02,port-behavior,none,"C++ copy/move/operator surface is represented by idiomatic Go values; async Rust ownership and typed results, not C ABI",reference/go/docs/p00/api-inventory.csv; ownership and iterator tests,R02:native:C++:IoCtx:IoCtx::is_valid:cdd127983953,implemented-r02
native:C++:IoCtx:IoCtx::list_lockers:8de49675284f,IoCtx::list_lockers,rados lock methods,Rust equivalent of rados lock methods; exact signature frozen in R02/owning phase,R10,port-behavior,completion of prior phases; see SPEC.md,"Unified context-aware Go calls preserve native semantics and use Go-owned results; async Rust ownership and typed results, not C ABI",reference/go/docs/p00/api-inventory.csv; P09 unit and live lock interoperability tests,R10:native:C++:IoCtx:IoCtx::list_lockers:8de49675284f,implemented-r10
native:C++:IoCtx:IoCtx::list_snaps:dd8211dfe0e3,IoCtx::list_snaps,rados snapshot methods and immutable snapshot views,Rust equivalent of rados snapshot methods and immutable snapshot views; exact signature frozen in R02/owning phase,R11,port-behavior,completion of prior phases; see SPEC.md,"Not exposed by the certified P10 Go contract; async Rust ownership and typed results, not C ABI",reference/go/docs/p00/api-inventory.csv; P10 API inventory review; no runtime conformance claim,R11:native:C++:IoCtx:IoCtx::list_snaps:dd8211dfe0e3,planned-not-implemented
native:C++:IoCtx:IoCtx::list_watchers:698c8c7c24ed,IoCtx::list_watchers,rados.Watch and notify methods,Rust equivalent of rados.Watch and notify methods; exact signature frozen in R02/owning phase,R10,port-behavior,completion of prior phases; see SPEC.md,"Unified context-aware Go calls preserve native semantics and use Go-owned results; async Rust ownership and typed results, not C ABI",reference/go/docs/p00/api-inventory.csv; P09 unit and live watch/notify interoperability tests,R10:native:C++:IoCtx:IoCtx::list_watchers:698c8c7c24ed,implemented-r10
native:C++:IoCtx:IoCtx::locator_set_key:861a9efc584b,IoCtx::locator_set_key,rados.Pool.WithNamespace / rados.Pool.WithLocator,Rust equivalent of rados.Pool.WithNamespace / rados.Pool.WithLocator; exact signature frozen in R02/owning phase,R06,port-behavior,completion of prior phases; see SPEC.md,"Immutable pool views replace mutable ioctx namespace and locator state; async Rust ownership and typed results, not C ABI",reference/go/docs/p00/api-inventory.csv; P05 unit and live placement tests,R06:native:C++:IoCtx:IoCtx::locator_set_key:861a9efc584b,implemented-r07
native:C++:IoCtx:IoCtx::lock_exclusive:11d54a8a8eee,IoCtx::lock_exclusive,rados lock methods,Rust equivalent of rados lock methods; exact signature frozen in R02/owning phase,R10,port-behavior,completion of prior phases; see SPEC.md,"Unified context-aware Go calls preserve native semantics and use Go-owned results; async Rust ownership and typed results, not C ABI",reference/go/docs/p00/api-inventory.csv; P09 unit and live lock interoperability tests,R10:native:C++:IoCtx:IoCtx::lock_exclusive:11d54a8a8eee,implemented-r10
native:C++:IoCtx:IoCtx::lock_shared:cb90305af9ab,IoCtx::lock_shared,rados lock methods,Rust equivalent of rados lock methods; exact signature frozen in R02/owning phase,R10,port-behavior,completion of prior phases; see SPEC.md,"Unified context-aware Go calls preserve native semantics and use Go-owned results; async Rust ownership and typed results, not C ABI",reference/go/docs/p00/api-inventory.csv; P09 unit and live lock interoperability tests,R10:native:C++:IoCtx:IoCtx::lock_shared:cb90305af9ab,implemented-r10
native:C++:IoCtx:IoCtx::mapext:8f18775208d5,IoCtx::mapext,rados specialized object methods,Rust equivalent of rados specialized object methods; exact signature frozen in R02/owning phase,R11,port-behavior,completion of prior phases; see SPEC.md,"Not exposed by the certified P10 Go contract; async Rust ownership and typed results, not C ABI",reference/go/docs/p00/api-inventory.csv; P10 API inventory review; no runtime conformance claim,R11:native:C++:IoCtx:IoCtx::mapext:8f18775208d5,planned-not-implemented
native:C++:IoCtx:IoCtx::nobjects_begin:47f96eab99f9,IoCtx::nobjects_begin,rados object iterator and cursor,Rust equivalent of rados object iterator and cursor; exact signature frozen in R02/owning phase,R09,port-behavior,completion of prior phases; see SPEC.md,"Context-aware Go values, pages, and builders preserve the operation semantics; async Rust ownership and typed results, not C ABI","reference/go/docs/p00/api-inventory.csv; P08 unit and live metadata, compound, enumeration, and map-change tests",R09:native:C++:IoCtx:IoCtx::nobjects_begin:47f96eab99f9,implemented-r09
native:C++:IoCtx:IoCtx::nobjects_begin:7bb7e7b22636,IoCtx::nobjects_begin,rados object iterator and cursor,Rust equivalent of rados object iterator and cursor; exact signature frozen in R02/owning phase,R09,port-behavior,completion of prior phases; see SPEC.md,"Context-aware Go values, pages, and builders preserve the operation semantics; async Rust ownership and typed results, not C ABI","reference/go/docs/p00/api-inventory.csv; P08 unit and live metadata, compound, enumeration, and map-change tests",R09:native:C++:IoCtx:IoCtx::nobjects_begin:7bb7e7b22636,implemented-r09
native:C++:IoCtx:IoCtx::nobjects_begin:cff04da78a3a,IoCtx::nobjects_begin,rados object iterator and cursor,Rust equivalent of rados object iterator and cursor; exact signature frozen in R02/owning phase,R09,port-behavior,completion of prior phases; see SPEC.md,"Context-aware Go values, pages, and builders preserve the operation semantics; async Rust ownership and typed results, not C ABI","reference/go/docs/p00/api-inventory.csv; P08 unit and live metadata, compound, enumeration, and map-change tests",R09:native:C++:IoCtx:IoCtx::nobjects_begin:cff04da78a3a,implemented-r09
native:C++:IoCtx:IoCtx::nobjects_end:fff6429593f8,IoCtx::nobjects_end,rados object iterator and cursor,Rust equivalent of rados object iterator and cursor; exact signature frozen in R02/owning phase,R09,port-behavior,completion of prior phases; see SPEC.md,"Go values, pages, and builders replace native iterator and allocation lifetimes; async Rust ownership and typed results, not C ABI","reference/go/docs/p00/api-inventory.csv; P08 ownership, pagination, and builder lifecycle tests",R09:native:C++:IoCtx:IoCtx::nobjects_end:fff6429593f8,implemented-r09
native:C++:IoCtx:IoCtx::notify:08607ec55464,IoCtx::notify,none,Rust equivalent of none; exact signature frozen in R02/owning phase,R12,port-behavior,completion of prior phases; see SPEC.md,"No deprecated compatibility alias in the initial Go API; async Rust ownership and typed results, not C ABI",reference/go/docs/p00/api-inventory.csv; inventory review; no runtime conformance claim,R12:native:C++:IoCtx:IoCtx::notify:08607ec55464,intentional-omission-r12
native:C++:IoCtx:IoCtx::notify2:0c2e2e57eb9d,IoCtx::notify2,rados.Watch and notify methods,Rust equivalent of rados.Watch and notify methods; exact signature frozen in R02/owning phase,R10,port-behavior,completion of prior phases; see SPEC.md,"Unified context-aware Go calls preserve native semantics and use Go-owned results; async Rust ownership and typed results, not C ABI",reference/go/docs/p00/api-inventory.csv; P09 unit and live watch/notify interoperability tests,R10:native:C++:IoCtx:IoCtx::notify2:0c2e2e57eb9d,implemented-r10
native:C++:IoCtx:IoCtx::notify_ack:b7b3da821574,IoCtx::notify_ack,rados.Watch and notify methods,Rust equivalent of rados.Watch and notify methods; exact signature frozen in R02/owning phase,R10,port-behavior,completion of prior phases; see SPEC.md,"Unified context-aware Go calls preserve native semantics and use Go-owned results; async Rust ownership and typed results, not C ABI",reference/go/docs/p00/api-inventory.csv; P09 unit and live watch/notify interoperability tests,R10:native:C++:IoCtx:IoCtx::notify_ack:b7b3da821574,implemented-r10
native:C++:IoCtx:IoCtx::object_list:fc771d15f0c9,IoCtx::object_list,rados object iterator and cursor,Rust equivalent of rados object iterator and cursor; exact signature frozen in R02/owning phase,R09,port-behavior,completion of prior phases; see SPEC.md,"Context-aware Go values, pages, and builders preserve the operation semantics; async Rust ownership and typed results, not C ABI","reference/go/docs/p00/api-inventory.csv; P08 unit and live metadata, compound, enumeration, and map-change tests",R09:native:C++:IoCtx:IoCtx::object_list:fc771d15f0c9,implemented-r09
native:C++:IoCtx:IoCtx::object_list_begin:b35ae33a2010,IoCtx::object_list_begin,rados object iterator and cursor,Rust equivalent of rados object iterator and cursor; exact signature frozen in R02/owning phase,R09,port-behavior,completion of prior phases; see SPEC.md,"Context-aware Go values, pages, and builders preserve the operation semantics; async Rust ownership and typed results, not C ABI","reference/go/docs/p00/api-inventory.csv; P08 unit and live metadata, compound, enumeration, and map-change tests",R09:native:C++:IoCtx:IoCtx::object_list_begin:b35ae33a2010,implemented-r09
native:C++:IoCtx:IoCtx::object_list_end:6687283d901f,IoCtx::object_list_end,rados object iterator and cursor,Rust equivalent of rados object iterator and cursor; exact signature frozen in R02/owning phase,R09,port-behavior,completion of prior phases; see SPEC.md,"Go values, pages, and builders replace native iterator and allocation lifetimes; async Rust ownership and typed results, not C ABI","reference/go/docs/p00/api-inventory.csv; P08 ownership, pagination, and builder lifecycle tests",R09:native:C++:IoCtx:IoCtx::object_list_end:6687283d901f,implemented-r09
native:C++:IoCtx:IoCtx::object_list_is_end:0deb28d2e135,IoCtx::object_list_is_end,rados object iterator and cursor,Rust equivalent of rados object iterator and cursor; exact signature frozen in R02/owning phase,R09,port-behavior,completion of prior phases; see SPEC.md,"Go values, pages, and builders replace native iterator and allocation lifetimes; async Rust ownership and typed results, not C ABI","reference/go/docs/p00/api-inventory.csv; P08 ownership, pagination, and builder lifecycle tests",R09:native:C++:IoCtx:IoCtx::object_list_is_end:0deb28d2e135,implemented-r09
native:C++:IoCtx:IoCtx::object_list_slice:f9e5f082e1cd,IoCtx::object_list_slice,rados object iterator and cursor,Rust equivalent of rados object iterator and cursor; exact signature frozen in R02/owning phase,R09,port-behavior,completion of prior phases; see SPEC.md,"Context-aware Go values, pages, and builders preserve the operation semantics; async Rust ownership and typed results, not C ABI","reference/go/docs/p00/api-inventory.csv; P08 unit and live metadata, compound, enumeration, and map-change tests",R09:native:C++:IoCtx:IoCtx::object_list_slice:f9e5f082e1cd,implemented-r09
native:C++:IoCtx:IoCtx::omap_clear:657e7cda1d7d,IoCtx::omap_clear,rados metadata methods / operation builders,Rust equivalent of rados metadata methods / operation builders; exact signature frozen in R02/owning phase,R09,port-behavior,completion of prior phases; see SPEC.md,"Context-aware Go values, pages, and builders preserve the operation semantics; async Rust ownership and typed results, not C ABI","reference/go/docs/p00/api-inventory.csv; P08 unit and live metadata, compound, enumeration, and map-change tests",R09:native:C++:IoCtx:IoCtx::omap_clear:657e7cda1d7d,implemented-r09
native:C++:IoCtx:IoCtx::omap_get_header:70a57a04113f,IoCtx::omap_get_header,rados.ObjectRef.GetOMAPHeader,Rust equivalent of rados.ObjectRef.GetOMAPHeader; exact signature frozen in R02/owning phase,R09,port-behavior,replicated pools on certified Ceph 20.2.4,"Returns caller-owned header bytes; async Rust ownership and typed results, not C ABI",reference/go/docs/p00/api-inventory.csv; P08 unit and live metadata tests,R09:native:C++:IoCtx:IoCtx::omap_get_header:70a57a04113f,implemented-r09
native:C++:IoCtx:IoCtx::omap_get_keys:ac5ca1c84751,IoCtx::omap_get_keys,rados metadata methods / operation builders,Rust equivalent of rados metadata methods / operation builders; exact signature frozen in R02/owning phase,R09,port-behavior,completion of prior phases; see SPEC.md,"Context-aware Go values, pages, and builders preserve the operation semantics; async Rust ownership and typed results, not C ABI","reference/go/docs/p00/api-inventory.csv; P08 unit and live metadata, compound, enumeration, and map-change tests",R09:native:C++:IoCtx:IoCtx::omap_get_keys:ac5ca1c84751,planned-not-implemented
native:C++:IoCtx:IoCtx::omap_get_keys2:766fa2643ccf,IoCtx::omap_get_keys2,rados metadata methods / operation builders,Rust equivalent of rados metadata methods / operation builders; exact signature frozen in R02/owning phase,R09,port-behavior,completion of prior phases; see SPEC.md,"Context-aware Go values, pages, and builders preserve the operation semantics; async Rust ownership and typed results, not C ABI","reference/go/docs/p00/api-inventory.csv; P08 unit and live metadata, compound, enumeration, and map-change tests",R09:native:C++:IoCtx:IoCtx::omap_get_keys2:766fa2643ccf,planned-not-implemented
native:C++:IoCtx:IoCtx::omap_get_vals:9cbdd99467b8,IoCtx::omap_get_vals,rados metadata methods / operation builders,Rust equivalent of rados metadata methods / operation builders; exact signature frozen in R02/owning phase,R09,port-behavior,completion of prior phases; see SPEC.md,"Context-aware Go values, pages, and builders preserve the operation semantics; async Rust ownership and typed results, not C ABI","reference/go/docs/p00/api-inventory.csv; P08 unit and live metadata, compound, enumeration, and map-change tests",R09:native:C++:IoCtx:IoCtx::omap_get_vals:9cbdd99467b8,implemented-r09
native:C++:IoCtx:IoCtx::omap_get_vals:4ef940d1b9ac,IoCtx::omap_get_vals,rados metadata methods / operation builders,Rust equivalent of rados metadata methods / operation builders; exact signature frozen in R02/owning phase,R09,port-behavior,completion of prior phases; see SPEC.md,"Context-aware Go values, pages, and builders preserve the operation semantics; async Rust ownership and typed results, not C ABI","reference/go/docs/p00/api-inventory.csv; P08 unit and live metadata, compound, enumeration, and map-change tests",R09:native:C++:IoCtx:IoCtx::omap_get_vals:4ef940d1b9ac,implemented-r09
native:C++:IoCtx:IoCtx::omap_get_vals2:050ff6402d65,IoCtx::omap_get_vals2,rados metadata methods / operation builders,Rust equivalent of rados metadata methods / operation builders; exact signature frozen in R02/owning phase,R09,port-behavior,completion of prior phases; see SPEC.md,"Context-aware Go values, pages, and builders preserve the operation semantics; async Rust ownership and typed results, not C ABI","reference/go/docs/p00/api-inventory.csv; P08 unit and live metadata, compound, enumeration, and map-change tests",R09:native:C++:IoCtx:IoCtx::omap_get_vals2:050ff6402d65,implemented-r09
native:C++:IoCtx:IoCtx::omap_get_vals2:703e6df6c0d4,IoCtx::omap_get_vals2,rados metadata methods / operation builders,Rust equivalent of rados metadata methods / operation builders; exact signature frozen in R02/owning phase,R09,port-behavior,completion of prior phases; see SPEC.md,"Context-aware Go values, pages, and builders preserve the operation semantics; async Rust ownership and typed results, not C ABI","reference/go/docs/p00/api-inventory.csv; P08 unit and live metadata, compound, enumeration, and map-change tests",R09:native:C++:IoCtx:IoCtx::omap_get_vals2:703e6df6c0d4,implemented-r09
native:C++:IoCtx:IoCtx::omap_get_vals_by_keys:077e46779387,IoCtx::omap_get_vals_by_keys,rados.ObjectRef.GetOMAP,Rust equivalent of rados.ObjectRef.GetOMAP; exact signature frozen in R02/owning phase,R09,port-behavior,replicated pools on certified Ceph 20.2.4,"Binary-safe key selection returns caller-owned entries; async Rust ownership and typed results, not C ABI",reference/go/docs/p00/api-inventory.csv; P08 codec and live metadata tests,R09:native:C++:IoCtx:IoCtx::omap_get_vals_by_keys:077e46779387,implemented-r09
native:C++:IoCtx:IoCtx::omap_rm_keys:316ee5b1f46b,IoCtx::omap_rm_keys,rados metadata methods / operation builders,Rust equivalent of rados metadata methods / operation builders; exact signature frozen in R02/owning phase,R09,port-behavior,completion of prior phases; see SPEC.md,"Context-aware Go values, pages, and builders preserve the operation semantics; async Rust ownership and typed results, not C ABI","reference/go/docs/p00/api-inventory.csv; P08 unit and live metadata, compound, enumeration, and map-change tests",R09:native:C++:IoCtx:IoCtx::omap_rm_keys:316ee5b1f46b,implemented-r09
native:C++:IoCtx:IoCtx::omap_set:cdcbbf472387,IoCtx::omap_set,rados metadata methods / operation builders,Rust equivalent of rados metadata methods / operation builders; exact signature frozen in R02/owning phase,R09,port-behavior,completion of prior phases; see SPEC.md,"Context-aware Go values, pages, and builders preserve the operation semantics; async Rust ownership and typed results, not C ABI","reference/go/docs/p00/api-inventory.csv; P08 unit and live metadata, compound, enumeration, and map-change tests",R09:native:C++:IoCtx:IoCtx::omap_set:cdcbbf472387,implemented-r09
native:C++:IoCtx:IoCtx::omap_set_header:da7f21d74332,IoCtx::omap_set_header,rados metadata methods / operation builders,Rust equivalent of rados metadata methods / operation builders; exact signature frozen in R02/owning phase,R09,port-behavior,completion of prior phases; see SPEC.md,"Context-aware Go values, pages, and builders preserve the operation semantics; async Rust ownership and typed results, not C ABI","reference/go/docs/p00/api-inventory.csv; P08 unit and live metadata, compound, enumeration, and map-change tests",R09:native:C++:IoCtx:IoCtx::omap_set_header:da7f21d74332,implemented-r09
native:C++:IoCtx:IoCtx::operate:4c4b0d8fe235,IoCtx::operate,rados.ReadOp / rados.WriteOp,Rust equivalent of rados.ReadOp / rados.WriteOp; exact signature frozen in R02/owning phase,R09,port-behavior,completion of prior phases; see SPEC.md,"Context-aware Go values, pages, and builders preserve the operation semantics; async Rust ownership and typed results, not C ABI","reference/go/docs/p00/api-inventory.csv; P08 unit and live metadata, compound, enumeration, and map-change tests",R09:native:C++:IoCtx:IoCtx::operate:4c4b0d8fe235,implemented-r09
native:C++:IoCtx:IoCtx::operate:2cfffa577011,IoCtx::operate,rados.ReadOp / rados.WriteOp,Rust equivalent of rados.ReadOp / rados.WriteOp; exact signature frozen in R02/owning phase,R09,port-behavior,completion of prior phases; see SPEC.md,"Context-aware Go values, pages, and builders preserve the operation semantics; async Rust ownership and typed results, not C ABI","reference/go/docs/p00/api-inventory.csv; P08 unit and live metadata, compound, enumeration, and map-change tests",R09:native:C++:IoCtx:IoCtx::operate:2cfffa577011,implemented-r09
native:C++:IoCtx:IoCtx::operate:f64c3b0777e4,IoCtx::operate,rados.ReadOp / rados.WriteOp,Rust equivalent of rados.ReadOp / rados.WriteOp; exact signature frozen in R02/owning phase,R09,port-behavior,completion of prior phases; see SPEC.md,"Context-aware Go values, pages, and builders preserve the operation semantics; async Rust ownership and typed results, not C ABI","reference/go/docs/p00/api-inventory.csv; P08 unit and live metadata, compound, enumeration, and map-change tests",R09:native:C++:IoCtx:IoCtx::operate:f64c3b0777e4,implemented-r09
native:C++:IoCtx:IoCtx::operate:24fffe070836,IoCtx::operate,rados.ReadOp / rados.WriteOp,Rust equivalent of rados.ReadOp / rados.WriteOp; exact signature frozen in R02/owning phase,R09,port-behavior,completion of prior phases; see SPEC.md,"Context-aware Go values, pages, and builders preserve the operation semantics; async Rust ownership and typed results, not C ABI","reference/go/docs/p00/api-inventory.csv; P08 unit and live metadata, compound, enumeration, and map-change tests",R09:native:C++:IoCtx:IoCtx::operate:24fffe070836,implemented-r09
native:C++:IoCtx:IoCtx::operate:9df7df8fdcf8,IoCtx::operate,rados.ReadOp / rados.WriteOp,Rust equivalent of rados.ReadOp / rados.WriteOp; exact signature frozen in R02/owning phase,R09,port-behavior,completion of prior phases; see SPEC.md,"Context-aware Go values, pages, and builders preserve the operation semantics; async Rust ownership and typed results, not C ABI","reference/go/docs/p00/api-inventory.csv; P08 unit and live metadata, compound, enumeration, and map-change tests",R09:native:C++:IoCtx:IoCtx::operate:9df7df8fdcf8,implemented-r09
native:C++:IoCtx:IoCtx::operator=:368c36de8a98,IoCtx::operator=,"Go value, iterator, and ownership semantics","Rust equivalent of Go value, iterator, and ownership semantics; exact signature frozen in R02/owning phase",R02,port-behavior,none,"C++ copy/move/operator surface is represented by idiomatic Go values; async Rust ownership and typed results, not C ABI",reference/go/docs/p00/api-inventory.csv; ownership and iterator tests,R02:native:C++:IoCtx:IoCtx::operator=:368c36de8a98,implemented-r02
native:C++:IoCtx:IoCtx::operator=:fc0fd337c302,IoCtx::operator=,"Go value, iterator, and ownership semantics","Rust equivalent of Go value, iterator, and ownership semantics; exact signature frozen in R02/owning phase",R02,port-behavior,none,"C++ copy/move/operator surface is represented by idiomatic Go values; async Rust ownership and typed results, not C ABI",reference/go/docs/p00/api-inventory.csv; ownership and iterator tests,R02:native:C++:IoCtx:IoCtx::operator=:fc0fd337c302,implemented-r02
native:C++:IoCtx:IoCtx::pool_required_alignment:4de19aa32625,IoCtx::pool_required_alignment,rados specialized object methods,Rust equivalent of rados specialized object methods; exact signature frozen in R02/owning phase,R11,port-behavior,completion of prior phases; see SPEC.md,"Not exposed by the certified P10 Go contract; async Rust ownership and typed results, not C ABI",reference/go/docs/p00/api-inventory.csv; P10 API inventory review; no runtime conformance claim,R11:native:C++:IoCtx:IoCtx::pool_required_alignment:4de19aa32625,planned-not-implemented
native:C++:IoCtx:IoCtx::pool_required_alignment2:3c04b7a6b275,IoCtx::pool_required_alignment2,rados specialized object methods,Rust equivalent of rados specialized object methods; exact signature frozen in R02/owning phase,R11,port-behavior,completion of prior phases; see SPEC.md,"Context-aware Go values preserve native semantics with Go-owned inputs and results; async Rust ownership and typed results, not C ABI",reference/go/docs/p00/api-inventory.csv; P10 unit and live specialized object interoperability tests,R11:native:C++:IoCtx:IoCtx::pool_required_alignment2:3c04b7a6b275,implemented-r11
native:C++:IoCtx:IoCtx::pool_requires_alignment:53d275d52e88,IoCtx::pool_requires_alignment,rados specialized object methods,Rust equivalent of rados specialized object methods; exact signature frozen in R02/owning phase,R11,port-behavior,completion of prior phases; see SPEC.md,"Not exposed by the certified P10 Go contract; async Rust ownership and typed results, not C ABI",reference/go/docs/p00/api-inventory.csv; P10 API inventory review; no runtime conformance claim,R11:native:C++:IoCtx:IoCtx::pool_requires_alignment:53d275d52e88,planned-not-implemented
native:C++:IoCtx:IoCtx::pool_requires_alignment2:5b8d10a79d32,IoCtx::pool_requires_alignment2,rados specialized object methods,Rust equivalent of rados specialized object methods; exact signature frozen in R02/owning phase,R11,port-behavior,completion of prior phases; see SPEC.md,"Context-aware Go values preserve native semantics with Go-owned inputs and results; async Rust ownership and typed results, not C ABI",reference/go/docs/p00/api-inventory.csv; P10 unit and live specialized object interoperability tests,R11:native:C++:IoCtx:IoCtx::pool_requires_alignment2:5b8d10a79d32,implemented-r11
native:C++:IoCtx:IoCtx::read:227fef280e58,IoCtx::read,rados.ObjectRef.Read / rados.ObjectRef.Stat,Rust equivalent of rados.ObjectRef.Read / rados.ObjectRef.Stat; exact signature frozen in R02/owning phase,R07,port-behavior,completion of prior phases; see SPEC.md,"Context-aware reads return Go-owned data and ObjectInfo; async Rust ownership and typed results, not C ABI",reference/go/docs/p00/api-inventory.csv; P06 unit and live read/stat tests,R07:native:C++:IoCtx:IoCtx::read:227fef280e58,implemented-r07
native:C++:IoCtx:IoCtx::remove:7b12e7e729ef,IoCtx::remove,rados.ObjectRef mutation methods,Rust equivalent of rados.ObjectRef mutation methods; exact signature frozen in R02/owning phase,R08,port-behavior,completion of prior phases; see SPEC.md,"Context-aware mutations return versioned OpResult values; async Rust ownership and typed results, not C ABI",reference/go/docs/p00/api-inventory.csv; P07 unit and live mutation tests,R08:native:C++:IoCtx:IoCtx::remove:7b12e7e729ef,implemented-r08
native:C++:IoCtx:IoCtx::remove:9fc3467b6c83,IoCtx::remove,rados.ObjectRef mutation methods,Rust equivalent of rados.ObjectRef mutation methods; exact signature frozen in R02/owning phase,R08,port-behavior,completion of prior phases; see SPEC.md,"Context-aware mutations return versioned OpResult values; async Rust ownership and typed results, not C ABI",reference/go/docs/p00/api-inventory.csv; P07 unit and live mutation tests,R08:native:C++:IoCtx:IoCtx::remove:9fc3467b6c83,implemented-r08
native:C++:IoCtx:IoCtx::rmxattr:1fba45a98f20,IoCtx::rmxattr,rados metadata methods / operation builders,Rust equivalent of rados metadata methods / operation builders; exact signature frozen in R02/owning phase,R09,port-behavior,completion of prior phases; see SPEC.md,"Context-aware Go values, pages, and builders preserve the operation semantics; async Rust ownership and typed results, not C ABI","reference/go/docs/p00/api-inventory.csv; P08 unit and live metadata, compound, enumeration, and map-change tests",R09:native:C++:IoCtx:IoCtx::rmxattr:1fba45a98f20,implemented-r09
native:C++:IoCtx:IoCtx::rollback:919951c2668e,IoCtx::rollback,none,Rust equivalent of none; exact signature frozen in R02/owning phase,R12,port-behavior,completion of prior phases; see SPEC.md,"No deprecated compatibility alias in the initial Go API; async Rust ownership and typed results, not C ABI",reference/go/docs/p00/api-inventory.csv; inventory review; no runtime conformance claim,R12:native:C++:IoCtx:IoCtx::rollback:919951c2668e,intentional-omission-r12
native:C++:IoCtx:IoCtx::selfmanaged_snap_create:f528f5f6c3b4,IoCtx::selfmanaged_snap_create,rados snapshot methods and immutable snapshot views,Rust equivalent of rados snapshot methods and immutable snapshot views; exact signature frozen in R02/owning phase,R11,port-behavior,completion of prior phases; see SPEC.md,"Context-aware Go values preserve native semantics with Go-owned inputs and results; async Rust ownership and typed results, not C ABI",reference/go/docs/p00/api-inventory.csv; P10 unit and live snapshot and EC interoperability tests,R11:native:C++:IoCtx:IoCtx::selfmanaged_snap_create:f528f5f6c3b4,implemented-r11
native:C++:IoCtx:IoCtx::selfmanaged_snap_remove:c167e4f59761,IoCtx::selfmanaged_snap_remove,rados snapshot methods and immutable snapshot views,Rust equivalent of rados snapshot methods and immutable snapshot views; exact signature frozen in R02/owning phase,R11,port-behavior,completion of prior phases; see SPEC.md,"Context-aware Go values preserve native semantics with Go-owned inputs and results; async Rust ownership and typed results, not C ABI",reference/go/docs/p00/api-inventory.csv; P10 unit and live snapshot and EC interoperability tests,R11:native:C++:IoCtx:IoCtx::selfmanaged_snap_remove:c167e4f59761,implemented-r11
native:C++:IoCtx:IoCtx::selfmanaged_snap_rollback:7000ddc6770f,IoCtx::selfmanaged_snap_rollback,rados snapshot methods and immutable snapshot views,Rust equivalent of rados snapshot methods and immutable snapshot views; exact signature frozen in R02/owning phase,R11,port-behavior,completion of prior phases; see SPEC.md,"Context-aware Go values preserve native semantics with Go-owned inputs and results; async Rust ownership and typed results, not C ABI",reference/go/docs/p00/api-inventory.csv; P10 unit and live snapshot and EC interoperability tests,R11:native:C++:IoCtx:IoCtx::selfmanaged_snap_rollback:7000ddc6770f,implemented-r11
native:C++:IoCtx:IoCtx::selfmanaged_snap_set_write_ctx:c33f964a1a3c,IoCtx::selfmanaged_snap_set_write_ctx,rados snapshot methods and immutable snapshot views,Rust equivalent of rados snapshot methods and immutable snapshot views; exact signature frozen in R02/owning phase,R11,port-behavior,completion of prior phases; see SPEC.md,"Context-aware Go values preserve native semantics with Go-owned inputs and results; async Rust ownership and typed results, not C ABI",reference/go/docs/p00/api-inventory.csv; P10 unit and live snapshot and EC interoperability tests,R11:native:C++:IoCtx:IoCtx::selfmanaged_snap_set_write_ctx:c33f964a1a3c,implemented-r11
native:C++:IoCtx:IoCtx::set_alloc_hint:36ee7af640e6,IoCtx::set_alloc_hint,rados specialized object methods,Rust equivalent of rados specialized object methods; exact signature frozen in R02/owning phase,R11,port-behavior,completion of prior phases; see SPEC.md,"Context-aware Go values preserve native semantics with Go-owned inputs and results; async Rust ownership and typed results, not C ABI",reference/go/docs/p00/api-inventory.csv; P10 unit and live specialized object interoperability tests,R11:native:C++:IoCtx:IoCtx::set_alloc_hint:36ee7af640e6,implemented-r11
native:C++:IoCtx:IoCtx::set_alloc_hint2:ab9315055bcd,IoCtx::set_alloc_hint2,rados specialized object methods,Rust equivalent of rados specialized object methods; exact signature frozen in R02/owning phase,R11,port-behavior,completion of prior phases; see SPEC.md,"Not exposed by the certified P10 Go contract; async Rust ownership and typed results, not C ABI",reference/go/docs/p00/api-inventory.csv; P10 API inventory review; no runtime conformance claim,R11:native:C++:IoCtx:IoCtx::set_alloc_hint2:ab9315055bcd,planned-not-implemented
native:C++:IoCtx:IoCtx::set_assert_version:58855ffd3cba,IoCtx::set_assert_version,rados.ReadOp / rados.WriteOp,Rust equivalent of rados.ReadOp / rados.WriteOp; exact signature frozen in R02/owning phase,R09,port-behavior,completion of prior phases; see SPEC.md,"Context-aware Go values, pages, and builders preserve the operation semantics; async Rust ownership and typed results, not C ABI","reference/go/docs/p00/api-inventory.csv; P08 unit and live metadata, compound, enumeration, and map-change tests",R09:native:C++:IoCtx:IoCtx::set_assert_version:58855ffd3cba,implemented-r09
native:C++:IoCtx:IoCtx::set_auid:049611e1777e,IoCtx::set_auid,none,Rust equivalent of none; exact signature frozen in R02/owning phase,R12,port-behavior,completion of prior phases; see SPEC.md,"No deprecated compatibility alias in the initial Go API; async Rust ownership and typed results, not C ABI",reference/go/docs/p00/api-inventory.csv; inventory review; no runtime conformance claim,R12:native:C++:IoCtx:IoCtx::set_auid:049611e1777e,intentional-omission-r12
native:C++:IoCtx:IoCtx::set_auid_async:ee00ce80ba1a,IoCtx::set_auid_async,none,Rust equivalent of none; exact signature frozen in R02/owning phase,R12,port-behavior,completion of prior phases; see SPEC.md,"No deprecated compatibility alias in the initial Go API; async Rust ownership and typed results, not C ABI",reference/go/docs/p00/api-inventory.csv; inventory review; no runtime conformance claim,R12:native:C++:IoCtx:IoCtx::set_auid_async:ee00ce80ba1a,intentional-omission-r12
native:C++:IoCtx:IoCtx::set_namespace:a55287332006,IoCtx::set_namespace,rados.Pool.WithNamespace / rados.Pool.WithLocator,Rust equivalent of rados.Pool.WithNamespace / rados.Pool.WithLocator; exact signature frozen in R02/owning phase,R06,port-behavior,completion of prior phases; see SPEC.md,"Immutable pool views replace mutable ioctx namespace and locator state; async Rust ownership and typed results, not C ABI",reference/go/docs/p00/api-inventory.csv; P05 unit and live placement tests,R06:native:C++:IoCtx:IoCtx::set_namespace:a55287332006,implemented-r07
native:C++:IoCtx:IoCtx::set_notify_timeout:df7842ca4a78,IoCtx::set_notify_timeout,rados.Watch and notify methods,Rust equivalent of rados.Watch and notify methods; exact signature frozen in R02/owning phase,R10,port-behavior,completion of prior phases; see SPEC.md,"Unified context-aware Go calls preserve native semantics and use Go-owned results; async Rust ownership and typed results, not C ABI",reference/go/docs/p00/api-inventory.csv; P09 unit and live watch/notify interoperability tests,R10:native:C++:IoCtx:IoCtx::set_notify_timeout:df7842ca4a78,implemented-r10
native:C++:IoCtx:IoCtx::set_osdmap_full_try:c4cf1e8b2453,IoCtx::set_osdmap_full_try,none,Rust equivalent of none; exact signature frozen in R02/owning phase,R12,port-behavior,completion of prior phases; see SPEC.md,"No deprecated compatibility alias in the initial Go API; async Rust ownership and typed results, not C ABI",reference/go/docs/p00/api-inventory.csv; inventory review; no runtime conformance claim,R12:native:C++:IoCtx:IoCtx::set_osdmap_full_try:c4cf1e8b2453,intentional-omission-r12
native:C++:IoCtx:IoCtx::set_pool_full_try:c92c665d14e3,IoCtx::set_pool_full_try,rados.ReadOp / rados.WriteOp,Rust equivalent of rados.ReadOp / rados.WriteOp; exact signature frozen in R02/owning phase,R09,port-behavior,completion of prior phases; see SPEC.md,"Not exposed by the certified P08 Go contract; async Rust ownership and typed results, not C ABI",reference/go/docs/p00/api-inventory.csv; P08 API inventory review; no runtime conformance claim,R09:native:C++:IoCtx:IoCtx::set_pool_full_try:c92c665d14e3,planned-not-implemented
native:C++:IoCtx:IoCtx::setxattr:41188115cfd2,IoCtx::setxattr,rados metadata methods / operation builders,Rust equivalent of rados metadata methods / operation builders; exact signature frozen in R02/owning phase,R09,port-behavior,completion of prior phases; see SPEC.md,"Context-aware Go values, pages, and builders preserve the operation semantics; async Rust ownership and typed results, not C ABI","reference/go/docs/p00/api-inventory.csv; P08 unit and live metadata, compound, enumeration, and map-change tests",R09:native:C++:IoCtx:IoCtx::setxattr:41188115cfd2,implemented-r09
native:C++:IoCtx:IoCtx::snap_create:d3d605bfb8fa,IoCtx::snap_create,rados snapshot methods and immutable snapshot views,Rust equivalent of rados snapshot methods and immutable snapshot views; exact signature frozen in R02/owning phase,R11,port-behavior,completion of prior phases; see SPEC.md,"Context-aware Go values preserve native semantics with Go-owned inputs and results; async Rust ownership and typed results, not C ABI",reference/go/docs/p00/api-inventory.csv; P10 unit and live snapshot and EC interoperability tests,R11:native:C++:IoCtx:IoCtx::snap_create:d3d605bfb8fa,implemented-r11
native:C++:IoCtx:IoCtx::snap_get_name:443342f34e31,IoCtx::snap_get_name,rados snapshot methods and immutable snapshot views,Rust equivalent of rados snapshot methods and immutable snapshot views; exact signature frozen in R02/owning phase,R11,port-behavior,completion of prior phases; see SPEC.md,"Context-aware Go values preserve native semantics with Go-owned inputs and results; async Rust ownership and typed results, not C ABI",reference/go/docs/p00/api-inventory.csv; P10 unit and live snapshot and EC interoperability tests,R11:native:C++:IoCtx:IoCtx::snap_get_name:443342f34e31,implemented-r11
native:C++:IoCtx:IoCtx::snap_get_stamp:d4724a8054e5,IoCtx::snap_get_stamp,rados snapshot methods and immutable snapshot views,Rust equivalent of rados snapshot methods and immutable snapshot views; exact signature frozen in R02/owning phase,R11,port-behavior,completion of prior phases; see SPEC.md,"Context-aware Go values preserve native semantics with Go-owned inputs and results; async Rust ownership and typed results, not C ABI",reference/go/docs/p00/api-inventory.csv; P10 unit and live snapshot and EC interoperability tests,R11:native:C++:IoCtx:IoCtx::snap_get_stamp:d4724a8054e5,implemented-r11
native:C++:IoCtx:IoCtx::snap_list:569a53e2811a,IoCtx::snap_list,rados snapshot methods and immutable snapshot views,Rust equivalent of rados snapshot methods and immutable snapshot views; exact signature frozen in R02/owning phase,R11,port-behavior,completion of prior phases; see SPEC.md,"Context-aware Go values preserve native semantics with Go-owned inputs and results; async Rust ownership and typed results, not C ABI",reference/go/docs/p00/api-inventory.csv; P10 unit and live snapshot and EC interoperability tests,R11:native:C++:IoCtx:IoCtx::snap_list:569a53e2811a,implemented-r11
native:C++:IoCtx:IoCtx::snap_lookup:e50355322c90,IoCtx::snap_lookup,rados snapshot methods and immutable snapshot views,Rust equivalent of rados snapshot methods and immutable snapshot views; exact signature frozen in R02/owning phase,R11,port-behavior,completion of prior phases; see SPEC.md,"Context-aware Go values preserve native semantics with Go-owned inputs and results; async Rust ownership and typed results, not C ABI",reference/go/docs/p00/api-inventory.csv; P10 unit and live snapshot and EC interoperability tests,R11:native:C++:IoCtx:IoCtx::snap_lookup:e50355322c90,implemented-r11
native:C++:IoCtx:IoCtx::snap_remove:b08d633b9d41,IoCtx::snap_remove,rados snapshot methods and immutable snapshot views,Rust equivalent of rados snapshot methods and immutable snapshot views; exact signature frozen in R02/owning phase,R11,port-behavior,completion of prior phases; see SPEC.md,"Context-aware Go values preserve native semantics with Go-owned inputs and results; async Rust ownership and typed results, not C ABI",reference/go/docs/p00/api-inventory.csv; P10 unit and live snapshot and EC interoperability tests,R11:native:C++:IoCtx:IoCtx::snap_remove:b08d633b9d41,implemented-r11
native:C++:IoCtx:IoCtx::snap_rollback:76a322377c89,IoCtx::snap_rollback,rados snapshot methods and immutable snapshot views,Rust equivalent of rados snapshot methods and immutable snapshot views; exact signature frozen in R02/owning phase,R11,port-behavior,completion of prior phases; see SPEC.md,"Context-aware Go values preserve native semantics with Go-owned inputs and results; async Rust ownership and typed results, not C ABI",reference/go/docs/p00/api-inventory.csv; P10 unit and live snapshot and EC interoperability tests,R11:native:C++:IoCtx:IoCtx::snap_rollback:76a322377c89,implemented-r11
native:C++:IoCtx:IoCtx::snap_set_read:05f08d72385d,IoCtx::snap_set_read,rados snapshot methods and immutable snapshot views,Rust equivalent of rados snapshot methods and immutable snapshot views; exact signature frozen in R02/owning phase,R11,port-behavior,completion of prior phases; see SPEC.md,"Context-aware Go values preserve native semantics with Go-owned inputs and results; async Rust ownership and typed results, not C ABI",reference/go/docs/p00/api-inventory.csv; P10 unit and live snapshot and EC interoperability tests,R11:native:C++:IoCtx:IoCtx::snap_set_read:05f08d72385d,implemented-r11
native:C++:IoCtx:IoCtx::sparse_read:8ccc646a06f0,IoCtx::sparse_read,rados specialized object methods,Rust equivalent of rados specialized object methods; exact signature frozen in R02/owning phase,R11,port-behavior,completion of prior phases; see SPEC.md,"Context-aware Go values preserve native semantics with Go-owned inputs and results; async Rust ownership and typed results, not C ABI",reference/go/docs/p00/api-inventory.csv; P10 unit and live specialized object interoperability tests,R11:native:C++:IoCtx:IoCtx::sparse_read:8ccc646a06f0,implemented-r11
native:C++:IoCtx:IoCtx::stat:aa3a6ee1b650,IoCtx::stat,rados.ObjectRef.Read / rados.ObjectRef.Stat,Rust equivalent of rados.ObjectRef.Read / rados.ObjectRef.Stat; exact signature frozen in R02/owning phase,R07,port-behavior,completion of prior phases; see SPEC.md,"Context-aware reads return Go-owned data and ObjectInfo; async Rust ownership and typed results, not C ABI",reference/go/docs/p00/api-inventory.csv; P06 unit and live read/stat tests,R07:native:C++:IoCtx:IoCtx::stat:aa3a6ee1b650,implemented-r07
native:C++:IoCtx:IoCtx::stat2:ec436b890f2f,IoCtx::stat2,rados.ObjectRef.Read / rados.ObjectRef.Stat,Rust equivalent of rados.ObjectRef.Read / rados.ObjectRef.Stat; exact signature frozen in R02/owning phase,R07,port-behavior,completion of prior phases; see SPEC.md,"Context-aware reads return Go-owned data and ObjectInfo; async Rust ownership and typed results, not C ABI",reference/go/docs/p00/api-inventory.csv; P06 unit and live read/stat tests,R07:native:C++:IoCtx:IoCtx::stat2:ec436b890f2f,implemented-r07
native:C++:IoCtx:IoCtx::tmap_update:28dce94ecbf1,IoCtx::tmap_update,none,Rust equivalent of none; exact signature frozen in R02/owning phase,R12,port-behavior,completion of prior phases; see SPEC.md,"No deprecated compatibility alias in the initial Go API; async Rust ownership and typed results, not C ABI",reference/go/docs/p00/api-inventory.csv; inventory review; no runtime conformance claim,R12:native:C++:IoCtx:IoCtx::tmap_update:28dce94ecbf1,intentional-omission-r12
native:C++:IoCtx:IoCtx::trunc:6b19553d1ffe,IoCtx::trunc,rados.ObjectRef mutation methods,Rust equivalent of rados.ObjectRef mutation methods; exact signature frozen in R02/owning phase,R08,port-behavior,completion of prior phases; see SPEC.md,"Context-aware mutations return versioned OpResult values; async Rust ownership and typed results, not C ABI",reference/go/docs/p00/api-inventory.csv; P07 unit and live mutation tests,R08:native:C++:IoCtx:IoCtx::trunc:6b19553d1ffe,implemented-r08
native:C++:IoCtx:IoCtx::unlock:5c028b88e12a,IoCtx::unlock,rados lock methods,Rust equivalent of rados lock methods; exact signature frozen in R02/owning phase,R10,port-behavior,completion of prior phases; see SPEC.md,"Unified context-aware Go calls preserve native semantics and use Go-owned results; async Rust ownership and typed results, not C ABI",reference/go/docs/p00/api-inventory.csv; P09 unit and live lock interoperability tests,R10:native:C++:IoCtx:IoCtx::unlock:5c028b88e12a,implemented-r10
native:C++:IoCtx:IoCtx::unset_osdmap_full_try:f02da3c37e18,IoCtx::unset_osdmap_full_try,none,Rust equivalent of none; exact signature frozen in R02/owning phase,R12,port-behavior,completion of prior phases; see SPEC.md,"No deprecated compatibility alias in the initial Go API; async Rust ownership and typed results, not C ABI",reference/go/docs/p00/api-inventory.csv; inventory review; no runtime conformance claim,R12:native:C++:IoCtx:IoCtx::unset_osdmap_full_try:f02da3c37e18,intentional-omission-r12
native:C++:IoCtx:IoCtx::unset_pool_full_try:629732806f2c,IoCtx::unset_pool_full_try,rados.ReadOp / rados.WriteOp,Rust equivalent of rados.ReadOp / rados.WriteOp; exact signature frozen in R02/owning phase,R09,port-behavior,completion of prior phases; see SPEC.md,"Not exposed by the certified P08 Go contract; async Rust ownership and typed results, not C ABI",reference/go/docs/p00/api-inventory.csv; P08 API inventory review; no runtime conformance claim,R09:native:C++:IoCtx:IoCtx::unset_pool_full_try:629732806f2c,planned-not-implemented
native:C++:IoCtx:IoCtx::unwatch:8465fcf017e1,IoCtx::unwatch,none,Rust equivalent of none; exact signature frozen in R02/owning phase,R12,port-behavior,completion of prior phases; see SPEC.md,"No deprecated compatibility alias in the initial Go API; async Rust ownership and typed results, not C ABI",reference/go/docs/p00/api-inventory.csv; inventory review; no runtime conformance claim,R12:native:C++:IoCtx:IoCtx::unwatch:8465fcf017e1,intentional-omission-r12
native:C++:IoCtx:IoCtx::unwatch2:2327ddbc4f80,IoCtx::unwatch2,rados.Watch and notify methods,Rust equivalent of rados.Watch and notify methods; exact signature frozen in R02/owning phase,R10,port-behavior,completion of prior phases; see SPEC.md,"Unified context-aware Go calls preserve native semantics and use Go-owned results; async Rust ownership and typed results, not C ABI",reference/go/docs/p00/api-inventory.csv; P09 unit and live watch/notify interoperability tests,R10:native:C++:IoCtx:IoCtx::unwatch2:2327ddbc4f80,implemented-r10
native:C++:IoCtx:IoCtx::watch:6c4c4ca2d5a1,IoCtx::watch,none,Rust equivalent of none; exact signature frozen in R02/owning phase,R12,port-behavior,completion of prior phases; see SPEC.md,"No deprecated compatibility alias in the initial Go API; async Rust ownership and typed results, not C ABI",reference/go/docs/p00/api-inventory.csv; inventory review; no runtime conformance claim,R12:native:C++:IoCtx:IoCtx::watch:6c4c4ca2d5a1,intentional-omission-r12
native:C++:IoCtx:IoCtx::watch2:7de76112f334,IoCtx::watch2,rados.Watch and notify methods,Rust equivalent of rados.Watch and notify methods; exact signature frozen in R02/owning phase,R10,port-behavior,completion of prior phases; see SPEC.md,"Unified context-aware Go calls preserve native semantics and use Go-owned results; async Rust ownership and typed results, not C ABI",reference/go/docs/p00/api-inventory.csv; P09 unit and live watch/notify interoperability tests,R10:native:C++:IoCtx:IoCtx::watch2:7de76112f334,implemented-r10
native:C++:IoCtx:IoCtx::watch3:8d2aa92f3a9c,IoCtx::watch3,rados.Watch and notify methods,Rust equivalent of rados.Watch and notify methods; exact signature frozen in R02/owning phase,R10,port-behavior,completion of prior phases; see SPEC.md,"Unified context-aware Go calls preserve native semantics and use Go-owned results; async Rust ownership and typed results, not C ABI",reference/go/docs/p00/api-inventory.csv; P09 unit and live watch/notify interoperability tests,R10:native:C++:IoCtx:IoCtx::watch3:8d2aa92f3a9c,implemented-r10
native:C++:IoCtx:IoCtx::watch_check:b27fad7830a9,IoCtx::watch_check,rados.Watch and notify methods,Rust equivalent of rados.Watch and notify methods; exact signature frozen in R02/owning phase,R10,port-behavior,completion of prior phases; see SPEC.md,"Unified context-aware Go calls preserve native semantics and use Go-owned results; async Rust ownership and typed results, not C ABI",reference/go/docs/p00/api-inventory.csv; P09 unit and live watch/notify interoperability tests,R10:native:C++:IoCtx:IoCtx::watch_check:b27fad7830a9,implemented-r10
native:C++:IoCtx:IoCtx::write:d607495537ec,IoCtx::write,rados.ObjectRef mutation methods,Rust equivalent of rados.ObjectRef mutation methods; exact signature frozen in R02/owning phase,R08,port-behavior,completion of prior phases; see SPEC.md,"Context-aware mutations return versioned OpResult values; async Rust ownership and typed results, not C ABI",reference/go/docs/p00/api-inventory.csv; P07 unit and live mutation tests,R08:native:C++:IoCtx:IoCtx::write:d607495537ec,implemented-r08
native:C++:IoCtx:IoCtx::write_full:ca685ed66e0c,IoCtx::write_full,rados.ObjectRef mutation methods,Rust equivalent of rados.ObjectRef mutation methods; exact signature frozen in R02/owning phase,R08,port-behavior,completion of prior phases; see SPEC.md,"Context-aware mutations return versioned OpResult values; async Rust ownership and typed results, not C ABI",reference/go/docs/p00/api-inventory.csv; P07 unit and live mutation tests,R08:native:C++:IoCtx:IoCtx::write_full:ca685ed66e0c,implemented-r08
native:C++:IoCtx:IoCtx::writesame:dad38faa7805,IoCtx::writesame,rados specialized object methods,Rust equivalent of rados specialized object methods; exact signature frozen in R02/owning phase,R11,port-behavior,completion of prior phases; see SPEC.md,"Context-aware Go values preserve native semantics with Go-owned inputs and results; async Rust ownership and typed results, not C ABI",reference/go/docs/p00/api-inventory.csv; P10 unit and live specialized object interoperability tests,R11:native:C++:IoCtx:IoCtx::writesame:dad38faa7805,implemented-r11
native:C++:IoCtx:IoCtx::~IoCtx:7c7d2cd18c65,IoCtx::~IoCtx,automatic Go memory ownership,Rust equivalent of automatic Go memory ownership; exact signature frozen in R02/owning phase,R02,port-behavior,none,"No public deallocator; async Rust ownership and typed results, not C ABI",reference/go/docs/p00/api-inventory.csv; ownership and leak tests,R02:native:C++:IoCtx:IoCtx::~IoCtx:7c7d2cd18c65,implemented-r02
native:C++:ListObject:ListObject::ListObject:b9ce5bac8d4a,ListObject::ListObject,rados object iterator and cursor,Rust equivalent of rados object iterator and cursor; exact signature frozen in R02/owning phase,R09,port-behavior,completion of prior phases; see SPEC.md,"Go values, pages, and builders replace native iterator and allocation lifetimes; async Rust ownership and typed results, not C ABI","reference/go/docs/p00/api-inventory.csv; P08 ownership, pagination, and builder lifecycle tests",R09:native:C++:ListObject:ListObject::ListObject:b9ce5bac8d4a,implemented-r09
native:C++:ListObject:ListObject::ListObject:7b8f4532675a,ListObject::ListObject,rados object iterator and cursor,Rust equivalent of rados object iterator and cursor; exact signature frozen in R02/owning phase,R09,port-behavior,completion of prior phases; see SPEC.md,"Go values, pages, and builders replace native iterator and allocation lifetimes; async Rust ownership and typed results, not C ABI","reference/go/docs/p00/api-inventory.csv; P08 ownership, pagination, and builder lifecycle tests",R09:native:C++:ListObject:ListObject::ListObject:7b8f4532675a,implemented-r09
native:C++:ListObject:ListObject::get_locator:e74dfd99ef86,ListObject::get_locator,rados object iterator and cursor,Rust equivalent of rados object iterator and cursor; exact signature frozen in R02/owning phase,R09,port-behavior,completion of prior phases; see SPEC.md,"Context-aware Go values, pages, and builders preserve the operation semantics; async Rust ownership and typed results, not C ABI","reference/go/docs/p00/api-inventory.csv; P08 unit and live metadata, compound, enumeration, and map-change tests",R09:native:C++:ListObject:ListObject::get_locator:e74dfd99ef86,implemented-r09
native:C++:ListObject:ListObject::get_nspace:a4204092bfcb,ListObject::get_nspace,rados object iterator and cursor,Rust equivalent of rados object iterator and cursor; exact signature frozen in R02/owning phase,R09,port-behavior,completion of prior phases; see SPEC.md,"Context-aware Go values, pages, and builders preserve the operation semantics; async Rust ownership and typed results, not C ABI","reference/go/docs/p00/api-inventory.csv; P08 unit and live metadata, compound, enumeration, and map-change tests",R09:native:C++:ListObject:ListObject::get_nspace:a4204092bfcb,implemented-r09
native:C++:ListObject:ListObject::get_oid:0e61139cbf3c,ListObject::get_oid,rados object iterator and cursor,Rust equivalent of rados object iterator and cursor; exact signature frozen in R02/owning phase,R09,port-behavior,completion of prior phases; see SPEC.md,"Context-aware Go values, pages, and builders preserve the operation semantics; async Rust ownership and typed results, not C ABI","reference/go/docs/p00/api-inventory.csv; P08 unit and live metadata, compound, enumeration, and map-change tests",R09:native:C++:ListObject:ListObject::get_oid:0e61139cbf3c,implemented-r09
native:C++:ListObject:ListObject::operator=:786715ed08ca,ListObject::operator=,"Go value, iterator, and ownership semantics","Rust equivalent of Go value, iterator, and ownership semantics; exact signature frozen in R02/owning phase",R02,port-behavior,none,"C++ copy/move/operator surface is represented by idiomatic Go values; async Rust ownership and typed results, not C ABI",reference/go/docs/p00/api-inventory.csv; ownership and iterator tests,R02:native:C++:ListObject:ListObject::operator=:786715ed08ca,implemented-r02
native:C++:ListObject:ListObject::~ListObject:f94194d4f046,ListObject::~ListObject,automatic Go memory ownership,Rust equivalent of automatic Go memory ownership; exact signature frozen in R02/owning phase,R02,port-behavior,none,"No public deallocator; async Rust ownership and typed results, not C ABI",reference/go/docs/p00/api-inventory.csv; ownership and leak tests,R02:native:C++:ListObject:ListObject::~ListObject:f94194d4f046,implemented-r02
native:C++:NObjectIterator:NObjectIterator::NObjectIterator:619a38e4fe7b,NObjectIterator::NObjectIterator,rados object iterator and cursor,Rust equivalent of rados object iterator and cursor; exact signature frozen in R02/owning phase,R09,port-behavior,completion of prior phases; see SPEC.md,"Go values, pages, and builders replace native iterator and allocation lifetimes; async Rust ownership and typed results, not C ABI","reference/go/docs/p00/api-inventory.csv; P08 ownership, pagination, and builder lifecycle tests",R09:native:C++:NObjectIterator:NObjectIterator::NObjectIterator:619a38e4fe7b,implemented-r09
native:C++:NObjectIterator:NObjectIterator::NObjectIterator:6b3957b62c66,NObjectIterator::NObjectIterator,rados object iterator and cursor,Rust equivalent of rados object iterator and cursor; exact signature frozen in R02/owning phase,R09,port-behavior,completion of prior phases; see SPEC.md,"Go values, pages, and builders replace native iterator and allocation lifetimes; async Rust ownership and typed results, not C ABI","reference/go/docs/p00/api-inventory.csv; P08 ownership, pagination, and builder lifecycle tests",R09:native:C++:NObjectIterator:NObjectIterator::NObjectIterator:6b3957b62c66,implemented-r09
native:C++:NObjectIterator:NObjectIterator::get_cursor:5e74d5882082,NObjectIterator::get_cursor,rados object iterator and cursor,Rust equivalent of rados object iterator and cursor; exact signature frozen in R02/owning phase,R09,port-behavior,completion of prior phases; see SPEC.md,"Context-aware Go values, pages, and builders preserve the operation semantics; async Rust ownership and typed results, not C ABI","reference/go/docs/p00/api-inventory.csv; P08 unit and live metadata, compound, enumeration, and map-change tests",R09:native:C++:NObjectIterator:NObjectIterator::get_cursor:5e74d5882082,implemented-r09
native:C++:NObjectIterator:NObjectIterator::get_pg_hash_position:a2aad43a8d51,NObjectIterator::get_pg_hash_position,rados object iterator and cursor,Rust equivalent of rados object iterator and cursor; exact signature frozen in R02/owning phase,R09,port-behavior,completion of prior phases; see SPEC.md,"Not exposed by the certified P08 Go contract; async Rust ownership and typed results, not C ABI",reference/go/docs/p00/api-inventory.csv; P08 API inventory review; no runtime conformance claim,R09:native:C++:NObjectIterator:NObjectIterator::get_pg_hash_position:a2aad43a8d51,planned-not-implemented
native:C++:NObjectIterator:NObjectIterator::operator!=:ff9232f73ae1,NObjectIterator::operator!=,"Go value, iterator, and ownership semantics","Rust equivalent of Go value, iterator, and ownership semantics; exact signature frozen in R02/owning phase",R02,port-behavior,none,"C++ copy/move/operator surface is represented by idiomatic Go values; async Rust ownership and typed results, not C ABI",reference/go/docs/p00/api-inventory.csv; ownership and iterator tests,R02:native:C++:NObjectIterator:NObjectIterator::operator!=:ff9232f73ae1,implemented-r02
native:C++:NObjectIterator:NObjectIterator::operator*:fc08c9823db3,NObjectIterator::operator*,"Go value, iterator, and ownership semantics","Rust equivalent of Go value, iterator, and ownership semantics; exact signature frozen in R02/owning phase",R02,port-behavior,none,"C++ copy/move/operator surface is represented by idiomatic Go values; async Rust ownership and typed results, not C ABI",reference/go/docs/p00/api-inventory.csv; ownership and iterator tests,R02:native:C++:NObjectIterator:NObjectIterator::operator*:fc08c9823db3,implemented-r02
native:C++:NObjectIterator:NObjectIterator::operator++:35693f2f4422,NObjectIterator::operator++,"Go value, iterator, and ownership semantics","Rust equivalent of Go value, iterator, and ownership semantics; exact signature frozen in R02/owning phase",R02,port-behavior,none,"C++ copy/move/operator surface is represented by idiomatic Go values; async Rust ownership and typed results, not C ABI",reference/go/docs/p00/api-inventory.csv; ownership and iterator tests,R02:native:C++:NObjectIterator:NObjectIterator::operator++:35693f2f4422,implemented-r02
native:C++:NObjectIterator:NObjectIterator::operator++:7fba96b9c9b0,NObjectIterator::operator++,"Go value, iterator, and ownership semantics","Rust equivalent of Go value, iterator, and ownership semantics; exact signature frozen in R02/owning phase",R02,port-behavior,none,"C++ copy/move/operator surface is represented by idiomatic Go values; async Rust ownership and typed results, not C ABI",reference/go/docs/p00/api-inventory.csv; ownership and iterator tests,R02:native:C++:NObjectIterator:NObjectIterator::operator++:7fba96b9c9b0,implemented-r02
native:C++:NObjectIterator:NObjectIterator::operator->:1aea3cfca73d,NObjectIterator::operator->,"Go value, iterator, and ownership semantics","Rust equivalent of Go value, iterator, and ownership semantics; exact signature frozen in R02/owning phase",R02,port-behavior,none,"C++ copy/move/operator surface is represented by idiomatic Go values; async Rust ownership and typed results, not C ABI",reference/go/docs/p00/api-inventory.csv; ownership and iterator tests,R02:native:C++:NObjectIterator:NObjectIterator::operator->:1aea3cfca73d,implemented-r02
native:C++:NObjectIterator:NObjectIterator::operator=:d67ae4a7fd41,NObjectIterator::operator=,"Go value, iterator, and ownership semantics","Rust equivalent of Go value, iterator, and ownership semantics; exact signature frozen in R02/owning phase",R02,port-behavior,none,"C++ copy/move/operator surface is represented by idiomatic Go values; async Rust ownership and typed results, not C ABI",reference/go/docs/p00/api-inventory.csv; ownership and iterator tests,R02:native:C++:NObjectIterator:NObjectIterator::operator=:d67ae4a7fd41,implemented-r02
native:C++:NObjectIterator:NObjectIterator::operator==:5d1b87bbce5f,NObjectIterator::operator==,"Go value, iterator, and ownership semantics","Rust equivalent of Go value, iterator, and ownership semantics; exact signature frozen in R02/owning phase",R02,port-behavior,none,"C++ copy/move/operator surface is represented by idiomatic Go values; async Rust ownership and typed results, not C ABI",reference/go/docs/p00/api-inventory.csv; ownership and iterator tests,R02:native:C++:NObjectIterator:NObjectIterator::operator==:5d1b87bbce5f,implemented-r02
native:C++:NObjectIterator:NObjectIterator::seek:36e0528325aa,NObjectIterator::seek,rados object iterator and cursor,Rust equivalent of rados object iterator and cursor; exact signature frozen in R02/owning phase,R09,port-behavior,completion of prior phases; see SPEC.md,"Context-aware Go values, pages, and builders preserve the operation semantics; async Rust ownership and typed results, not C ABI","reference/go/docs/p00/api-inventory.csv; P08 unit and live metadata, compound, enumeration, and map-change tests",R09:native:C++:NObjectIterator:NObjectIterator::seek:36e0528325aa,implemented-r09
native:C++:NObjectIterator:NObjectIterator::seek:d0077842faf5,NObjectIterator::seek,rados object iterator and cursor,Rust equivalent of rados object iterator and cursor; exact signature frozen in R02/owning phase,R09,port-behavior,completion of prior phases; see SPEC.md,"Context-aware Go values, pages, and builders preserve the operation semantics; async Rust ownership and typed results, not C ABI","reference/go/docs/p00/api-inventory.csv; P08 unit and live metadata, compound, enumeration, and map-change tests",R09:native:C++:NObjectIterator:NObjectIterator::seek:d0077842faf5,implemented-r09
native:C++:NObjectIterator:NObjectIterator::set_filter:50fea0fd8d65,NObjectIterator::set_filter,rados object iterator and cursor,Rust equivalent of rados object iterator and cursor; exact signature frozen in R02/owning phase,R09,port-behavior,completion of prior phases; see SPEC.md,"Not exposed by the certified P08 Go contract; async Rust ownership and typed results, not C ABI",reference/go/docs/p00/api-inventory.csv; P08 API inventory review; no runtime conformance claim,R09:native:C++:NObjectIterator:NObjectIterator::set_filter:50fea0fd8d65,planned-not-implemented
native:C++:NObjectIterator:NObjectIterator::~NObjectIterator:8d82ca560a32,NObjectIterator::~NObjectIterator,automatic Go memory ownership,Rust equivalent of automatic Go memory ownership; exact signature frozen in R02/owning phase,R02,port-behavior,none,"No public deallocator; async Rust ownership and typed results, not C ABI",reference/go/docs/p00/api-inventory.csv; ownership and leak tests,R02:native:C++:NObjectIterator:NObjectIterator::~NObjectIterator:8d82ca560a32,implemented-r02
native:C++:ObjectCursor:ObjectCursor::ObjectCursor:9aa17c1d5eb3,ObjectCursor::ObjectCursor,Go constructors and immutable value/builders,Rust equivalent of Go constructors and immutable value/builders; exact signature frozen in R02/owning phase,R02,port-behavior,none,"Constructors and move/copy rules become Go constructors and ownership rules; async Rust ownership and typed results, not C ABI",reference/go/docs/p00/api-inventory.csv; API lifecycle tests,R02:native:C++:ObjectCursor:ObjectCursor::ObjectCursor:9aa17c1d5eb3,implemented-r02
native:C++:ObjectCursor:ObjectCursor::ObjectCursor:7dbac0bc6ffa,ObjectCursor::ObjectCursor,Go constructors and immutable value/builders,Rust equivalent of Go constructors and immutable value/builders; exact signature frozen in R02/owning phase,R02,port-behavior,none,"Constructors and move/copy rules become Go constructors and ownership rules; async Rust ownership and typed results, not C ABI",reference/go/docs/p00/api-inventory.csv; API lifecycle tests,R02:native:C++:ObjectCursor:ObjectCursor::ObjectCursor:7dbac0bc6ffa,implemented-r02
native:C++:ObjectCursor:ObjectCursor::ObjectCursor:79c305b20f6f,ObjectCursor::ObjectCursor,Go constructors and immutable value/builders,Rust equivalent of Go constructors and immutable value/builders; exact signature frozen in R02/owning phase,R02,port-behavior,none,"Constructors and move/copy rules become Go constructors and ownership rules; async Rust ownership and typed results, not C ABI",reference/go/docs/p00/api-inventory.csv; API lifecycle tests,R02:native:C++:ObjectCursor:ObjectCursor::ObjectCursor:79c305b20f6f,implemented-r02
native:C++:ObjectCursor:ObjectCursor::from_str:c8276bb3f507,ObjectCursor::from_str,rados object iterator and cursor,Rust equivalent of rados object iterator and cursor; exact signature frozen in R02/owning phase,R09,port-behavior,completion of prior phases; see SPEC.md,"Context-aware Go values, pages, and builders preserve the operation semantics; async Rust ownership and typed results, not C ABI","reference/go/docs/p00/api-inventory.csv; P08 unit and live metadata, compound, enumeration, and map-change tests",R09:native:C++:ObjectCursor:ObjectCursor::from_str:c8276bb3f507,planned-not-implemented
native:C++:ObjectCursor:ObjectCursor::operator<:3a3e604314a9,ObjectCursor::operator<,"Go value, iterator, and ownership semantics","Rust equivalent of Go value, iterator, and ownership semantics; exact signature frozen in R02/owning phase",R02,port-behavior,none,"C++ copy/move/operator surface is represented by idiomatic Go values; async Rust ownership and typed results, not C ABI",reference/go/docs/p00/api-inventory.csv; ownership and iterator tests,R02:native:C++:ObjectCursor:ObjectCursor::operator<:3a3e604314a9,implemented-r02
native:C++:ObjectCursor:ObjectCursor::operator<<:0b2b0dbbc42c,ObjectCursor::operator<<,"Go value, iterator, and ownership semantics","Rust equivalent of Go value, iterator, and ownership semantics; exact signature frozen in R02/owning phase",R02,port-behavior,none,"C++ copy/move/operator surface is represented by idiomatic Go values; async Rust ownership and typed results, not C ABI",reference/go/docs/p00/api-inventory.csv; ownership and iterator tests,R02:native:C++:ObjectCursor:ObjectCursor::operator<<:0b2b0dbbc42c,implemented-r02
native:C++:ObjectCursor:ObjectCursor::operator=:19416be36de5,ObjectCursor::operator=,"Go value, iterator, and ownership semantics","Rust equivalent of Go value, iterator, and ownership semantics; exact signature frozen in R02/owning phase",R02,port-behavior,none,"C++ copy/move/operator surface is represented by idiomatic Go values; async Rust ownership and typed results, not C ABI",reference/go/docs/p00/api-inventory.csv; ownership and iterator tests,R02:native:C++:ObjectCursor:ObjectCursor::operator=:19416be36de5,implemented-r02
native:C++:ObjectCursor:ObjectCursor::operator==:1c2cc63b24b8,ObjectCursor::operator==,"Go value, iterator, and ownership semantics","Rust equivalent of Go value, iterator, and ownership semantics; exact signature frozen in R02/owning phase",R02,port-behavior,none,"C++ copy/move/operator surface is represented by idiomatic Go values; async Rust ownership and typed results, not C ABI",reference/go/docs/p00/api-inventory.csv; ownership and iterator tests,R02:native:C++:ObjectCursor:ObjectCursor::operator==:1c2cc63b24b8,implemented-r02
native:C++:ObjectCursor:ObjectCursor::set:84774aa39b0a,ObjectCursor::set,rados object iterator and cursor,Rust equivalent of rados object iterator and cursor; exact signature frozen in R02/owning phase,R09,port-behavior,completion of prior phases; see SPEC.md,"Context-aware Go values, pages, and builders preserve the operation semantics; async Rust ownership and typed results, not C ABI","reference/go/docs/p00/api-inventory.csv; P08 unit and live metadata, compound, enumeration, and map-change tests",R09:native:C++:ObjectCursor:ObjectCursor::set:84774aa39b0a,planned-not-implemented
native:C++:ObjectCursor:ObjectCursor::to_str:ef7fa82887fd,ObjectCursor::to_str,rados object iterator and cursor,Rust equivalent of rados object iterator and cursor; exact signature frozen in R02/owning phase,R09,port-behavior,completion of prior phases; see SPEC.md,"Context-aware Go values, pages, and builders preserve the operation semantics; async Rust ownership and typed results, not C ABI","reference/go/docs/p00/api-inventory.csv; P08 unit and live metadata, compound, enumeration, and map-change tests",R09:native:C++:ObjectCursor:ObjectCursor::to_str:ef7fa82887fd,planned-not-implemented
native:C++:ObjectCursor:ObjectCursor::~ObjectCursor:b9ee3ba6d5b3,ObjectCursor::~ObjectCursor,automatic Go memory ownership,Rust equivalent of automatic Go memory ownership; exact signature frozen in R02/owning phase,R02,port-behavior,none,"No public deallocator; async Rust ownership and typed results, not C ABI",reference/go/docs/p00/api-inventory.csv; ownership and leak tests,R02:native:C++:ObjectCursor:ObjectCursor::~ObjectCursor:b9ee3ba6d5b3,implemented-r02
native:C++:ObjectOperation:ObjectOperation::ObjectOperation:fd542f8cdb32,ObjectOperation::ObjectOperation,Go constructors and immutable value/builders,Rust equivalent of Go constructors and immutable value/builders; exact signature frozen in R02/owning phase,R02,port-behavior,none,"Constructors and move/copy rules become Go constructors and ownership rules; async Rust ownership and typed results, not C ABI",reference/go/docs/p00/api-inventory.csv; API lifecycle tests,R02:native:C++:ObjectOperation:ObjectOperation::ObjectOperation:fd542f8cdb32,implemented-r02
native:C++:ObjectOperation:ObjectOperation::ObjectOperation:962c458f1014,ObjectOperation::ObjectOperation,Go constructors and immutable value/builders,Rust equivalent of Go constructors and immutable value/builders; exact signature frozen in R02/owning phase,R02,port-behavior,none,"Constructors and move/copy rules become Go constructors and ownership rules; async Rust ownership and typed results, not C ABI",reference/go/docs/p00/api-inventory.csv; API lifecycle tests,R02:native:C++:ObjectOperation:ObjectOperation::ObjectOperation:962c458f1014,implemented-r02
native:C++:ObjectOperation:ObjectOperation::ObjectOperation:f8ade5b1bc03,ObjectOperation::ObjectOperation,Go constructors and immutable value/builders,Rust equivalent of Go constructors and immutable value/builders; exact signature frozen in R02/owning phase,R02,port-behavior,none,"Constructors and move/copy rules become Go constructors and ownership rules; async Rust ownership and typed results, not C ABI",reference/go/docs/p00/api-inventory.csv; API lifecycle tests,R02:native:C++:ObjectOperation:ObjectOperation::ObjectOperation:f8ade5b1bc03,implemented-r02
native:C++:ObjectOperation:ObjectOperation::assert_exists:45bdde349ff1,ObjectOperation::assert_exists,rados.ReadOp / rados.WriteOp,Rust equivalent of rados.ReadOp / rados.WriteOp; exact signature frozen in R02/owning phase,R09,port-behavior,completion of prior phases; see SPEC.md,"Context-aware Go values, pages, and builders preserve the operation semantics; async Rust ownership and typed results, not C ABI","reference/go/docs/p00/api-inventory.csv; P08 unit and live metadata, compound, enumeration, and map-change tests",R09:native:C++:ObjectOperation:ObjectOperation::assert_exists:45bdde349ff1,implemented-r09
native:C++:ObjectOperation:ObjectOperation::assert_version:def8083d1132,ObjectOperation::assert_version,rados.ReadOp / rados.WriteOp,Rust equivalent of rados.ReadOp / rados.WriteOp; exact signature frozen in R02/owning phase,R09,port-behavior,completion of prior phases; see SPEC.md,"Context-aware Go values, pages, and builders preserve the operation semantics; async Rust ownership and typed results, not C ABI","reference/go/docs/p00/api-inventory.csv; P08 unit and live metadata, compound, enumeration, and map-change tests",R09:native:C++:ObjectOperation:ObjectOperation::assert_version:def8083d1132,implemented-r09
native:C++:ObjectOperation:ObjectOperation::cmpext:027e4a879989,ObjectOperation::cmpext,rados.ReadOp / rados.WriteOp,Rust equivalent of rados.ReadOp / rados.WriteOp; exact signature frozen in R02/owning phase,R09,port-behavior,completion of prior phases; see SPEC.md,"Context-aware Go values, pages, and builders preserve the operation semantics; async Rust ownership and typed results, not C ABI","reference/go/docs/p00/api-inventory.csv; P08 unit and live metadata, compound, enumeration, and map-change tests",R09:native:C++:ObjectOperation:ObjectOperation::cmpext:027e4a879989,implemented-r09
native:C++:ObjectOperation:ObjectOperation::cmpxattr:ec8e54a2b1f2,ObjectOperation::cmpxattr,rados metadata methods / operation builders,Rust equivalent of rados metadata methods / operation builders; exact signature frozen in R02/owning phase,R09,port-behavior,completion of prior phases; see SPEC.md,"Not exposed by the certified P08 Go contract; async Rust ownership and typed results, not C ABI",reference/go/docs/p00/api-inventory.csv; P08 API inventory review; no runtime conformance claim,R09:native:C++:ObjectOperation:ObjectOperation::cmpxattr:ec8e54a2b1f2,planned-not-implemented
native:C++:ObjectOperation:ObjectOperation::cmpxattr:4e4267cdc357,ObjectOperation::cmpxattr,rados metadata methods / operation builders,Rust equivalent of rados metadata methods / operation builders; exact signature frozen in R02/owning phase,R09,port-behavior,completion of prior phases; see SPEC.md,"Not exposed by the certified P08 Go contract; async Rust ownership and typed results, not C ABI",reference/go/docs/p00/api-inventory.csv; P08 API inventory review; no runtime conformance claim,R09:native:C++:ObjectOperation:ObjectOperation::cmpxattr:4e4267cdc357,planned-not-implemented
native:C++:ObjectOperation:ObjectOperation::exec:a139cd4a1c67,ObjectOperation::exec,rados class execution methods,Rust equivalent of rados class execution methods; exact signature frozen in R02/owning phase,R10,port-behavior,completion of prior phases; see SPEC.md,"Unified context-aware Go calls preserve native semantics and use Go-owned results; async Rust ownership and typed results, not C ABI",reference/go/docs/p00/api-inventory.csv; P09 unit and live class/lock/watch interoperability tests,R10:native:C++:ObjectOperation:ObjectOperation::exec:a139cd4a1c67,implemented-r10
native:C++:ObjectOperation:ObjectOperation::exec:97d5a0b2ed6c,ObjectOperation::exec,rados class execution methods,Rust equivalent of rados class execution methods; exact signature frozen in R02/owning phase,R10,port-behavior,completion of prior phases; see SPEC.md,"Unified context-aware Go calls preserve native semantics and use Go-owned results; async Rust ownership and typed results, not C ABI",reference/go/docs/p00/api-inventory.csv; P09 unit and live class/lock/watch interoperability tests,R10:native:C++:ObjectOperation:ObjectOperation::exec:97d5a0b2ed6c,implemented-r10
native:C++:ObjectOperation:ObjectOperation::exec:92335dc3633e,ObjectOperation::exec,rados class execution methods,Rust equivalent of rados class execution methods; exact signature frozen in R02/owning phase,R10,port-behavior,completion of prior phases; see SPEC.md,"Unified context-aware Go calls preserve native semantics and use Go-owned results; async Rust ownership and typed results, not C ABI",reference/go/docs/p00/api-inventory.csv; P09 unit and live class/lock/watch interoperability tests,R10:native:C++:ObjectOperation:ObjectOperation::exec:92335dc3633e,implemented-r10
native:C++:ObjectOperation:ObjectOperation::omap_cmp:5ded7ef97f58,ObjectOperation::omap_cmp,rados metadata methods / operation builders,Rust equivalent of rados metadata methods / operation builders; exact signature frozen in R02/owning phase,R09,port-behavior,completion of prior phases; see SPEC.md,"Context-aware Go values, pages, and builders preserve the operation semantics; async Rust ownership and typed results, not C ABI","reference/go/docs/p00/api-inventory.csv; P08 unit and live metadata, compound, enumeration, and map-change tests",R09:native:C++:ObjectOperation:ObjectOperation::omap_cmp:5ded7ef97f58,implemented-r09
native:C++:ObjectOperation:ObjectOperation::operator =:d54e891df4d1,ObjectOperation::operator =,"Go value, iterator, and ownership semantics","Rust equivalent of Go value, iterator, and ownership semantics; exact signature frozen in R02/owning phase",R02,port-behavior,none,"C++ copy/move/operator surface is represented by idiomatic Go values; async Rust ownership and typed results, not C ABI",reference/go/docs/p00/api-inventory.csv; ownership and iterator tests,R02:native:C++:ObjectOperation:ObjectOperation::operator =:d54e891df4d1,implemented-r02
native:C++:ObjectOperation:ObjectOperation::operator=:82dd6a4eba35,ObjectOperation::operator=,"Go value, iterator, and ownership semantics","Rust equivalent of Go value, iterator, and ownership semantics; exact signature frozen in R02/owning phase",R02,port-behavior,none,"C++ copy/move/operator surface is represented by idiomatic Go values; async Rust ownership and typed results, not C ABI",reference/go/docs/p00/api-inventory.csv; ownership and iterator tests,R02:native:C++:ObjectOperation:ObjectOperation::operator=:82dd6a4eba35,implemented-r02
native:C++:ObjectOperation:ObjectOperation::set_op_flags:f0840d81743e,ObjectOperation::set_op_flags,none,Rust equivalent of none; exact signature frozen in R02/owning phase,R12,port-behavior,completion of prior phases; see SPEC.md,"No deprecated compatibility alias in the initial Go API; async Rust ownership and typed results, not C ABI",reference/go/docs/p00/api-inventory.csv; inventory review; no runtime conformance claim,R12:native:C++:ObjectOperation:ObjectOperation::set_op_flags:f0840d81743e,intentional-omission-r12
native:C++:ObjectOperation:ObjectOperation::set_op_flags2:2111076b93c1,ObjectOperation::set_op_flags2,rados.ReadOp / rados.WriteOp,Rust equivalent of rados.ReadOp / rados.WriteOp; exact signature frozen in R02/owning phase,R09,port-behavior,completion of prior phases; see SPEC.md,"Context-aware Go values, pages, and builders preserve the operation semantics; async Rust ownership and typed results, not C ABI","reference/go/docs/p00/api-inventory.csv; P08 unit and live metadata, compound, enumeration, and map-change tests",R09:native:C++:ObjectOperation:ObjectOperation::set_op_flags2:2111076b93c1,implemented-r09
native:C++:ObjectOperation:ObjectOperation::size:9fb533cbc1bb,ObjectOperation::size,rados.ReadOp / rados.WriteOp,Rust equivalent of rados.ReadOp / rados.WriteOp; exact signature frozen in R02/owning phase,R09,port-behavior,completion of prior phases; see SPEC.md,"Not exposed by the certified P08 Go contract; async Rust ownership and typed results, not C ABI",reference/go/docs/p00/api-inventory.csv; P08 API inventory review; no runtime conformance claim,R09:native:C++:ObjectOperation:ObjectOperation::size:9fb533cbc1bb,planned-not-implemented
native:C++:ObjectOperation:ObjectOperation::~ObjectOperation:40490321a4b5,ObjectOperation::~ObjectOperation,automatic Go memory ownership,Rust equivalent of automatic Go memory ownership; exact signature frozen in R02/owning phase,R02,port-behavior,none,"No public deallocator; async Rust ownership and typed results, not C ABI",reference/go/docs/p00/api-inventory.csv; ownership and leak tests,R02:native:C++:ObjectOperation:ObjectOperation::~ObjectOperation:40490321a4b5,implemented-r02
native:C++:ObjectOperationCompletion:ObjectOperationCompletion::handle_completion:2bc672b845ca,ObjectOperationCompletion::handle_completion,rados.ReadOp / rados.WriteOp,Rust equivalent of rados.ReadOp / rados.WriteOp; exact signature frozen in R02/owning phase,R09,port-behavior,completion of prior phases; see SPEC.md,"Go values, pages, and builders replace native iterator and allocation lifetimes; async Rust ownership and typed results, not C ABI","reference/go/docs/p00/api-inventory.csv; P08 ownership, pagination, and builder lifecycle tests",R09:native:C++:ObjectOperationCompletion:ObjectOperationCompletion::handle_completion:2bc672b845ca,implemented-r09
native:C++:ObjectOperationCompletion:ObjectOperationCompletion::~ObjectOperationCompletion:fb0f0f8a2d61,ObjectOperationCompletion::~ObjectOperationCompletion,automatic Go memory ownership,Rust equivalent of automatic Go memory ownership; exact signature frozen in R02/owning phase,R02,port-behavior,none,"No public deallocator; async Rust ownership and typed results, not C ABI",reference/go/docs/p00/api-inventory.csv; ownership and leak tests,R02:native:C++:ObjectOperationCompletion:ObjectOperationCompletion::~ObjectOperationCompletion:fb0f0f8a2d61,implemented-r02
native:C++:ObjectReadOperation:ObjectReadOperation::ObjectReadOperation:a860458e94c5,ObjectReadOperation::ObjectReadOperation,rados.ReadOp / rados.WriteOp,Rust equivalent of rados.ReadOp / rados.WriteOp; exact signature frozen in R02/owning phase,R09,port-behavior,completion of prior phases; see SPEC.md,"Go values, pages, and builders replace native iterator and allocation lifetimes; async Rust ownership and typed results, not C ABI","reference/go/docs/p00/api-inventory.csv; P08 ownership, pagination, and builder lifecycle tests",R09:native:C++:ObjectReadOperation:ObjectReadOperation::ObjectReadOperation:a860458e94c5,implemented-r09
native:C++:ObjectReadOperation:ObjectReadOperation::ObjectReadOperation:b45ace821838,ObjectReadOperation::ObjectReadOperation,rados.ReadOp / rados.WriteOp,Rust equivalent of rados.ReadOp / rados.WriteOp; exact signature frozen in R02/owning phase,R09,port-behavior,completion of prior phases; see SPEC.md,"Go values, pages, and builders replace native iterator and allocation lifetimes; async Rust ownership and typed results, not C ABI","reference/go/docs/p00/api-inventory.csv; P08 ownership, pagination, and builder lifecycle tests",R09:native:C++:ObjectReadOperation:ObjectReadOperation::ObjectReadOperation:b45ace821838,implemented-r09
native:C++:ObjectReadOperation:ObjectReadOperation::cache_evict:077a4f231dd6,ObjectReadOperation::cache_evict,none,Rust equivalent of none; exact signature frozen in R02/owning phase,R12,inherit-native-disposition,completion of prior phases; see SPEC.md,"Outside the v1 scope defined by SPEC.md; async Rust ownership and typed results, not C ABI",reference/go/docs/p00/api-inventory.csv; future explicit qualification,R12:native:C++:ObjectReadOperation:ObjectReadOperation::cache_evict:077a4f231dd6,deferred-r12
native:C++:ObjectReadOperation:ObjectReadOperation::cache_flush:0e836090f3c8,ObjectReadOperation::cache_flush,none,Rust equivalent of none; exact signature frozen in R02/owning phase,R12,inherit-native-disposition,completion of prior phases; see SPEC.md,"Outside the v1 scope defined by SPEC.md; async Rust ownership and typed results, not C ABI",reference/go/docs/p00/api-inventory.csv; future explicit qualification,R12:native:C++:ObjectReadOperation:ObjectReadOperation::cache_flush:0e836090f3c8,deferred-r12
native:C++:ObjectReadOperation:ObjectReadOperation::cache_try_flush:27e613860fd5,ObjectReadOperation::cache_try_flush,none,Rust equivalent of none; exact signature frozen in R02/owning phase,R12,inherit-native-disposition,completion of prior phases; see SPEC.md,"Outside the v1 scope defined by SPEC.md; async Rust ownership and typed results, not C ABI",reference/go/docs/p00/api-inventory.csv; future explicit qualification,R12:native:C++:ObjectReadOperation:ObjectReadOperation::cache_try_flush:27e613860fd5,deferred-r12
native:C++:ObjectReadOperation:ObjectReadOperation::checksum:32a33ceec974,ObjectReadOperation::checksum,rados specialized object methods,Rust equivalent of rados specialized object methods; exact signature frozen in R02/owning phase,R11,port-behavior,completion of prior phases; see SPEC.md,"Context-aware Go values preserve native semantics with Go-owned inputs and results; async Rust ownership and typed results, not C ABI",reference/go/docs/p00/api-inventory.csv; P10 unit and live specialized object interoperability tests,R11:native:C++:ObjectReadOperation:ObjectReadOperation::checksum:32a33ceec974,implemented-r11
native:C++:ObjectReadOperation:ObjectReadOperation::getxattr:9e5128a8743c,ObjectReadOperation::getxattr,rados metadata methods / operation builders,Rust equivalent of rados metadata methods / operation builders; exact signature frozen in R02/owning phase,R09,port-behavior,completion of prior phases; see SPEC.md,"Context-aware Go values, pages, and builders preserve the operation semantics; async Rust ownership and typed results, not C ABI","reference/go/docs/p00/api-inventory.csv; P08 unit and live metadata, compound, enumeration, and map-change tests",R09:native:C++:ObjectReadOperation:ObjectReadOperation::getxattr:9e5128a8743c,implemented-r09
native:C++:ObjectReadOperation:ObjectReadOperation::getxattrs:f315931f9866,ObjectReadOperation::getxattrs,rados metadata methods / operation builders,Rust equivalent of rados metadata methods / operation builders; exact signature frozen in R02/owning phase,R09,port-behavior,completion of prior phases; see SPEC.md,"Context-aware Go values, pages, and builders preserve the operation semantics; async Rust ownership and typed results, not C ABI","reference/go/docs/p00/api-inventory.csv; P08 unit and live metadata, compound, enumeration, and map-change tests",R09:native:C++:ObjectReadOperation:ObjectReadOperation::getxattrs:f315931f9866,implemented-r09
native:C++:ObjectReadOperation:ObjectReadOperation::is_dirty:0e82852436aa,ObjectReadOperation::is_dirty,rados.ReadOp / rados.WriteOp,Rust equivalent of rados.ReadOp / rados.WriteOp; exact signature frozen in R02/owning phase,R09,port-behavior,completion of prior phases; see SPEC.md,"Not exposed by the certified P08 Go contract; async Rust ownership and typed results, not C ABI",reference/go/docs/p00/api-inventory.csv; P08 API inventory review; no runtime conformance claim,R09:native:C++:ObjectReadOperation:ObjectReadOperation::is_dirty:0e82852436aa,planned-not-implemented
native:C++:ObjectReadOperation:ObjectReadOperation::list_snaps:bb601c9c37d9,ObjectReadOperation::list_snaps,rados snapshot methods and immutable snapshot views,Rust equivalent of rados snapshot methods and immutable snapshot views; exact signature frozen in R02/owning phase,R11,port-behavior,completion of prior phases; see SPEC.md,"Not exposed by the certified P10 Go contract; async Rust ownership and typed results, not C ABI",reference/go/docs/p00/api-inventory.csv; P10 API inventory review; no runtime conformance claim,R11:native:C++:ObjectReadOperation:ObjectReadOperation::list_snaps:bb601c9c37d9,planned-not-implemented
native:C++:ObjectReadOperation:ObjectReadOperation::list_watchers:9cf74c3f84e2,ObjectReadOperation::list_watchers,rados.Watch and notify methods,Rust equivalent of rados.Watch and notify methods; exact signature frozen in R02/owning phase,R10,port-behavior,completion of prior phases; see SPEC.md,"Unified context-aware Go calls preserve native semantics and use Go-owned results; async Rust ownership and typed results, not C ABI",reference/go/docs/p00/api-inventory.csv; P09 unit and live watch/notify interoperability tests,R10:native:C++:ObjectReadOperation:ObjectReadOperation::list_watchers:9cf74c3f84e2,implemented-r10
native:C++:ObjectReadOperation:ObjectReadOperation::omap_get_header:c14815b2dba7,ObjectReadOperation::omap_get_header,rados.ReadOp.GetOMAPHeader,Rust equivalent of rados.ReadOp.GetOMAPHeader; exact signature frozen in R02/owning phase,R09,port-behavior,replicated pools on certified Ceph 20.2.4,"Ordered compound result uses Go-owned bytes; async Rust ownership and typed results, not C ABI",reference/go/docs/p00/api-inventory.csv; P08 unit and live compound tests,R09:native:C++:ObjectReadOperation:ObjectReadOperation::omap_get_header:c14815b2dba7,implemented-r09
native:C++:ObjectReadOperation:ObjectReadOperation::omap_get_keys:7c6fbe96eed2,ObjectReadOperation::omap_get_keys,none,Rust equivalent of none; exact signature frozen in R02/owning phase,R12,port-behavior,completion of prior phases; see SPEC.md,"No deprecated compatibility alias in the initial Go API; async Rust ownership and typed results, not C ABI",reference/go/docs/p00/api-inventory.csv; inventory review; no runtime conformance claim,R12:native:C++:ObjectReadOperation:ObjectReadOperation::omap_get_keys:7c6fbe96eed2,intentional-omission-r12
native:C++:ObjectReadOperation:ObjectReadOperation::omap_get_keys2:626ee52905c9,ObjectReadOperation::omap_get_keys2,rados metadata methods / operation builders,Rust equivalent of rados metadata methods / operation builders; exact signature frozen in R02/owning phase,R09,port-behavior,completion of prior phases; see SPEC.md,"Context-aware Go values, pages, and builders preserve the operation semantics; async Rust ownership and typed results, not C ABI","reference/go/docs/p00/api-inventory.csv; P08 unit and live metadata, compound, enumeration, and map-change tests",R09:native:C++:ObjectReadOperation:ObjectReadOperation::omap_get_keys2:626ee52905c9,planned-not-implemented
native:C++:ObjectReadOperation:ObjectReadOperation::omap_get_vals:e894b0e67a8a,ObjectReadOperation::omap_get_vals,none,Rust equivalent of none; exact signature frozen in R02/owning phase,R12,port-behavior,completion of prior phases; see SPEC.md,"No deprecated compatibility alias in the initial Go API; async Rust ownership and typed results, not C ABI",reference/go/docs/p00/api-inventory.csv; inventory review; no runtime conformance claim,R12:native:C++:ObjectReadOperation:ObjectReadOperation::omap_get_vals:e894b0e67a8a,intentional-omission-r12
native:C++:ObjectReadOperation:ObjectReadOperation::omap_get_vals:6d7af86e7468,ObjectReadOperation::omap_get_vals,none,Rust equivalent of none; exact signature frozen in R02/owning phase,R12,port-behavior,completion of prior phases; see SPEC.md,"No deprecated compatibility alias in the initial Go API; async Rust ownership and typed results, not C ABI",reference/go/docs/p00/api-inventory.csv; inventory review; no runtime conformance claim,R12:native:C++:ObjectReadOperation:ObjectReadOperation::omap_get_vals:6d7af86e7468,intentional-omission-r12
native:C++:ObjectReadOperation:ObjectReadOperation::omap_get_vals2:dd37eded9d2a,ObjectReadOperation::omap_get_vals2,rados metadata methods / operation builders,Rust equivalent of rados metadata methods / operation builders; exact signature frozen in R02/owning phase,R09,port-behavior,completion of prior phases; see SPEC.md,"Context-aware Go values, pages, and builders preserve the operation semantics; async Rust ownership and typed results, not C ABI","reference/go/docs/p00/api-inventory.csv; P08 unit and live metadata, compound, enumeration, and map-change tests",R09:native:C++:ObjectReadOperation:ObjectReadOperation::omap_get_vals2:dd37eded9d2a,implemented-r09
native:C++:ObjectReadOperation:ObjectReadOperation::omap_get_vals2:af42cc0d5e34,ObjectReadOperation::omap_get_vals2,rados metadata methods / operation builders,Rust equivalent of rados metadata methods / operation builders; exact signature frozen in R02/owning phase,R09,port-behavior,completion of prior phases; see SPEC.md,"Context-aware Go values, pages, and builders preserve the operation semantics; async Rust ownership and typed results, not C ABI","reference/go/docs/p00/api-inventory.csv; P08 unit and live metadata, compound, enumeration, and map-change tests",R09:native:C++:ObjectReadOperation:ObjectReadOperation::omap_get_vals2:af42cc0d5e34,implemented-r09
native:C++:ObjectReadOperation:ObjectReadOperation::omap_get_vals_by_keys:4c3c885f8282,ObjectReadOperation::omap_get_vals_by_keys,rados metadata methods / operation builders,Rust equivalent of rados metadata methods / operation builders; exact signature frozen in R02/owning phase,R09,port-behavior,completion of prior phases; see SPEC.md,"Context-aware Go values, pages, and builders preserve the operation semantics; async Rust ownership and typed results, not C ABI","reference/go/docs/p00/api-inventory.csv; P08 unit and live metadata, compound, enumeration, and map-change tests",R09:native:C++:ObjectReadOperation:ObjectReadOperation::omap_get_vals_by_keys:4c3c885f8282,implemented-r09
native:C++:ObjectReadOperation:ObjectReadOperation::operator =:be246cfdd87c,ObjectReadOperation::operator =,"Go value, iterator, and ownership semantics","Rust equivalent of Go value, iterator, and ownership semantics; exact signature frozen in R02/owning phase",R02,port-behavior,none,"C++ copy/move/operator surface is represented by idiomatic Go values; async Rust ownership and typed results, not C ABI",reference/go/docs/p00/api-inventory.csv; ownership and iterator tests,R02:native:C++:ObjectReadOperation:ObjectReadOperation::operator =:be246cfdd87c,implemented-r02
native:C++:ObjectReadOperation:ObjectReadOperation::read:325e0048a92d,ObjectReadOperation::read,rados.ReadOp / rados.WriteOp,Rust equivalent of rados.ReadOp / rados.WriteOp; exact signature frozen in R02/owning phase,R09,port-behavior,completion of prior phases; see SPEC.md,"Context-aware Go values, pages, and builders preserve the operation semantics; async Rust ownership and typed results, not C ABI","reference/go/docs/p00/api-inventory.csv; P08 unit and live metadata, compound, enumeration, and map-change tests",R09:native:C++:ObjectReadOperation:ObjectReadOperation::read:325e0048a92d,implemented-r09
native:C++:ObjectReadOperation:ObjectReadOperation::set_chunk:5662c8569e4f,ObjectReadOperation::set_chunk,rados.ReadOp / rados.WriteOp,Rust equivalent of rados.ReadOp / rados.WriteOp; exact signature frozen in R02/owning phase,R09,port-behavior,completion of prior phases; see SPEC.md,"Not exposed by the certified P08 Go contract; async Rust ownership and typed results, not C ABI",reference/go/docs/p00/api-inventory.csv; P08 API inventory review; no runtime conformance claim,R09:native:C++:ObjectReadOperation:ObjectReadOperation::set_chunk:5662c8569e4f,planned-not-implemented
native:C++:ObjectReadOperation:ObjectReadOperation::sparse_read:3793baa90f0a,ObjectReadOperation::sparse_read,rados specialized object methods,Rust equivalent of rados specialized object methods; exact signature frozen in R02/owning phase,R11,port-behavior,completion of prior phases; see SPEC.md,"Context-aware Go values preserve native semantics with Go-owned inputs and results; async Rust ownership and typed results, not C ABI",reference/go/docs/p00/api-inventory.csv; P10 unit and live specialized object interoperability tests,R11:native:C++:ObjectReadOperation:ObjectReadOperation::sparse_read:3793baa90f0a,implemented-r11
native:C++:ObjectReadOperation:ObjectReadOperation::stat:c64254c7ce2e,ObjectReadOperation::stat,rados.ReadOp / rados.WriteOp,Rust equivalent of rados.ReadOp / rados.WriteOp; exact signature frozen in R02/owning phase,R09,port-behavior,completion of prior phases; see SPEC.md,"Context-aware Go values, pages, and builders preserve the operation semantics; async Rust ownership and typed results, not C ABI","reference/go/docs/p00/api-inventory.csv; P08 unit and live metadata, compound, enumeration, and map-change tests",R09:native:C++:ObjectReadOperation:ObjectReadOperation::stat:c64254c7ce2e,implemented-r09
native:C++:ObjectReadOperation:ObjectReadOperation::stat2:00f5b57fc7d7,ObjectReadOperation::stat2,rados.ReadOp / rados.WriteOp,Rust equivalent of rados.ReadOp / rados.WriteOp; exact signature frozen in R02/owning phase,R09,port-behavior,completion of prior phases; see SPEC.md,"Context-aware Go values, pages, and builders preserve the operation semantics; async Rust ownership and typed results, not C ABI","reference/go/docs/p00/api-inventory.csv; P08 unit and live metadata, compound, enumeration, and map-change tests",R09:native:C++:ObjectReadOperation:ObjectReadOperation::stat2:00f5b57fc7d7,implemented-r09
native:C++:ObjectReadOperation:ObjectReadOperation::tier_evict:2b2ece0b3464,ObjectReadOperation::tier_evict,rados.ReadOp / rados.WriteOp,Rust equivalent of rados.ReadOp / rados.WriteOp; exact signature frozen in R02/owning phase,R09,port-behavior,completion of prior phases; see SPEC.md,"Not exposed by the certified P08 Go contract; async Rust ownership and typed results, not C ABI",reference/go/docs/p00/api-inventory.csv; P08 API inventory review; no runtime conformance claim,R09:native:C++:ObjectReadOperation:ObjectReadOperation::tier_evict:2b2ece0b3464,planned-not-implemented
native:C++:ObjectReadOperation:ObjectReadOperation::tier_flush:21b63951118c,ObjectReadOperation::tier_flush,rados.ReadOp / rados.WriteOp,Rust equivalent of rados.ReadOp / rados.WriteOp; exact signature frozen in R02/owning phase,R09,port-behavior,completion of prior phases; see SPEC.md,"Not exposed by the certified P08 Go contract; async Rust ownership and typed results, not C ABI",reference/go/docs/p00/api-inventory.csv; P08 API inventory review; no runtime conformance claim,R09:native:C++:ObjectReadOperation:ObjectReadOperation::tier_flush:21b63951118c,planned-not-implemented
native:C++:ObjectReadOperation:ObjectReadOperation::~ObjectReadOperation:3e41ddb234f6,ObjectReadOperation::~ObjectReadOperation,automatic Go memory ownership,Rust equivalent of automatic Go memory ownership; exact signature frozen in R02/owning phase,R02,port-behavior,none,"No public deallocator; async Rust ownership and typed results, not C ABI",reference/go/docs/p00/api-inventory.csv; ownership and leak tests,R02:native:C++:ObjectReadOperation:ObjectReadOperation::~ObjectReadOperation:3e41ddb234f6,implemented-r02
native:C++:ObjectWriteOperation:ObjectWriteOperation::ObjectWriteOperation:231f34049ea9,ObjectWriteOperation::ObjectWriteOperation,rados.ReadOp / rados.WriteOp,Rust equivalent of rados.ReadOp / rados.WriteOp; exact signature frozen in R02/owning phase,R09,port-behavior,completion of prior phases; see SPEC.md,"Go values, pages, and builders replace native iterator and allocation lifetimes; async Rust ownership and typed results, not C ABI","reference/go/docs/p00/api-inventory.csv; P08 ownership, pagination, and builder lifecycle tests",R09:native:C++:ObjectWriteOperation:ObjectWriteOperation::ObjectWriteOperation:231f34049ea9,implemented-r09
native:C++:ObjectWriteOperation:ObjectWriteOperation::ObjectWriteOperation:19d4881d0f34,ObjectWriteOperation::ObjectWriteOperation,rados.ReadOp / rados.WriteOp,Rust equivalent of rados.ReadOp / rados.WriteOp; exact signature frozen in R02/owning phase,R09,port-behavior,completion of prior phases; see SPEC.md,"Go values, pages, and builders replace native iterator and allocation lifetimes; async Rust ownership and typed results, not C ABI","reference/go/docs/p00/api-inventory.csv; P08 ownership, pagination, and builder lifecycle tests",R09:native:C++:ObjectWriteOperation:ObjectWriteOperation::ObjectWriteOperation:19d4881d0f34,implemented-r09
native:C++:ObjectWriteOperation:ObjectWriteOperation::append:4a9e309368b6,ObjectWriteOperation::append,rados.ReadOp / rados.WriteOp,Rust equivalent of rados.ReadOp / rados.WriteOp; exact signature frozen in R02/owning phase,R09,port-behavior,completion of prior phases; see SPEC.md,"Context-aware Go values, pages, and builders preserve the operation semantics; async Rust ownership and typed results, not C ABI","reference/go/docs/p00/api-inventory.csv; P08 unit and live metadata, compound, enumeration, and map-change tests",R09:native:C++:ObjectWriteOperation:ObjectWriteOperation::append:4a9e309368b6,implemented-r09
native:C++:ObjectWriteOperation:ObjectWriteOperation::cache_pin:45847d73b971,ObjectWriteOperation::cache_pin,none,Rust equivalent of none; exact signature frozen in R02/owning phase,R12,inherit-native-disposition,completion of prior phases; see SPEC.md,"Outside the v1 scope defined by SPEC.md; async Rust ownership and typed results, not C ABI",reference/go/docs/p00/api-inventory.csv; future explicit qualification,R12:native:C++:ObjectWriteOperation:ObjectWriteOperation::cache_pin:45847d73b971,deferred-r12
native:C++:ObjectWriteOperation:ObjectWriteOperation::cache_unpin:e4e38301ad2e,ObjectWriteOperation::cache_unpin,none,Rust equivalent of none; exact signature frozen in R02/owning phase,R12,inherit-native-disposition,completion of prior phases; see SPEC.md,"Outside the v1 scope defined by SPEC.md; async Rust ownership and typed results, not C ABI",reference/go/docs/p00/api-inventory.csv; future explicit qualification,R12:native:C++:ObjectWriteOperation:ObjectWriteOperation::cache_unpin:e4e38301ad2e,deferred-r12
native:C++:ObjectWriteOperation:ObjectWriteOperation::copy_from:1b0133333335,ObjectWriteOperation::copy_from,rados specialized object methods,Rust equivalent of rados specialized object methods; exact signature frozen in R02/owning phase,R11,port-behavior,completion of prior phases; see SPEC.md,"Context-aware Go values preserve native semantics with Go-owned inputs and results; async Rust ownership and typed results, not C ABI",reference/go/docs/p00/api-inventory.csv; P10 unit and live specialized object interoperability tests,R11:native:C++:ObjectWriteOperation:ObjectWriteOperation::copy_from:1b0133333335,implemented-r11
native:C++:ObjectWriteOperation:ObjectWriteOperation::copy_from2:673a5554b0ad,ObjectWriteOperation::copy_from2,rados specialized object methods,Rust equivalent of rados specialized object methods; exact signature frozen in R02/owning phase,R11,port-behavior,completion of prior phases; see SPEC.md,"Context-aware Go values preserve native semantics with Go-owned inputs and results; async Rust ownership and typed results, not C ABI",reference/go/docs/p00/api-inventory.csv; P10 unit and live specialized object interoperability tests,R11:native:C++:ObjectWriteOperation:ObjectWriteOperation::copy_from2:673a5554b0ad,implemented-r11
native:C++:ObjectWriteOperation:ObjectWriteOperation::create:c6e94523297e,ObjectWriteOperation::create,rados.ReadOp / rados.WriteOp,Rust equivalent of rados.ReadOp / rados.WriteOp; exact signature frozen in R02/owning phase,R09,port-behavior,completion of prior phases; see SPEC.md,"Context-aware Go values, pages, and builders preserve the operation semantics; async Rust ownership and typed results, not C ABI","reference/go/docs/p00/api-inventory.csv; P08 unit and live metadata, compound, enumeration, and map-change tests",R09:native:C++:ObjectWriteOperation:ObjectWriteOperation::create:c6e94523297e,implemented-r09
native:C++:ObjectWriteOperation:ObjectWriteOperation::create:9e639c76e0b5,ObjectWriteOperation::create,rados.ReadOp / rados.WriteOp,Rust equivalent of rados.ReadOp / rados.WriteOp; exact signature frozen in R02/owning phase,R09,port-behavior,completion of prior phases; see SPEC.md,"Context-aware Go values, pages, and builders preserve the operation semantics; async Rust ownership and typed results, not C ABI","reference/go/docs/p00/api-inventory.csv; P08 unit and live metadata, compound, enumeration, and map-change tests",R09:native:C++:ObjectWriteOperation:ObjectWriteOperation::create:9e639c76e0b5,implemented-r09
native:C++:ObjectWriteOperation:ObjectWriteOperation::mtime:ce0f8f296c3d,ObjectWriteOperation::mtime,rados.ReadOp / rados.WriteOp,Rust equivalent of rados.ReadOp / rados.WriteOp; exact signature frozen in R02/owning phase,R09,port-behavior,completion of prior phases; see SPEC.md,"Not exposed by the certified P08 Go contract; async Rust ownership and typed results, not C ABI",reference/go/docs/p00/api-inventory.csv; P08 API inventory review; no runtime conformance claim,R09:native:C++:ObjectWriteOperation:ObjectWriteOperation::mtime:ce0f8f296c3d,planned-not-implemented
native:C++:ObjectWriteOperation:ObjectWriteOperation::mtime2:826088fe871e,ObjectWriteOperation::mtime2,rados.ReadOp / rados.WriteOp,Rust equivalent of rados.ReadOp / rados.WriteOp; exact signature frozen in R02/owning phase,R09,port-behavior,completion of prior phases; see SPEC.md,"Not exposed by the certified P08 Go contract; async Rust ownership and typed results, not C ABI",reference/go/docs/p00/api-inventory.csv; P08 API inventory review; no runtime conformance claim,R09:native:C++:ObjectWriteOperation:ObjectWriteOperation::mtime2:826088fe871e,planned-not-implemented
native:C++:ObjectWriteOperation:ObjectWriteOperation::omap_clear:b2155f14f5b7,ObjectWriteOperation::omap_clear,rados metadata methods / operation builders,Rust equivalent of rados metadata methods / operation builders; exact signature frozen in R02/owning phase,R09,port-behavior,completion of prior phases; see SPEC.md,"Context-aware Go values, pages, and builders preserve the operation semantics; async Rust ownership and typed results, not C ABI","reference/go/docs/p00/api-inventory.csv; P08 unit and live metadata, compound, enumeration, and map-change tests",R09:native:C++:ObjectWriteOperation:ObjectWriteOperation::omap_clear:b2155f14f5b7,implemented-r09
native:C++:ObjectWriteOperation:ObjectWriteOperation::omap_rm_keys:0313bda80f27,ObjectWriteOperation::omap_rm_keys,rados metadata methods / operation builders,Rust equivalent of rados metadata methods / operation builders; exact signature frozen in R02/owning phase,R09,port-behavior,completion of prior phases; see SPEC.md,"Context-aware Go values, pages, and builders preserve the operation semantics; async Rust ownership and typed results, not C ABI","reference/go/docs/p00/api-inventory.csv; P08 unit and live metadata, compound, enumeration, and map-change tests",R09:native:C++:ObjectWriteOperation:ObjectWriteOperation::omap_rm_keys:0313bda80f27,implemented-r09
native:C++:ObjectWriteOperation:ObjectWriteOperation::omap_set:86a04306f89e,ObjectWriteOperation::omap_set,rados metadata methods / operation builders,Rust equivalent of rados metadata methods / operation builders; exact signature frozen in R02/owning phase,R09,port-behavior,completion of prior phases; see SPEC.md,"Context-aware Go values, pages, and builders preserve the operation semantics; async Rust ownership and typed results, not C ABI","reference/go/docs/p00/api-inventory.csv; P08 unit and live metadata, compound, enumeration, and map-change tests",R09:native:C++:ObjectWriteOperation:ObjectWriteOperation::omap_set:86a04306f89e,implemented-r09
native:C++:ObjectWriteOperation:ObjectWriteOperation::omap_set_header:db0f9494b460,ObjectWriteOperation::omap_set_header,rados metadata methods / operation builders,Rust equivalent of rados metadata methods / operation builders; exact signature frozen in R02/owning phase,R09,port-behavior,completion of prior phases; see SPEC.md,"Context-aware Go values, pages, and builders preserve the operation semantics; async Rust ownership and typed results, not C ABI","reference/go/docs/p00/api-inventory.csv; P08 unit and live metadata, compound, enumeration, and map-change tests",R09:native:C++:ObjectWriteOperation:ObjectWriteOperation::omap_set_header:db0f9494b460,implemented-r09
native:C++:ObjectWriteOperation:ObjectWriteOperation::operator =:fc4ccf81ec9b,ObjectWriteOperation::operator =,"Go value, iterator, and ownership semantics","Rust equivalent of Go value, iterator, and ownership semantics; exact signature frozen in R02/owning phase",R02,port-behavior,none,"C++ copy/move/operator surface is represented by idiomatic Go values; async Rust ownership and typed results, not C ABI",reference/go/docs/p00/api-inventory.csv; ownership and iterator tests,R02:native:C++:ObjectWriteOperation:ObjectWriteOperation::operator =:fc4ccf81ec9b,implemented-r02
native:C++:ObjectWriteOperation:ObjectWriteOperation::remove:9d88108fbe46,ObjectWriteOperation::remove,rados.ReadOp / rados.WriteOp,Rust equivalent of rados.ReadOp / rados.WriteOp; exact signature frozen in R02/owning phase,R09,port-behavior,completion of prior phases; see SPEC.md,"Context-aware Go values, pages, and builders preserve the operation semantics; async Rust ownership and typed results, not C ABI","reference/go/docs/p00/api-inventory.csv; P08 unit and live metadata, compound, enumeration, and map-change tests",R09:native:C++:ObjectWriteOperation:ObjectWriteOperation::remove:9d88108fbe46,implemented-r09
native:C++:ObjectWriteOperation:ObjectWriteOperation::rmxattr:6d7a4cea3277,ObjectWriteOperation::rmxattr,rados metadata methods / operation builders,Rust equivalent of rados metadata methods / operation builders; exact signature frozen in R02/owning phase,R09,port-behavior,completion of prior phases; see SPEC.md,"Context-aware Go values, pages, and builders preserve the operation semantics; async Rust ownership and typed results, not C ABI","reference/go/docs/p00/api-inventory.csv; P08 unit and live metadata, compound, enumeration, and map-change tests",R09:native:C++:ObjectWriteOperation:ObjectWriteOperation::rmxattr:6d7a4cea3277,implemented-r09
native:C++:ObjectWriteOperation:ObjectWriteOperation::selfmanaged_snap_rollback:90db80396321,ObjectWriteOperation::selfmanaged_snap_rollback,rados snapshot methods and immutable snapshot views,Rust equivalent of rados snapshot methods and immutable snapshot views; exact signature frozen in R02/owning phase,R11,port-behavior,completion of prior phases; see SPEC.md,"Context-aware Go values preserve native semantics with Go-owned inputs and results; async Rust ownership and typed results, not C ABI",reference/go/docs/p00/api-inventory.csv; P10 unit and live snapshot and EC interoperability tests,R11:native:C++:ObjectWriteOperation:ObjectWriteOperation::selfmanaged_snap_rollback:90db80396321,implemented-r11
native:C++:ObjectWriteOperation:ObjectWriteOperation::set_alloc_hint:894cf08cc85c,ObjectWriteOperation::set_alloc_hint,rados specialized object methods,Rust equivalent of rados specialized object methods; exact signature frozen in R02/owning phase,R11,port-behavior,completion of prior phases; see SPEC.md,"Context-aware Go values preserve native semantics with Go-owned inputs and results; async Rust ownership and typed results, not C ABI",reference/go/docs/p00/api-inventory.csv; P10 unit and live specialized object interoperability tests,R11:native:C++:ObjectWriteOperation:ObjectWriteOperation::set_alloc_hint:894cf08cc85c,implemented-r11
native:C++:ObjectWriteOperation:ObjectWriteOperation::set_alloc_hint2:c80a15ad5545,ObjectWriteOperation::set_alloc_hint2,rados specialized object methods,Rust equivalent of rados specialized object methods; exact signature frozen in R02/owning phase,R11,port-behavior,completion of prior phases; see SPEC.md,"Not exposed by the certified P10 Go contract; async Rust ownership and typed results, not C ABI",reference/go/docs/p00/api-inventory.csv; P10 API inventory review; no runtime conformance claim,R11:native:C++:ObjectWriteOperation:ObjectWriteOperation::set_alloc_hint2:c80a15ad5545,planned-not-implemented
native:C++:ObjectWriteOperation:ObjectWriteOperation::set_redirect:fd2d5cb91d40,ObjectWriteOperation::set_redirect,rados.ReadOp / rados.WriteOp,Rust equivalent of rados.ReadOp / rados.WriteOp; exact signature frozen in R02/owning phase,R09,port-behavior,completion of prior phases; see SPEC.md,"Not exposed by the certified P08 Go contract; async Rust ownership and typed results, not C ABI",reference/go/docs/p00/api-inventory.csv; P08 API inventory review; no runtime conformance claim,R09:native:C++:ObjectWriteOperation:ObjectWriteOperation::set_redirect:fd2d5cb91d40,planned-not-implemented
native:C++:ObjectWriteOperation:ObjectWriteOperation::setxattr:b8f1ff544352,ObjectWriteOperation::setxattr,rados metadata methods / operation builders,Rust equivalent of rados metadata methods / operation builders; exact signature frozen in R02/owning phase,R09,port-behavior,completion of prior phases; see SPEC.md,"Context-aware Go values, pages, and builders preserve the operation semantics; async Rust ownership and typed results, not C ABI","reference/go/docs/p00/api-inventory.csv; P08 unit and live metadata, compound, enumeration, and map-change tests",R09:native:C++:ObjectWriteOperation:ObjectWriteOperation::setxattr:b8f1ff544352,implemented-r09
native:C++:ObjectWriteOperation:ObjectWriteOperation::setxattr:9a037bbed3ef,ObjectWriteOperation::setxattr,rados metadata methods / operation builders,Rust equivalent of rados metadata methods / operation builders; exact signature frozen in R02/owning phase,R09,port-behavior,completion of prior phases; see SPEC.md,"Context-aware Go values, pages, and builders preserve the operation semantics; async Rust ownership and typed results, not C ABI","reference/go/docs/p00/api-inventory.csv; P08 unit and live metadata, compound, enumeration, and map-change tests",R09:native:C++:ObjectWriteOperation:ObjectWriteOperation::setxattr:9a037bbed3ef,implemented-r09
native:C++:ObjectWriteOperation:ObjectWriteOperation::snap_rollback:9a7deeb5ee76,ObjectWriteOperation::snap_rollback,rados snapshot methods and immutable snapshot views,Rust equivalent of rados snapshot methods and immutable snapshot views; exact signature frozen in R02/owning phase,R11,port-behavior,completion of prior phases; see SPEC.md,"Context-aware Go values preserve native semantics with Go-owned inputs and results; async Rust ownership and typed results, not C ABI",reference/go/docs/p00/api-inventory.csv; P10 unit and live snapshot and EC interoperability tests,R11:native:C++:ObjectWriteOperation:ObjectWriteOperation::snap_rollback:9a7deeb5ee76,implemented-r11
native:C++:ObjectWriteOperation:ObjectWriteOperation::tier_promote:2d1072640fef,ObjectWriteOperation::tier_promote,rados.ReadOp / rados.WriteOp,Rust equivalent of rados.ReadOp / rados.WriteOp; exact signature frozen in R02/owning phase,R09,port-behavior,completion of prior phases; see SPEC.md,"Not exposed by the certified P08 Go contract; async Rust ownership and typed results, not C ABI",reference/go/docs/p00/api-inventory.csv; P08 API inventory review; no runtime conformance claim,R09:native:C++:ObjectWriteOperation:ObjectWriteOperation::tier_promote:2d1072640fef,planned-not-implemented
native:C++:ObjectWriteOperation:ObjectWriteOperation::tmap_put:46470cfaf842,ObjectWriteOperation::tmap_put,none,Rust equivalent of none; exact signature frozen in R02/owning phase,R12,port-behavior,completion of prior phases; see SPEC.md,"No deprecated compatibility alias in the initial Go API; async Rust ownership and typed results, not C ABI",reference/go/docs/p00/api-inventory.csv; inventory review; no runtime conformance claim,R12:native:C++:ObjectWriteOperation:ObjectWriteOperation::tmap_put:46470cfaf842,intentional-omission-r12
native:C++:ObjectWriteOperation:ObjectWriteOperation::tmap_update:e1e80f4f3f25,ObjectWriteOperation::tmap_update,none,Rust equivalent of none; exact signature frozen in R02/owning phase,R12,port-behavior,completion of prior phases; see SPEC.md,"No deprecated compatibility alias in the initial Go API; async Rust ownership and typed results, not C ABI",reference/go/docs/p00/api-inventory.csv; inventory review; no runtime conformance claim,R12:native:C++:ObjectWriteOperation:ObjectWriteOperation::tmap_update:e1e80f4f3f25,intentional-omission-r12
native:C++:ObjectWriteOperation:ObjectWriteOperation::truncate:8790bcdca129,ObjectWriteOperation::truncate,rados.ReadOp / rados.WriteOp,Rust equivalent of rados.ReadOp / rados.WriteOp; exact signature frozen in R02/owning phase,R09,port-behavior,completion of prior phases; see SPEC.md,"Context-aware Go values, pages, and builders preserve the operation semantics; async Rust ownership and typed results, not C ABI","reference/go/docs/p00/api-inventory.csv; P08 unit and live metadata, compound, enumeration, and map-change tests",R09:native:C++:ObjectWriteOperation:ObjectWriteOperation::truncate:8790bcdca129,implemented-r09
native:C++:ObjectWriteOperation:ObjectWriteOperation::undirty:10645ce971fb,ObjectWriteOperation::undirty,rados.ReadOp / rados.WriteOp,Rust equivalent of rados.ReadOp / rados.WriteOp; exact signature frozen in R02/owning phase,R09,port-behavior,completion of prior phases; see SPEC.md,"Not exposed by the certified P08 Go contract; async Rust ownership and typed results, not C ABI",reference/go/docs/p00/api-inventory.csv; P08 API inventory review; no runtime conformance claim,R09:native:C++:ObjectWriteOperation:ObjectWriteOperation::undirty:10645ce971fb,planned-not-implemented
native:C++:ObjectWriteOperation:ObjectWriteOperation::unset_manifest:1815eb679242,ObjectWriteOperation::unset_manifest,rados.ReadOp / rados.WriteOp,Rust equivalent of rados.ReadOp / rados.WriteOp; exact signature frozen in R02/owning phase,R09,port-behavior,completion of prior phases; see SPEC.md,"Not exposed by the certified P08 Go contract; async Rust ownership and typed results, not C ABI",reference/go/docs/p00/api-inventory.csv; P08 API inventory review; no runtime conformance claim,R09:native:C++:ObjectWriteOperation:ObjectWriteOperation::unset_manifest:1815eb679242,planned-not-implemented
native:C++:ObjectWriteOperation:ObjectWriteOperation::write:69edd37ca1d8,ObjectWriteOperation::write,rados.ReadOp / rados.WriteOp,Rust equivalent of rados.ReadOp / rados.WriteOp; exact signature frozen in R02/owning phase,R09,port-behavior,completion of prior phases; see SPEC.md,"Context-aware Go values, pages, and builders preserve the operation semantics; async Rust ownership and typed results, not C ABI","reference/go/docs/p00/api-inventory.csv; P08 unit and live metadata, compound, enumeration, and map-change tests",R09:native:C++:ObjectWriteOperation:ObjectWriteOperation::write:69edd37ca1d8,implemented-r09
native:C++:ObjectWriteOperation:ObjectWriteOperation::write_full:0f9ea3f89f77,ObjectWriteOperation::write_full,rados.ReadOp / rados.WriteOp,Rust equivalent of rados.ReadOp / rados.WriteOp; exact signature frozen in R02/owning phase,R09,port-behavior,completion of prior phases; see SPEC.md,"Context-aware Go values, pages, and builders preserve the operation semantics; async Rust ownership and typed results, not C ABI","reference/go/docs/p00/api-inventory.csv; P08 unit and live metadata, compound, enumeration, and map-change tests",R09:native:C++:ObjectWriteOperation:ObjectWriteOperation::write_full:0f9ea3f89f77,implemented-r09
native:C++:ObjectWriteOperation:ObjectWriteOperation::writesame:a412da385f49,ObjectWriteOperation::writesame,rados specialized object methods,Rust equivalent of rados specialized object methods; exact signature frozen in R02/owning phase,R11,port-behavior,completion of prior phases; see SPEC.md,"Context-aware Go values preserve native semantics with Go-owned inputs and results; async Rust ownership and typed results, not C ABI",reference/go/docs/p00/api-inventory.csv; P10 unit and live specialized object interoperability tests,R11:native:C++:ObjectWriteOperation:ObjectWriteOperation::writesame:a412da385f49,implemented-r11
native:C++:ObjectWriteOperation:ObjectWriteOperation::zero:e6a7e6ef0e97,ObjectWriteOperation::zero,rados.ReadOp / rados.WriteOp,Rust equivalent of rados.ReadOp / rados.WriteOp; exact signature frozen in R02/owning phase,R09,port-behavior,completion of prior phases; see SPEC.md,"Context-aware Go values, pages, and builders preserve the operation semantics; async Rust ownership and typed results, not C ABI","reference/go/docs/p00/api-inventory.csv; P08 unit and live metadata, compound, enumeration, and map-change tests",R09:native:C++:ObjectWriteOperation:ObjectWriteOperation::zero:e6a7e6ef0e97,implemented-r09
native:C++:ObjectWriteOperation:ObjectWriteOperation::~ObjectWriteOperation:e61f4291931c,ObjectWriteOperation::~ObjectWriteOperation,automatic Go memory ownership,Rust equivalent of automatic Go memory ownership; exact signature frozen in R02/owning phase,R02,port-behavior,none,"No public deallocator; async Rust ownership and typed results, not C ABI",reference/go/docs/p00/api-inventory.csv; ownership and leak tests,R02:native:C++:ObjectWriteOperation:ObjectWriteOperation::~ObjectWriteOperation:e61f4291931c,implemented-r02
native:C++:PlacementGroup:PlacementGroup::PlacementGroup:1e5c5206a5cb,PlacementGroup::PlacementGroup,Go constructors and immutable value/builders,Rust equivalent of Go constructors and immutable value/builders; exact signature frozen in R02/owning phase,R02,port-behavior,none,"Constructors and move/copy rules become Go constructors and ownership rules; async Rust ownership and typed results, not C ABI",reference/go/docs/p00/api-inventory.csv; API lifecycle tests,R02:native:C++:PlacementGroup:PlacementGroup::PlacementGroup:1e5c5206a5cb,implemented-r02
native:C++:PlacementGroup:PlacementGroup::PlacementGroup:1c78efcd8f36,PlacementGroup::PlacementGroup,Go constructors and immutable value/builders,Rust equivalent of Go constructors and immutable value/builders; exact signature frozen in R02/owning phase,R02,port-behavior,none,"Constructors and move/copy rules become Go constructors and ownership rules; async Rust ownership and typed results, not C ABI",reference/go/docs/p00/api-inventory.csv; API lifecycle tests,R02:native:C++:PlacementGroup:PlacementGroup::PlacementGroup:1c78efcd8f36,implemented-r02
native:C++:PlacementGroup:PlacementGroup::parse:3c5c4d05cf47,PlacementGroup::parse,none,Rust equivalent of none; exact signature frozen in R02/owning phase,R06,port-behavior,completion of prior phases; see SPEC.md,"Public hash-position diagnostics and placement-group parsing are not v1-required behavior; async Rust ownership and typed results, not C ABI",reference/go/docs/p00/api-inventory.csv; P05 API inventory review; no runtime conformance claim,R06:native:C++:PlacementGroup:PlacementGroup::parse:3c5c4d05cf47,planned-not-implemented
native:C++:PlacementGroup:PlacementGroup::~PlacementGroup:7b7587079d84,PlacementGroup::~PlacementGroup,automatic Go memory ownership,Rust equivalent of automatic Go memory ownership; exact signature frozen in R02/owning phase,R02,port-behavior,none,"No public deallocator; async Rust ownership and typed results, not C ABI",reference/go/docs/p00/api-inventory.csv; ownership and leak tests,R02:native:C++:PlacementGroup:PlacementGroup::~PlacementGroup:7b7587079d84,implemented-r02
native:C++:PoolAsyncCompletion:PoolAsyncCompletion::PoolAsyncCompletion:5bbc6c23d954,PoolAsyncCompletion::PoolAsyncCompletion,"context.Context, operation results, and rados.Client.Flush","Rust equivalent of context.Context, operation results, and rados.Client.Flush; exact signature frozen in R02/owning phase",R08,port-behavior,completion of prior phases; see SPEC.md,"Go context, direct results, and flush semantics replace native completions, callbacks, and last-version state; async Rust ownership and typed results, not C ABI","reference/go/docs/p00/api-inventory.csv; P07 context, completion, result, and flush tests",R08:native:C++:PoolAsyncCompletion:PoolAsyncCompletion::PoolAsyncCompletion:5bbc6c23d954,planned-not-implemented
native:C++:PoolAsyncCompletion:PoolAsyncCompletion::get_return_value:0157fc41e734,PoolAsyncCompletion::get_return_value,"context.Context, operation results, and rados.Client.Flush","Rust equivalent of context.Context, operation results, and rados.Client.Flush; exact signature frozen in R02/owning phase",R08,port-behavior,completion of prior phases; see SPEC.md,"Go context, direct results, and flush semantics replace native completions, callbacks, and last-version state; async Rust ownership and typed results, not C ABI","reference/go/docs/p00/api-inventory.csv; P07 context, completion, result, and flush tests",R08:native:C++:PoolAsyncCompletion:PoolAsyncCompletion::get_return_value:0157fc41e734,planned-not-implemented
native:C++:PoolAsyncCompletion:PoolAsyncCompletion::is_complete:e6e4f322b627,PoolAsyncCompletion::is_complete,"context.Context, operation results, and rados.Client.Flush","Rust equivalent of context.Context, operation results, and rados.Client.Flush; exact signature frozen in R02/owning phase",R08,port-behavior,completion of prior phases; see SPEC.md,"Go context, direct results, and flush semantics replace native completions, callbacks, and last-version state; async Rust ownership and typed results, not C ABI","reference/go/docs/p00/api-inventory.csv; P07 context, completion, result, and flush tests",R08:native:C++:PoolAsyncCompletion:PoolAsyncCompletion::is_complete:e6e4f322b627,planned-not-implemented
native:C++:PoolAsyncCompletion:PoolAsyncCompletion::release:c6f3a579011b,PoolAsyncCompletion::release,"context.Context, operation results, and rados.Client.Flush","Rust equivalent of context.Context, operation results, and rados.Client.Flush; exact signature frozen in R02/owning phase",R08,port-behavior,completion of prior phases; see SPEC.md,"Go context, direct results, and flush semantics replace native completions, callbacks, and last-version state; async Rust ownership and typed results, not C ABI","reference/go/docs/p00/api-inventory.csv; P07 context, completion, result, and flush tests",R08:native:C++:PoolAsyncCompletion:PoolAsyncCompletion::release:c6f3a579011b,planned-not-implemented
native:C++:PoolAsyncCompletion:PoolAsyncCompletion::set_callback:5e3eb0eca7cb,PoolAsyncCompletion::set_callback,"context.Context, operation results, and rados.Client.Flush","Rust equivalent of context.Context, operation results, and rados.Client.Flush; exact signature frozen in R02/owning phase",R08,port-behavior,completion of prior phases; see SPEC.md,"Go context, direct results, and flush semantics replace native completions, callbacks, and last-version state; async Rust ownership and typed results, not C ABI","reference/go/docs/p00/api-inventory.csv; P07 context, completion, result, and flush tests",R08:native:C++:PoolAsyncCompletion:PoolAsyncCompletion::set_callback:5e3eb0eca7cb,planned-not-implemented
native:C++:PoolAsyncCompletion:PoolAsyncCompletion::wait:caa398834820,PoolAsyncCompletion::wait,"context.Context, operation results, and rados.Client.Flush","Rust equivalent of context.Context, operation results, and rados.Client.Flush; exact signature frozen in R02/owning phase",R08,port-behavior,completion of prior phases; see SPEC.md,"Go context, direct results, and flush semantics replace native completions, callbacks, and last-version state; async Rust ownership and typed results, not C ABI","reference/go/docs/p00/api-inventory.csv; P07 context, completion, result, and flush tests",R08:native:C++:PoolAsyncCompletion:PoolAsyncCompletion::wait:caa398834820,planned-not-implemented
native:C++:PoolAsyncCompletion:PoolAsyncCompletion::~PoolAsyncCompletion:b6bbea104a03,PoolAsyncCompletion::~PoolAsyncCompletion,automatic Go memory ownership,Rust equivalent of automatic Go memory ownership; exact signature frozen in R02/owning phase,R02,port-behavior,none,"No public deallocator; async Rust ownership and typed results, not C ABI",reference/go/docs/p00/api-inventory.csv; ownership and leak tests,R02:native:C++:PoolAsyncCompletion:PoolAsyncCompletion::~PoolAsyncCompletion:b6bbea104a03,implemented-r02
native:C++:Rados:Rados::Rados:9f2344e199ee,Rados::Rados,Go constructors and immutable value/builders,Rust equivalent of Go constructors and immutable value/builders; exact signature frozen in R02/owning phase,R02,port-behavior,none,"Constructors and move/copy rules become Go constructors and ownership rules; async Rust ownership and typed results, not C ABI",reference/go/docs/p00/api-inventory.csv; API lifecycle tests,R02:native:C++:Rados:Rados::Rados:9f2344e199ee,implemented-r02
native:C++:Rados:Rados::Rados:7d495493d16e,Rados::Rados,Go constructors and immutable value/builders,Rust equivalent of Go constructors and immutable value/builders; exact signature frozen in R02/owning phase,R02,port-behavior,none,"Constructors and move/copy rules become Go constructors and ownership rules; async Rust ownership and typed results, not C ABI",reference/go/docs/p00/api-inventory.csv; API lifecycle tests,R02:native:C++:Rados:Rados::Rados:7d495493d16e,implemented-r02
native:C++:Rados:Rados::aio_create_completion:4c8b9a0f4f75,Rados::aio_create_completion,"context.Context, operation results, and rados.Client.Flush","Rust equivalent of context.Context, operation results, and rados.Client.Flush; exact signature frozen in R02/owning phase",R08,port-behavior,completion of prior phases; see SPEC.md,"Go context, direct results, and flush semantics replace native completions, callbacks, and last-version state; async Rust ownership and typed results, not C ABI","reference/go/docs/p00/api-inventory.csv; P07 context, completion, result, and flush tests",R08:native:C++:Rados:Rados::aio_create_completion:4c8b9a0f4f75,implemented-r08
native:C++:Rados:Rados::aio_create_completion:d7a0f16a097b,Rados::aio_create_completion,"context.Context, operation results, and rados.Client.Flush","Rust equivalent of context.Context, operation results, and rados.Client.Flush; exact signature frozen in R02/owning phase",R08,port-behavior,completion of prior phases; see SPEC.md,"Go context, direct results, and flush semantics replace native completions, callbacks, and last-version state; async Rust ownership and typed results, not C ABI","reference/go/docs/p00/api-inventory.csv; P07 context, completion, result, and flush tests",R08:native:C++:Rados:Rados::aio_create_completion:d7a0f16a097b,implemented-r08
native:C++:Rados:Rados::aio_create_completion:a13d64e5962c,Rados::aio_create_completion,none,Rust equivalent of none; exact signature frozen in R02/owning phase,R12,port-behavior,completion of prior phases; see SPEC.md,"No deprecated compatibility alias in the initial Go API; async Rust ownership and typed results, not C ABI",reference/go/docs/p00/api-inventory.csv; inventory review; no runtime conformance claim,R12:native:C++:Rados:Rados::aio_create_completion:a13d64e5962c,intentional-omission-r12
native:C++:Rados:Rados::aio_watch_flush:73ac8a92ff95,Rados::aio_watch_flush,rados.Watch and notify methods,Rust equivalent of rados.Watch and notify methods; exact signature frozen in R02/owning phase,R10,port-behavior,completion of prior phases; see SPEC.md,"Watch draining and notify reply memory ownership are integrated into Go lifecycle and result semantics; async Rust ownership and typed results, not C ABI",reference/go/docs/p00/api-inventory.csv; P09 unit and live watch/notify interoperability tests,R10:native:C++:Rados:Rados::aio_watch_flush:73ac8a92ff95,implemented-r10
native:C++:Rados:Rados::blocklist_add:75f8c2832c5b,Rados::blocklist_add,rados.Client administrative methods,Rust equivalent of rados.Client administrative methods; exact signature frozen in R02/owning phase,R12,port-behavior,completion of prior phases; see SPEC.md,"Context-aware Go values preserve native semantics with Go-owned command and metadata results; async Rust ownership and typed results, not C ABI",reference/go/docs/p00/api-inventory.csv; P11 unit and live administrative interoperability tests,R12:native:C++:Rados:Rados::blocklist_add:75f8c2832c5b,implemented-r12
native:C++:Rados:Rados::cct:26550c780635,Rados::cct,none,Rust equivalent of none; exact signature frozen in R02/owning phase,R02,port-behavior,none,"No native configuration or cluster handle exists; async Rust ownership and typed results, not C ABI",reference/go/docs/p00/api-inventory.csv; P01 dependency and cgo audit,R02:native:C++:Rados:Rados::cct:26550c780635,implemented-r02
native:C++:Rados:Rados::cluster_fsid:5f6e170ef115,Rados::cluster_fsid,rados.Client pool/map discovery methods,Rust equivalent of rados.Client pool/map discovery methods; exact signature frozen in R02/owning phase,R05,port-behavior,completion of prior phases; see SPEC.md,"Context-aware discovery returns Go-owned values and immutable pool views; async Rust ownership and typed results, not C ABI",reference/go/docs/p00/api-inventory.csv; P04 unit and live discovery tests,R05:native:C++:Rados:Rados::cluster_fsid:5f6e170ef115,planned-not-implemented
native:C++:Rados:Rados::cluster_stat:4c1e0f85cbd4,Rados::cluster_stat,rados.Client administrative methods,Rust equivalent of rados.Client administrative methods; exact signature frozen in R02/owning phase,R12,port-behavior,completion of prior phases; see SPEC.md,"Context-aware Go values preserve native semantics with Go-owned command and metadata results; async Rust ownership and typed results, not C ABI",reference/go/docs/p00/api-inventory.csv; P11 unit and live administrative interoperability tests,R12:native:C++:Rados:Rados::cluster_stat:4c1e0f85cbd4,implemented-r12
native:C++:Rados:Rados::conf_get:0756096096b1,Rados::conf_get,rados.Client / rados.Config lifecycle and configuration methods,Rust equivalent of rados.Client / rados.Config lifecycle and configuration methods; exact signature frozen in R02/owning phase,R12,port-behavior,completion of prior phases; see SPEC.md,"Typed, value-oriented configuration and context-aware lifecycle replace mutable native configuration; async Rust ownership and typed results, not C ABI",reference/go/docs/p00/api-inventory.csv; P01 lifecycle and P04 configuration tests,R12:native:C++:Rados:Rados::conf_get:0756096096b1,adapted-r12
native:C++:Rados:Rados::conf_parse_argv:f383648b4e98,Rados::conf_parse_argv,rados.Client / rados.Config lifecycle and configuration methods,Rust equivalent of rados.Client / rados.Config lifecycle and configuration methods; exact signature frozen in R02/owning phase,R12,port-behavior,completion of prior phases; see SPEC.md,"Typed, value-oriented configuration and context-aware lifecycle replace mutable native configuration; async Rust ownership and typed results, not C ABI",reference/go/docs/p00/api-inventory.csv; P01 lifecycle and P04 configuration tests,R12:native:C++:Rados:Rados::conf_parse_argv:f383648b4e98,adapted-r12
native:C++:Rados:Rados::conf_parse_argv_remainder:767beebbdcc7,Rados::conf_parse_argv_remainder,rados.Client / rados.Config lifecycle and configuration methods,Rust equivalent of rados.Client / rados.Config lifecycle and configuration methods; exact signature frozen in R02/owning phase,R12,port-behavior,completion of prior phases; see SPEC.md,"Typed, value-oriented configuration and context-aware lifecycle replace mutable native configuration; async Rust ownership and typed results, not C ABI",reference/go/docs/p00/api-inventory.csv; P01 lifecycle and P04 configuration tests,R12:native:C++:Rados:Rados::conf_parse_argv_remainder:767beebbdcc7,adapted-r12
native:C++:Rados:Rados::conf_parse_env:6a3e82e9aae4,Rados::conf_parse_env,rados.Client / rados.Config lifecycle and configuration methods,Rust equivalent of rados.Client / rados.Config lifecycle and configuration methods; exact signature frozen in R02/owning phase,R12,port-behavior,completion of prior phases; see SPEC.md,"Typed, value-oriented configuration and context-aware lifecycle replace mutable native configuration; async Rust ownership and typed results, not C ABI",reference/go/docs/p00/api-inventory.csv; P01 lifecycle and P04 configuration tests,R12:native:C++:Rados:Rados::conf_parse_env:6a3e82e9aae4,adapted-r12
native:C++:Rados:Rados::conf_read_file:67789145fa7e,Rados::conf_read_file,rados.Client / rados.Config lifecycle and configuration methods,Rust equivalent of rados.Client / rados.Config lifecycle and configuration methods; exact signature frozen in R02/owning phase,R12,port-behavior,completion of prior phases; see SPEC.md,"Typed, value-oriented configuration and context-aware lifecycle replace mutable native configuration; async Rust ownership and typed results, not C ABI",reference/go/docs/p00/api-inventory.csv; P01 lifecycle and P04 configuration tests,R12:native:C++:Rados:Rados::conf_read_file:67789145fa7e,adapted-r12
native:C++:Rados:Rados::conf_set:1614900a00ae,Rados::conf_set,rados.Client / rados.Config lifecycle and configuration methods,Rust equivalent of rados.Client / rados.Config lifecycle and configuration methods; exact signature frozen in R02/owning phase,R12,port-behavior,completion of prior phases; see SPEC.md,"Typed, value-oriented configuration and context-aware lifecycle replace mutable native configuration; async Rust ownership and typed results, not C ABI",reference/go/docs/p00/api-inventory.csv; P01 lifecycle and P04 configuration tests,R12:native:C++:Rados:Rados::conf_set:1614900a00ae,adapted-r12
native:C++:Rados:Rados::connect:64908c0a8f78,Rados::connect,rados.Client / rados.Config lifecycle and configuration methods,Rust equivalent of rados.Client / rados.Config lifecycle and configuration methods; exact signature frozen in R02/owning phase,R12,port-behavior,completion of prior phases; see SPEC.md,"Typed, value-oriented configuration and context-aware lifecycle replace mutable native configuration; async Rust ownership and typed results, not C ABI",reference/go/docs/p00/api-inventory.csv; P01 lifecycle and P04 configuration tests,R12:native:C++:Rados:Rados::connect:64908c0a8f78,adapted-r12
native:C++:Rados:Rados::from_rados_t:7fbaf2c38e0e,Rados::from_rados_t,none,Rust equivalent of none; exact signature frozen in R02/owning phase,R00,port-behavior,none,"No C handle exists in the distributed client; async Rust ownership and typed results, not C ABI",reference/go/docs/p00/api-inventory.csv; dependency and cgo audit,R00:native:C++:Rados:Rados::from_rados_t:7fbaf2c38e0e,planned-not-implemented
native:C++:Rados:Rados::get_addrs:f5e806235845,Rados::get_addrs,rados.Client session addresses,Rust equivalent of rados.Client session addresses; exact signature frozen in R02/owning phase,R12,port-behavior,completion of prior phases; see SPEC.md,"Context-aware Go values preserve native semantics with Go-owned command and metadata results; async Rust ownership and typed results, not C ABI",reference/go/docs/p00/api-inventory.csv; P11 unit and live administrative interoperability tests,R12:native:C++:Rados:Rados::get_addrs:f5e806235845,implemented-r12
native:C++:Rados:Rados::get_inconsistent_objects:432f2c5ec140,Rados::get_inconsistent_objects,rados.Client administrative consistency methods,Rust equivalent of rados.Client administrative consistency methods; exact signature frozen in R02/owning phase,R12,port-behavior,completion of prior phases; see SPEC.md,"Context-aware Go values preserve native semantics with Go-owned command and metadata results; async Rust ownership and typed results, not C ABI",reference/go/docs/p00/api-inventory.csv; P11 unit and live administrative interoperability tests,R12:native:C++:Rados:Rados::get_inconsistent_objects:432f2c5ec140,implemented-r12
native:C++:Rados:Rados::get_inconsistent_pgs:0db85d549531,Rados::get_inconsistent_pgs,rados.Client administrative consistency methods,Rust equivalent of rados.Client administrative consistency methods; exact signature frozen in R02/owning phase,R12,port-behavior,completion of prior phases; see SPEC.md,"Context-aware Go values preserve native semantics with Go-owned command and metadata results; async Rust ownership and typed results, not C ABI",reference/go/docs/p00/api-inventory.csv; P11 unit and live administrative interoperability tests,R12:native:C++:Rados:Rados::get_inconsistent_pgs:0db85d549531,implemented-r12
native:C++:Rados:Rados::get_inconsistent_snapsets:2c5ebc199c53,Rados::get_inconsistent_snapsets,rados snapshot methods and immutable snapshot views,Rust equivalent of rados snapshot methods and immutable snapshot views; exact signature frozen in R02/owning phase,R11,port-behavior,completion of prior phases; see SPEC.md,"Not exposed by the certified P10 Go contract; async Rust ownership and typed results, not C ABI",reference/go/docs/p00/api-inventory.csv; P10 API inventory review; no runtime conformance claim,R11:native:C++:Rados:Rados::get_inconsistent_snapsets:2c5ebc199c53,planned-not-implemented
native:C++:Rados:Rados::get_instance_id:1d245227e568,Rados::get_instance_id,rados.Client / rados.Config lifecycle and configuration methods,Rust equivalent of rados.Client / rados.Config lifecycle and configuration methods; exact signature frozen in R02/owning phase,R12,port-behavior,completion of prior phases; see SPEC.md,"Typed, value-oriented configuration and context-aware lifecycle replace mutable native configuration; async Rust ownership and typed results, not C ABI",reference/go/docs/p00/api-inventory.csv; P01 lifecycle and P04 configuration tests,R12:native:C++:Rados:Rados::get_instance_id:1d245227e568,adapted-r12
native:C++:Rados:Rados::get_min_compatible_client:7c8a5e05a68e,Rados::get_min_compatible_client,none,Rust equivalent of none; exact signature frozen in R02/owning phase,R05,port-behavior,completion of prior phases; see SPEC.md,"No distinct v1 behavior requires this native diagnostic or explicit map wait; async Rust ownership and typed results, not C ABI",reference/go/docs/p00/api-inventory.csv; P04 API inventory review; no runtime conformance claim,R05:native:C++:Rados:Rados::get_min_compatible_client:7c8a5e05a68e,planned-not-implemented
native:C++:Rados:Rados::get_min_compatible_osd:ed77bf22dbab,Rados::get_min_compatible_osd,none,Rust equivalent of none; exact signature frozen in R02/owning phase,R05,port-behavior,completion of prior phases; see SPEC.md,"No distinct v1 behavior requires this native diagnostic or explicit map wait; async Rust ownership and typed results, not C ABI",reference/go/docs/p00/api-inventory.csv; P04 API inventory review; no runtime conformance claim,R05:native:C++:Rados:Rados::get_min_compatible_osd:ed77bf22dbab,planned-not-implemented
native:C++:Rados:Rados::get_pool_is_selfmanaged_snaps_mode:b51fc0c1f3d9,Rados::get_pool_is_selfmanaged_snaps_mode,none,Rust equivalent of none; exact signature frozen in R02/owning phase,R12,port-behavior,completion of prior phases; see SPEC.md,"No deprecated compatibility alias in the initial Go API; async Rust ownership and typed results, not C ABI",reference/go/docs/p00/api-inventory.csv; inventory review; no runtime conformance claim,R12:native:C++:Rados:Rados::get_pool_is_selfmanaged_snaps_mode:b51fc0c1f3d9,intentional-omission-r12
native:C++:Rados:Rados::get_pool_stats:95378a4e83ea,Rados::get_pool_stats,rados.Client administrative methods,Rust equivalent of rados.Client administrative methods; exact signature frozen in R02/owning phase,R12,port-behavior,completion of prior phases; see SPEC.md,"Context-aware Go values preserve native semantics with Go-owned command and metadata results; async Rust ownership and typed results, not C ABI",reference/go/docs/p00/api-inventory.csv; P11 unit and live administrative interoperability tests,R12:native:C++:Rados:Rados::get_pool_stats:95378a4e83ea,implemented-r12
native:C++:Rados:Rados::get_pool_stats:115e3ddb94a6,Rados::get_pool_stats,rados.Client administrative methods,Rust equivalent of rados.Client administrative methods; exact signature frozen in R02/owning phase,R12,port-behavior,completion of prior phases; see SPEC.md,"Context-aware Go values preserve native semantics with Go-owned command and metadata results; async Rust ownership and typed results, not C ABI",reference/go/docs/p00/api-inventory.csv; P11 unit and live administrative interoperability tests,R12:native:C++:Rados:Rados::get_pool_stats:115e3ddb94a6,implemented-r12
native:C++:Rados:Rados::get_pool_stats:667aa7fc7044,Rados::get_pool_stats,rados.Client administrative methods,Rust equivalent of rados.Client administrative methods; exact signature frozen in R02/owning phase,R12,port-behavior,completion of prior phases; see SPEC.md,"Context-aware Go values preserve native semantics with Go-owned command and metadata results; async Rust ownership and typed results, not C ABI",reference/go/docs/p00/api-inventory.csv; P11 unit and live administrative interoperability tests,R12:native:C++:Rados:Rados::get_pool_stats:667aa7fc7044,implemented-r12
native:C++:Rados:Rados::init:30a97c17d633,Rados::init,rados.New,Rust equivalent of rados.New; exact signature frozen in R02/owning phase,R12,port-behavior,completion of prior phases; see SPEC.md,"Go construction combines native allocation, initialization, and ownership; async Rust ownership and typed results, not C ABI",reference/go/docs/p00/api-inventory.csv; P01 lifecycle and P04 configuration tests,R12:native:C++:Rados:Rados::init:30a97c17d633,adapted-r12
native:C++:Rados:Rados::init2:0dfc7fd2bc76,Rados::init2,rados.New,Rust equivalent of rados.New; exact signature frozen in R02/owning phase,R12,port-behavior,completion of prior phases; see SPEC.md,"Go construction combines native allocation, initialization, and ownership; async Rust ownership and typed results, not C ABI",reference/go/docs/p00/api-inventory.csv; P01 lifecycle and P04 configuration tests,R12:native:C++:Rados:Rados::init2:0dfc7fd2bc76,adapted-r12
native:C++:Rados:Rados::init_with_context:85b8bef0a7ec,Rados::init_with_context,rados.New,Rust equivalent of rados.New; exact signature frozen in R02/owning phase,R12,port-behavior,completion of prior phases; see SPEC.md,"Go construction combines native allocation, initialization, and ownership; async Rust ownership and typed results, not C ABI",reference/go/docs/p00/api-inventory.csv; P01 lifecycle and P04 configuration tests,R12:native:C++:Rados:Rados::init_with_context:85b8bef0a7ec,adapted-r12
native:C++:Rados:Rados::ioctx_create:bd4127ef7e59,Rados::ioctx_create,rados.Client pool/map discovery methods,Rust equivalent of rados.Client pool/map discovery methods; exact signature frozen in R02/owning phase,R05,port-behavior,completion of prior phases; see SPEC.md,"Context-aware discovery returns Go-owned values and immutable pool views; async Rust ownership and typed results, not C ABI",reference/go/docs/p00/api-inventory.csv; P04 unit and live discovery tests,R05:native:C++:Rados:Rados::ioctx_create:bd4127ef7e59,planned-not-implemented
native:C++:Rados:Rados::ioctx_create2:ddf7c7afe31d,Rados::ioctx_create2,rados.Client pool/map discovery methods,Rust equivalent of rados.Client pool/map discovery methods; exact signature frozen in R02/owning phase,R05,port-behavior,completion of prior phases; see SPEC.md,"Context-aware discovery returns Go-owned values and immutable pool views; async Rust ownership and typed results, not C ABI",reference/go/docs/p00/api-inventory.csv; P04 unit and live discovery tests,R05:native:C++:Rados:Rados::ioctx_create2:ddf7c7afe31d,planned-not-implemented
native:C++:Rados:Rados::mgr_command:2b66fb3d045e,Rados::mgr_command,rados.Client administrative methods,Rust equivalent of rados.Client administrative methods; exact signature frozen in R02/owning phase,R12,port-behavior,completion of prior phases; see SPEC.md,"Context-aware Go values preserve native semantics with Go-owned command and metadata results; async Rust ownership and typed results, not C ABI",reference/go/docs/p00/api-inventory.csv; P11 unit and live administrative interoperability tests,R12:native:C++:Rados:Rados::mgr_command:2b66fb3d045e,implemented-r12
native:C++:Rados:Rados::mon_command:3920fd7b153e,Rados::mon_command,rados.Client administrative methods,Rust equivalent of rados.Client administrative methods; exact signature frozen in R02/owning phase,R12,port-behavior,completion of prior phases; see SPEC.md,"Context-aware Go values preserve native semantics with Go-owned command and metadata results; async Rust ownership and typed results, not C ABI",reference/go/docs/p00/api-inventory.csv; P11 unit and live administrative interoperability tests,R12:native:C++:Rados:Rados::mon_command:3920fd7b153e,implemented-r12
native:C++:Rados:Rados::operator<<:931802c3b1e8,Rados::operator<<,"Go value, iterator, and ownership semantics","Rust equivalent of Go value, iterator, and ownership semantics; exact signature frozen in R02/owning phase",R02,port-behavior,none,"C++ copy/move/operator surface is represented by idiomatic Go values; async Rust ownership and typed results, not C ABI",reference/go/docs/p00/api-inventory.csv; ownership and iterator tests,R02:native:C++:Rados:Rados::operator<<:931802c3b1e8,implemented-r02
native:C++:Rados:Rados::osd_command:bbb55cfb9fa5,Rados::osd_command,rados.Client administrative methods,Rust equivalent of rados.Client administrative methods; exact signature frozen in R02/owning phase,R12,port-behavior,completion of prior phases; see SPEC.md,"Context-aware Go values preserve native semantics with Go-owned command and metadata results; async Rust ownership and typed results, not C ABI",reference/go/docs/p00/api-inventory.csv; P11 unit and live administrative interoperability tests,R12:native:C++:Rados:Rados::osd_command:bbb55cfb9fa5,implemented-r12
native:C++:Rados:Rados::pg_command:e4268526ef88,Rados::pg_command,rados.Client administrative methods,Rust equivalent of rados.Client administrative methods; exact signature frozen in R02/owning phase,R12,port-behavior,completion of prior phases; see SPEC.md,"Context-aware Go values preserve native semantics with Go-owned command and metadata results; async Rust ownership and typed results, not C ABI",reference/go/docs/p00/api-inventory.csv; P11 unit and live administrative interoperability tests,R12:native:C++:Rados:Rados::pg_command:e4268526ef88,implemented-r12
native:C++:Rados:Rados::pool_async_create_completion:37a0cff9f25a,Rados::pool_async_create_completion,"context.Context, operation results, and rados.Client.Flush","Rust equivalent of context.Context, operation results, and rados.Client.Flush; exact signature frozen in R02/owning phase",R08,port-behavior,completion of prior phases; see SPEC.md,"Go context, direct results, and flush semantics replace native completions, callbacks, and last-version state; async Rust ownership and typed results, not C ABI","reference/go/docs/p00/api-inventory.csv; P07 context, completion, result, and flush tests",R08:native:C++:Rados:Rados::pool_async_create_completion:37a0cff9f25a,planned-not-implemented
native:C++:Rados:Rados::pool_create:9fa312974e1c,Rados::pool_create,rados.Client administrative methods,Rust equivalent of rados.Client administrative methods; exact signature frozen in R02/owning phase,R12,port-behavior,completion of prior phases; see SPEC.md,"Context-aware Go values preserve native semantics with Go-owned command and metadata results; async Rust ownership and typed results, not C ABI",reference/go/docs/p00/api-inventory.csv; P11 unit and live administrative interoperability tests,R12:native:C++:Rados:Rados::pool_create:9fa312974e1c,implemented-r12
native:C++:Rados:Rados::pool_create:aea0793aa203,Rados::pool_create,none,Rust equivalent of none; exact signature frozen in R02/owning phase,R12,port-behavior,completion of prior phases; see SPEC.md,"No deprecated compatibility alias in the initial Go API; async Rust ownership and typed results, not C ABI",reference/go/docs/p00/api-inventory.csv; inventory review; no runtime conformance claim,R12:native:C++:Rados:Rados::pool_create:aea0793aa203,intentional-omission-r12
native:C++:Rados:Rados::pool_create:24bbb8040e5b,Rados::pool_create,none,Rust equivalent of none; exact signature frozen in R02/owning phase,R12,port-behavior,completion of prior phases; see SPEC.md,"No deprecated compatibility alias in the initial Go API; async Rust ownership and typed results, not C ABI",reference/go/docs/p00/api-inventory.csv; inventory review; no runtime conformance claim,R12:native:C++:Rados:Rados::pool_create:24bbb8040e5b,intentional-omission-r12
native:C++:Rados:Rados::pool_create_async:f6db00533280,Rados::pool_create_async,rados.Client administrative methods,Rust equivalent of rados.Client administrative methods; exact signature frozen in R02/owning phase,R12,port-behavior,completion of prior phases; see SPEC.md,"Context-aware Go calls replace native completion allocation; async Rust ownership and typed results, not C ABI","reference/go/docs/p00/api-inventory.csv; P11 context, ownership, and live administrative tests",R12:native:C++:Rados:Rados::pool_create_async:f6db00533280,implemented-r12
native:C++:Rados:Rados::pool_create_async:3935aebae1c7,Rados::pool_create_async,none,Rust equivalent of none; exact signature frozen in R02/owning phase,R12,port-behavior,completion of prior phases; see SPEC.md,"No deprecated compatibility alias in the initial Go API; async Rust ownership and typed results, not C ABI",reference/go/docs/p00/api-inventory.csv; inventory review; no runtime conformance claim,R12:native:C++:Rados:Rados::pool_create_async:3935aebae1c7,intentional-omission-r12
native:C++:Rados:Rados::pool_create_async:428d0f72bab5,Rados::pool_create_async,none,Rust equivalent of none; exact signature frozen in R02/owning phase,R12,port-behavior,completion of prior phases; see SPEC.md,"No deprecated compatibility alias in the initial Go API; async Rust ownership and typed results, not C ABI",reference/go/docs/p00/api-inventory.csv; inventory review; no runtime conformance claim,R12:native:C++:Rados:Rados::pool_create_async:428d0f72bab5,intentional-omission-r12
native:C++:Rados:Rados::pool_create_with_rule:05dcd8ec97c8,Rados::pool_create_with_rule,rados.Client administrative methods,Rust equivalent of rados.Client administrative methods; exact signature frozen in R02/owning phase,R12,port-behavior,completion of prior phases; see SPEC.md,"Context-aware Go values preserve native semantics with Go-owned command and metadata results; async Rust ownership and typed results, not C ABI",reference/go/docs/p00/api-inventory.csv; P11 unit and live administrative interoperability tests,R12:native:C++:Rados:Rados::pool_create_with_rule:05dcd8ec97c8,adapted-r12
native:C++:Rados:Rados::pool_create_with_rule_async:0ffabd748bd0,Rados::pool_create_with_rule_async,rados.Client administrative methods,Rust equivalent of rados.Client administrative methods; exact signature frozen in R02/owning phase,R12,port-behavior,completion of prior phases; see SPEC.md,"Context-aware Go calls replace native completion allocation; async Rust ownership and typed results, not C ABI","reference/go/docs/p00/api-inventory.csv; P11 context, ownership, and live administrative tests",R12:native:C++:Rados:Rados::pool_create_with_rule_async:0ffabd748bd0,adapted-r12
native:C++:Rados:Rados::pool_delete:ccc9ec5de4e4,Rados::pool_delete,rados.Client administrative methods,Rust equivalent of rados.Client administrative methods; exact signature frozen in R02/owning phase,R12,port-behavior,completion of prior phases; see SPEC.md,"Context-aware Go values preserve native semantics with Go-owned command and metadata results; async Rust ownership and typed results, not C ABI",reference/go/docs/p00/api-inventory.csv; P11 unit and live administrative interoperability tests,R12:native:C++:Rados:Rados::pool_delete:ccc9ec5de4e4,implemented-r12
native:C++:Rados:Rados::pool_delete_async:13b4612f5853,Rados::pool_delete_async,rados.Client administrative methods,Rust equivalent of rados.Client administrative methods; exact signature frozen in R02/owning phase,R12,port-behavior,completion of prior phases; see SPEC.md,"Context-aware Go calls replace native completion allocation; async Rust ownership and typed results, not C ABI","reference/go/docs/p00/api-inventory.csv; P11 context, ownership, and live administrative tests",R12:native:C++:Rados:Rados::pool_delete_async:13b4612f5853,implemented-r12
native:C++:Rados:Rados::pool_get_base_tier:dca2bbb35cb4,Rados::pool_get_base_tier,none,Rust equivalent of none; exact signature frozen in R02/owning phase,R12,inherit-native-disposition,completion of prior phases; see SPEC.md,"Outside the v1 scope defined by SPEC.md; async Rust ownership and typed results, not C ABI",reference/go/docs/p00/api-inventory.csv; future explicit qualification,R12:native:C++:Rados:Rados::pool_get_base_tier:dca2bbb35cb4,deferred-r12
native:C++:Rados:Rados::pool_is_in_selfmanaged_snaps_mode:3c833437f091,Rados::pool_is_in_selfmanaged_snaps_mode,rados snapshot methods and immutable snapshot views,Rust equivalent of rados snapshot methods and immutable snapshot views; exact signature frozen in R02/owning phase,R11,port-behavior,completion of prior phases; see SPEC.md,"Context-aware Go values preserve native semantics with Go-owned inputs and results; async Rust ownership and typed results, not C ABI",reference/go/docs/p00/api-inventory.csv; P10 unit and live snapshot and EC interoperability tests,R11:native:C++:Rados:Rados::pool_is_in_selfmanaged_snaps_mode:3c833437f091,implemented-r11
native:C++:Rados:Rados::pool_list:3a296a6db178,Rados::pool_list,rados.Client pool/map discovery methods,Rust equivalent of rados.Client pool/map discovery methods; exact signature frozen in R02/owning phase,R05,port-behavior,completion of prior phases; see SPEC.md,"Context-aware discovery returns Go-owned values and immutable pool views; async Rust ownership and typed results, not C ABI",reference/go/docs/p00/api-inventory.csv; P04 unit and live discovery tests,R05:native:C++:Rados:Rados::pool_list:3a296a6db178,planned-not-implemented
native:C++:Rados:Rados::pool_list2:89b3f35b1fa3,Rados::pool_list2,rados.Client pool/map discovery methods,Rust equivalent of rados.Client pool/map discovery methods; exact signature frozen in R02/owning phase,R05,port-behavior,completion of prior phases; see SPEC.md,"Context-aware discovery returns Go-owned values and immutable pool views; async Rust ownership and typed results, not C ABI",reference/go/docs/p00/api-inventory.csv; P04 unit and live discovery tests,R05:native:C++:Rados:Rados::pool_list2:89b3f35b1fa3,planned-not-implemented
native:C++:Rados:Rados::pool_lookup:d6473b4829f6,Rados::pool_lookup,rados.Client pool/map discovery methods,Rust equivalent of rados.Client pool/map discovery methods; exact signature frozen in R02/owning phase,R05,port-behavior,completion of prior phases; see SPEC.md,"Context-aware discovery returns Go-owned values and immutable pool views; async Rust ownership and typed results, not C ABI",reference/go/docs/p00/api-inventory.csv; P04 unit and live discovery tests,R05:native:C++:Rados:Rados::pool_lookup:d6473b4829f6,planned-not-implemented
native:C++:Rados:Rados::pool_reverse_lookup:ae1255ae1fa6,Rados::pool_reverse_lookup,rados.Client pool/map discovery methods,Rust equivalent of rados.Client pool/map discovery methods; exact signature frozen in R02/owning phase,R05,port-behavior,completion of prior phases; see SPEC.md,"Context-aware discovery returns Go-owned values and immutable pool views; async Rust ownership and typed results, not C ABI",reference/go/docs/p00/api-inventory.csv; P04 unit and live discovery tests,R05:native:C++:Rados:Rados::pool_reverse_lookup:ae1255ae1fa6,planned-not-implemented
native:C++:Rados:Rados::service_daemon_register:daff59ee840e,Rados::service_daemon_register,none,Rust equivalent of none; exact signature frozen in R02/owning phase,R12,inherit-native-disposition,completion of prior phases; see SPEC.md,"Outside the v1 scope defined by SPEC.md; async Rust ownership and typed results, not C ABI",reference/go/docs/p00/api-inventory.csv; future explicit qualification,R12:native:C++:Rados:Rados::service_daemon_register:daff59ee840e,deferred-r12
native:C++:Rados:Rados::service_daemon_update_status:4267a33af45c,Rados::service_daemon_update_status,none,Rust equivalent of none; exact signature frozen in R02/owning phase,R12,inherit-native-disposition,completion of prior phases; see SPEC.md,"Outside the v1 scope defined by SPEC.md; async Rust ownership and typed results, not C ABI",reference/go/docs/p00/api-inventory.csv; future explicit qualification,R12:native:C++:Rados:Rados::service_daemon_update_status:4267a33af45c,deferred-r12
native:C++:Rados:Rados::shutdown:bbbaac6cf86e,Rados::shutdown,rados.Client / rados.Config lifecycle and configuration methods,Rust equivalent of rados.Client / rados.Config lifecycle and configuration methods; exact signature frozen in R02/owning phase,R12,port-behavior,completion of prior phases; see SPEC.md,"Typed, value-oriented configuration and context-aware lifecycle replace mutable native configuration; async Rust ownership and typed results, not C ABI",reference/go/docs/p00/api-inventory.csv; P01 lifecycle and P04 configuration tests,R12:native:C++:Rados:Rados::shutdown:bbbaac6cf86e,adapted-r12
native:C++:Rados:Rados::test_blocklist_self:cd833f2f55c4,Rados::test_blocklist_self,rados.Client administrative methods,Rust equivalent of rados.Client administrative methods; exact signature frozen in R02/owning phase,R12,port-behavior,completion of prior phases; see SPEC.md,"Not exposed by the certified P11 Go contract; async Rust ownership and typed results, not C ABI",reference/go/docs/p00/api-inventory.csv; P11 API inventory review; no runtime conformance claim,R12:native:C++:Rados:Rados::test_blocklist_self:cd833f2f55c4,intentional-omission-r12
native:C++:Rados:Rados::version:4c5b952f548c,Rados::version,none,Rust equivalent of none; exact signature frozen in R02/owning phase,R02,port-behavior,none,"The pure-Go module does not report a linked librados version; async Rust ownership and typed results, not C ABI",reference/go/docs/p00/api-inventory.csv; P01 API inventory review; no runtime conformance claim,R02:native:C++:Rados:Rados::version:4c5b952f548c,implemented-r02
native:C++:Rados:Rados::wait_for_latest_osdmap:edff67cdb2e5,Rados::wait_for_latest_osdmap,none,Rust equivalent of none; exact signature frozen in R02/owning phase,R05,port-behavior,completion of prior phases; see SPEC.md,"No distinct v1 behavior requires this native diagnostic or explicit map wait; async Rust ownership and typed results, not C ABI",reference/go/docs/p00/api-inventory.csv; P04 API inventory review; no runtime conformance claim,R05:native:C++:Rados:Rados::wait_for_latest_osdmap:edff67cdb2e5,planned-not-implemented
native:C++:Rados:Rados::watch_flush:96ebb4367caa,Rados::watch_flush,rados.Watch and notify methods,Rust equivalent of rados.Watch and notify methods; exact signature frozen in R02/owning phase,R10,port-behavior,completion of prior phases; see SPEC.md,"Watch draining and notify reply memory ownership are integrated into Go lifecycle and result semantics; async Rust ownership and typed results, not C ABI",reference/go/docs/p00/api-inventory.csv; P09 unit and live watch/notify interoperability tests,R10:native:C++:Rados:Rados::watch_flush:96ebb4367caa,implemented-r10
native:C++:Rados:Rados::~Rados:dad5fa4dd12a,Rados::~Rados,automatic Go memory ownership,Rust equivalent of automatic Go memory ownership; exact signature frozen in R02/owning phase,R02,port-behavior,none,"No public deallocator; async Rust ownership and typed results, not C ABI",reference/go/docs/p00/api-inventory.csv; ownership and leak tests,R02:native:C++:Rados:Rados::~Rados:dad5fa4dd12a,implemented-r02
native:C++:WatchCtx:WatchCtx::notify:97c6033dc25c,WatchCtx::notify,none,Rust equivalent of none; exact signature frozen in R02/owning phase,R12,port-behavior,completion of prior phases; see SPEC.md,"No deprecated compatibility alias in the initial Go API; async Rust ownership and typed results, not C ABI",reference/go/docs/p00/api-inventory.csv; inventory review; no runtime conformance claim,R12:native:C++:WatchCtx:WatchCtx::notify:97c6033dc25c,intentional-omission-r12
native:C++:WatchCtx:WatchCtx::~WatchCtx:4549c349c665,WatchCtx::~WatchCtx,automatic Go memory ownership,Rust equivalent of automatic Go memory ownership; exact signature frozen in R02/owning phase,R02,port-behavior,none,"No public deallocator; async Rust ownership and typed results, not C ABI",reference/go/docs/p00/api-inventory.csv; ownership and leak tests,R02:native:C++:WatchCtx:WatchCtx::~WatchCtx:4549c349c665,implemented-r02
native:C++:WatchCtx2:WatchCtx2::handle_error:1298da3dd391,WatchCtx2::handle_error,rados.Watch and notify methods,Rust equivalent of rados.Watch and notify methods; exact signature frozen in R02/owning phase,R10,port-behavior,completion of prior phases; see SPEC.md,"Unified context-aware Go calls preserve native semantics and use Go-owned results; async Rust ownership and typed results, not C ABI",reference/go/docs/p00/api-inventory.csv; P09 unit and live watch/notify interoperability tests,R10:native:C++:WatchCtx2:WatchCtx2::handle_error:1298da3dd391,implemented-r10
native:C++:WatchCtx2:WatchCtx2::handle_notify:2e30ccb76449,WatchCtx2::handle_notify,rados.Watch and notify methods,Rust equivalent of rados.Watch and notify methods; exact signature frozen in R02/owning phase,R10,port-behavior,completion of prior phases; see SPEC.md,"Unified context-aware Go calls preserve native semantics and use Go-owned results; async Rust ownership and typed results, not C ABI",reference/go/docs/p00/api-inventory.csv; P09 unit and live watch/notify interoperability tests,R10:native:C++:WatchCtx2:WatchCtx2::handle_notify:2e30ccb76449,implemented-r10
native:C++:WatchCtx2:WatchCtx2::~WatchCtx2:e5f84f9b7d33,WatchCtx2::~WatchCtx2,automatic Go memory ownership,Rust equivalent of automatic Go memory ownership; exact signature frozen in R02/owning phase,R02,port-behavior,none,"No public deallocator; async Rust ownership and typed results, not C ABI",reference/go/docs/p00/api-inventory.csv; ownership and leak tests,R02:native:C++:WatchCtx2:WatchCtx2::~WatchCtx2:e5f84f9b7d33,implemented-r02
go:ChecksumCRC32C,see native rows by Go family; no guessed exact mapping,ChecksumCRC32C,rados:: equivalent for ChecksumCRC32C; public contract frozen in R02,R02,port-public-contract,inherited certified profile; declaration kind=const,"Rust names and ownership adapted; byte identities, errors, cancellation and result meaning retained",archived Go object.go:52; reference/go-public-api.json,R02:go:ChecksumCRC32C,implemented-r02
go:ChecksumType,see native rows by Go family; no guessed exact mapping,ChecksumType,rados:: equivalent for ChecksumType; public contract frozen in R02,R02,port-public-contract,inherited certified profile; declaration kind=type,"Rust names and ownership adapted; byte identities, errors, cancellation and result meaning retained",archived Go object.go:47; reference/go-public-api.json,R02:go:ChecksumType,implemented-r02
go:ChecksumXXHash32,see native rows by Go family; no guessed exact mapping,ChecksumXXHash32,rados:: equivalent for ChecksumXXHash32; public contract frozen in R02,R02,port-public-contract,inherited certified profile; declaration kind=const,"Rust names and ownership adapted; byte identities, errors, cancellation and result meaning retained",archived Go object.go:50; reference/go-public-api.json,R02:go:ChecksumXXHash32,implemented-r02
go:ChecksumXXHash64,see native rows by Go family; no guessed exact mapping,ChecksumXXHash64,rados:: equivalent for ChecksumXXHash64; public contract frozen in R02,R02,port-public-contract,inherited certified profile; declaration kind=const,"Rust names and ownership adapted; byte identities, errors, cancellation and result meaning retained",archived Go object.go:51; reference/go-public-api.json,R02:go:ChecksumXXHash64,implemented-r02
go:ClassResult,see native rows by Go family; no guessed exact mapping,ClassResult,rados:: equivalent for ClassResult; public contract frozen in R02,R02,port-public-contract,inherited certified profile; declaration kind=type,"Rust names and ownership adapted; byte identities, errors, cancellation and result meaning retained",archived Go object.go:60; reference/go-public-api.json,R02:go:ClassResult,implemented-r02
go:ClassResult.Code,see native rows by Go family; no guessed exact mapping,ClassResult.Code,rados:: equivalent for ClassResult.Code; public contract frozen in R02,R02,port-public-contract,inherited certified profile; declaration kind=field,"Rust names and ownership adapted; byte identities, errors, cancellation and result meaning retained",archived Go object.go:62; reference/go-public-api.json,R02:go:ClassResult.Code,implemented-r02
go:ClassResult.Data,see native rows by Go family; no guessed exact mapping,ClassResult.Data,rados:: equivalent for ClassResult.Data; public contract frozen in R02,R02,port-public-contract,inherited certified profile; declaration kind=field,"Rust names and ownership adapted; byte identities, errors, cancellation and result meaning retained",archived Go object.go:61; reference/go-public-api.json,R02:go:ClassResult.Data,implemented-r02
go:Client,see native rows by Go family; no guessed exact mapping,Client,rados:: equivalent for Client; public contract frozen in R02,R02,port-public-contract,inherited certified profile; declaration kind=type,"Rust names and ownership adapted; byte identities, errors, cancellation and result meaning retained",archived Go client.go:54; reference/go-public-api.json,R02:go:Client,implemented-r02
go:Client.Blocklist,see native rows by Go family; no guessed exact mapping,Client.Blocklist,rados:: equivalent for Client.Blocklist; signature review pending R02/owning phase,R12,port-public-contract,inherited certified profile; declaration kind=method,"Rust names and ownership adapted; byte identities, errors, cancellation and result meaning retained",archived Go admin.go:320; reference/go-public-api.json,R12:go:Client.Blocklist,implemented-r12
go:Client.Close,see native rows by Go family; no guessed exact mapping,Client.Close,rados:: equivalent for Client.Close; signature review pending R02/owning phase,R08,port-public-contract,inherited certified profile; declaration kind=method,"Rust names and ownership adapted; byte identities, errors, cancellation and result meaning retained",archived Go client.go:326; reference/go-public-api.json,R08:go:Client.Close,implemented-r08
go:Client.ClusterStats,see native rows by Go family; no guessed exact mapping,Client.ClusterStats,rados:: equivalent for Client.ClusterStats; signature review pending R02/owning phase,R12,port-public-contract,inherited certified profile; declaration kind=method,"Rust names and ownership adapted; byte identities, errors, cancellation and result meaning retained",archived Go admin.go:48; reference/go-public-api.json,R12:go:Client.ClusterStats,implemented-r12
go:Client.Connect,see native rows by Go family; no guessed exact mapping,Client.Connect,rados:: equivalent for Client.Connect; signature review pending R02/owning phase,R05,port-public-contract,inherited certified profile; declaration kind=method,"Rust names and ownership adapted; byte identities, errors, cancellation and result meaning retained",archived Go client.go:109; reference/go-public-api.json,R05:go:Client.Connect,planned-not-implemented
go:Client.CreatePool,see native rows by Go family; no guessed exact mapping,Client.CreatePool,rados:: equivalent for Client.CreatePool; signature review pending R02/owning phase,R12,port-public-contract,inherited certified profile; declaration kind=method,"Rust names and ownership adapted; byte identities, errors, cancellation and result meaning retained",archived Go admin.go:184; reference/go-public-api.json,R12:go:Client.CreatePool,implemented-r12
go:Client.DeletePool,see native rows by Go family; no guessed exact mapping,Client.DeletePool,rados:: equivalent for Client.DeletePool; signature review pending R02/owning phase,R12,port-public-contract,inherited certified profile; declaration kind=method,"Rust names and ownership adapted; byte identities, errors, cancellation and result meaning retained",archived Go admin.go:199; reference/go-public-api.json,R12:go:Client.DeletePool,implemented-r12
go:Client.FSID,see native rows by Go family; no guessed exact mapping,Client.FSID,rados:: equivalent for Client.FSID; signature review pending R02/owning phase,R05,port-public-contract,inherited certified profile; declaration kind=method,"Rust names and ownership adapted; byte identities, errors, cancellation and result meaning retained",archived Go client.go:378; reference/go-public-api.json,R05:go:Client.FSID,planned-not-implemented
go:Client.Flush,see native rows by Go family; no guessed exact mapping,Client.Flush,rados:: equivalent for Client.Flush; signature review pending R02/owning phase,R08,port-public-contract,inherited certified profile; declaration kind=method,"Rust names and ownership adapted; byte identities, errors, cancellation and result meaning retained",archived Go client.go:273; reference/go-public-api.json,R08:go:Client.Flush,implemented-r08
go:Client.InstanceID,see native rows by Go family; no guessed exact mapping,Client.InstanceID,rados:: equivalent for Client.InstanceID; signature review pending R02/owning phase,R05,port-public-contract,inherited certified profile; declaration kind=method,"Rust names and ownership adapted; byte identities, errors, cancellation and result meaning retained",archived Go client.go:390; reference/go-public-api.json,R05:go:Client.InstanceID,planned-not-implemented
go:Client.ListInconsistentObjects,see native rows by Go family; no guessed exact mapping,Client.ListInconsistentObjects,rados:: equivalent for Client.ListInconsistentObjects; signature review pending R02/owning phase,R12,port-public-contract,inherited certified profile; declaration kind=method,"Rust names and ownership adapted; byte identities, errors, cancellation and result meaning retained",archived Go admin.go:142; reference/go-public-api.json,R12:go:Client.ListInconsistentObjects,implemented-r12
go:Client.ListInconsistentPGs,see native rows by Go family; no guessed exact mapping,Client.ListInconsistentPGs,rados:: equivalent for Client.ListInconsistentPGs; signature review pending R02/owning phase,R12,port-public-contract,inherited certified profile; declaration kind=method,"Rust names and ownership adapted; byte identities, errors, cancellation and result meaning retained",archived Go admin.go:82; reference/go-public-api.json,R12:go:Client.ListInconsistentPGs,implemented-r12
go:Client.ManagerCommand,see native rows by Go family; no guessed exact mapping,Client.ManagerCommand,rados:: equivalent for Client.ManagerCommand; signature review pending R02/owning phase,R12,port-public-contract,inherited certified profile; declaration kind=method,"Rust names and ownership adapted; byte identities, errors, cancellation and result meaning retained",archived Go admin.go:367; reference/go-public-api.json,R12:go:Client.ManagerCommand,implemented-r12
go:Client.MonitorCommand,see native rows by Go family; no guessed exact mapping,Client.MonitorCommand,rados:: equivalent for Client.MonitorCommand; signature review pending R02/owning phase,R12,port-public-contract,inherited certified profile; declaration kind=method,"Rust names and ownership adapted; byte identities, errors, cancellation and result meaning retained",archived Go admin.go:350; reference/go-public-api.json,R12:go:Client.MonitorCommand,implemented-r12
go:Client.OSDCommand,see native rows by Go family; no guessed exact mapping,Client.OSDCommand,rados:: equivalent for Client.OSDCommand; signature review pending R02/owning phase,R12,port-public-contract,inherited certified profile; declaration kind=method,"Rust names and ownership adapted; byte identities, errors, cancellation and result meaning retained",archived Go admin.go:384; reference/go-public-api.json,R12:go:Client.OSDCommand,implemented-r12
go:Client.OpenPool,see native rows by Go family; no guessed exact mapping,Client.OpenPool,rados:: equivalent for Client.OpenPool; signature review pending R02/owning phase,R05,port-public-contract,inherited certified profile; declaration kind=method,"Rust names and ownership adapted; byte identities, errors, cancellation and result meaning retained",archived Go client.go:232; reference/go-public-api.json,R05:go:Client.OpenPool,planned-not-implemented
go:Client.OpenPoolByID,see native rows by Go family; no guessed exact mapping,Client.OpenPoolByID,rados:: equivalent for Client.OpenPoolByID; signature review pending R02/owning phase,R05,port-public-contract,inherited certified profile; declaration kind=method,"Rust names and ownership adapted; byte identities, errors, cancellation and result meaning retained",archived Go client.go:252; reference/go-public-api.json,R05:go:Client.OpenPoolByID,planned-not-implemented
go:Client.PGCommand,see native rows by Go family; no guessed exact mapping,Client.PGCommand,rados:: equivalent for Client.PGCommand; signature review pending R02/owning phase,R12,port-public-contract,inherited certified profile; declaration kind=method,"Rust names and ownership adapted; byte identities, errors, cancellation and result meaning retained",archived Go admin.go:404; reference/go-public-api.json,R12:go:Client.PGCommand,implemented-r12
go:Client.SessionAddresses,see native rows by Go family; no guessed exact mapping,Client.SessionAddresses,rados:: equivalent for Client.SessionAddresses; signature review pending R02/owning phase,R12,port-public-contract,inherited certified profile; declaration kind=method,"Rust names and ownership adapted; byte identities, errors, cancellation and result meaning retained",archived Go admin.go:165; reference/go-public-api.json,R12:go:Client.SessionAddresses,implemented-r12
go:Client.Shutdown,see native rows by Go family; no guessed exact mapping,Client.Shutdown,rados:: equivalent for Client.Shutdown; signature review pending R02/owning phase,R08,port-public-contract,inherited certified profile; declaration kind=method,"Rust names and ownership adapted; byte identities, errors, cancellation and result meaning retained",archived Go client.go:287; reference/go-public-api.json,R08:go:Client.Shutdown,implemented-r08
go:ClusterStats,see native rows by Go family; no guessed exact mapping,ClusterStats,rados:: equivalent for ClusterStats; public contract frozen in R02,R02,port-public-contract,inherited certified profile; declaration kind=type,"Rust names and ownership adapted; byte identities, errors, cancellation and result meaning retained",archived Go admin.go:23; reference/go-public-api.json,R02:go:ClusterStats,implemented-r02
go:ClusterStats.KB,see native rows by Go family; no guessed exact mapping,ClusterStats.KB,rados:: equivalent for ClusterStats.KB; public contract frozen in R02,R02,port-public-contract,inherited certified profile; declaration kind=field,"Rust names and ownership adapted; byte identities, errors, cancellation and result meaning retained",archived Go admin.go:24; reference/go-public-api.json,R02:go:ClusterStats.KB,implemented-r02
go:ClusterStats.KBAvailable,see native rows by Go family; no guessed exact mapping,ClusterStats.KBAvailable,rados:: equivalent for ClusterStats.KBAvailable; public contract frozen in R02,R02,port-public-contract,inherited certified profile; declaration kind=field,"Rust names and ownership adapted; byte identities, errors, cancellation and result meaning retained",archived Go admin.go:26; reference/go-public-api.json,R02:go:ClusterStats.KBAvailable,implemented-r02
go:ClusterStats.KBUsed,see native rows by Go family; no guessed exact mapping,ClusterStats.KBUsed,rados:: equivalent for ClusterStats.KBUsed; public contract frozen in R02,R02,port-public-contract,inherited certified profile; declaration kind=field,"Rust names and ownership adapted; byte identities, errors, cancellation and result meaning retained",archived Go admin.go:25; reference/go-public-api.json,R02:go:ClusterStats.KBUsed,implemented-r02
go:ClusterStats.Objects,see native rows by Go family; no guessed exact mapping,ClusterStats.Objects,rados:: equivalent for ClusterStats.Objects; public contract frozen in R02,R02,port-public-contract,inherited certified profile; declaration kind=field,"Rust names and ownership adapted; byte identities, errors, cancellation and result meaning retained",archived Go admin.go:27; reference/go-public-api.json,R02:go:ClusterStats.Objects,implemented-r02
go:CommandResult,see native rows by Go family; no guessed exact mapping,CommandResult,rados:: equivalent for CommandResult; public contract frozen in R02,R02,port-public-contract,inherited certified profile; declaration kind=type,"Rust names and ownership adapted; byte identities, errors, cancellation and result meaning retained",archived Go admin.go:18; reference/go-public-api.json,R02:go:CommandResult,implemented-r02
go:CommandResult.Output,see native rows by Go family; no guessed exact mapping,CommandResult.Output,rados:: equivalent for CommandResult.Output; public contract frozen in R02,R02,port-public-contract,inherited certified profile; declaration kind=field,"Rust names and ownership adapted; byte identities, errors, cancellation and result meaning retained",archived Go admin.go:19; reference/go-public-api.json,R02:go:CommandResult.Output,implemented-r02
go:CommandResult.Status,see native rows by Go family; no guessed exact mapping,CommandResult.Status,rados:: equivalent for CommandResult.Status; public contract frozen in R02,R02,port-public-contract,inherited certified profile; declaration kind=field,"Rust names and ownership adapted; byte identities, errors, cancellation and result meaning retained",archived Go admin.go:20; reference/go-public-api.json,R02:go:CommandResult.Status,implemented-r02
go:CompareObjectCursors,see native rows by Go family; no guessed exact mapping,CompareObjectCursors,rados:: equivalent for CompareObjectCursors; signature review pending R02/owning phase,R08,port-public-contract,inherited certified profile; declaration kind=function,"Rust names and ownership adapted; byte identities, errors, cancellation and result meaning retained",archived Go object.go:142; reference/go-public-api.json,R08:go:CompareObjectCursors,planned-not-implemented
go:Config,see native rows by Go family; no guessed exact mapping,Config,rados:: equivalent for Config; public contract frozen in R02,R02,port-public-contract,inherited certified profile; declaration kind=type,"Rust names and ownership adapted; byte identities, errors, cancellation and result meaning retained",archived Go client.go:40; reference/go-public-api.json,R02:go:Config,implemented-r02
go:Config.ClusterFSID,see native rows by Go family; no guessed exact mapping,Config.ClusterFSID,rados:: equivalent for Config.ClusterFSID; public contract frozen in R02,R02,port-public-contract,inherited certified profile; declaration kind=field,"Rust names and ownership adapted; byte identities, errors, cancellation and result meaning retained",archived Go client.go:43; reference/go-public-api.json,R02:go:Config.ClusterFSID,implemented-r02
go:Config.DialTimeout,see native rows by Go family; no guessed exact mapping,Config.DialTimeout,rados:: equivalent for Config.DialTimeout; public contract frozen in R02,R02,port-public-contract,inherited certified profile; declaration kind=field,"Rust names and ownership adapted; byte identities, errors, cancellation and result meaning retained",archived Go client.go:46; reference/go-public-api.json,R02:go:Config.DialTimeout,implemented-r02
go:Config.Entity,see native rows by Go family; no guessed exact mapping,Config.Entity,rados:: equivalent for Config.Entity; public contract frozen in R02,R02,port-public-contract,inherited certified profile; declaration kind=field,"Rust names and ownership adapted; byte identities, errors, cancellation and result meaning retained",archived Go client.go:42; reference/go-public-api.json,R02:go:Config.Entity,implemented-r02
go:Config.HandshakeTimeout,see native rows by Go family; no guessed exact mapping,Config.HandshakeTimeout,rados:: equivalent for Config.HandshakeTimeout; public contract frozen in R02,R02,port-public-contract,inherited certified profile; declaration kind=field,"Rust names and ownership adapted; byte identities, errors, cancellation and result meaning retained",archived Go client.go:47; reference/go-public-api.json,R02:go:Config.HandshakeTimeout,implemented-r02
go:Config.Key,see native rows by Go family; no guessed exact mapping,Config.Key,rados:: equivalent for Config.Key; public contract frozen in R02,R02,port-public-contract,inherited certified profile; declaration kind=field,"Rust names and ownership adapted; byte identities, errors, cancellation and result meaning retained",archived Go client.go:44; reference/go-public-api.json,R02:go:Config.Key,implemented-r02
go:Config.Monitors,see native rows by Go family; no guessed exact mapping,Config.Monitors,rados:: equivalent for Config.Monitors; public contract frozen in R02,R02,port-public-contract,inherited certified profile; declaration kind=field,"Rust names and ownership adapted; byte identities, errors, cancellation and result meaning retained",archived Go client.go:41; reference/go-public-api.json,R02:go:Config.Monitors,implemented-r02
go:Config.OperationTimeout,see native rows by Go family; no guessed exact mapping,Config.OperationTimeout,rados:: equivalent for Config.OperationTimeout; public contract frozen in R02,R02,port-public-contract,inherited certified profile; declaration kind=field,"Rust names and ownership adapted; byte identities, errors, cancellation and result meaning retained",archived Go client.go:48; reference/go-public-api.json,R02:go:Config.OperationTimeout,implemented-r02
go:Config.Option,see native rows by Go family; no guessed exact mapping,Config.Option,rados:: equivalent for Config.Option; signature review pending R02/owning phase,R05,port-public-contract,inherited certified profile; declaration kind=method,"Rust names and ownership adapted; byte identities, errors, cancellation and result meaning retained",archived Go config.go:185; reference/go-public-api.json,R05:go:Config.Option,planned-not-implemented
go:Config.ParseArgs,see native rows by Go family; no guessed exact mapping,Config.ParseArgs,rados:: equivalent for Config.ParseArgs; signature review pending R02/owning phase,R05,port-public-contract,inherited certified profile; declaration kind=method,"Rust names and ownership adapted; byte identities, errors, cancellation and result meaning retained",archived Go config.go:224; reference/go-public-api.json,R05:go:Config.ParseArgs,planned-not-implemented
go:Config.ParseEnv,see native rows by Go family; no guessed exact mapping,Config.ParseEnv,rados:: equivalent for Config.ParseEnv; signature review pending R02/owning phase,R05,port-public-contract,inherited certified profile; declaration kind=method,"Rust names and ownership adapted; byte identities, errors, cancellation and result meaning retained",archived Go config.go:282; reference/go-public-api.json,R05:go:Config.ParseEnv,planned-not-implemented
go:Config.SecurityMode,see native rows by Go family; no guessed exact mapping,Config.SecurityMode,rados:: equivalent for Config.SecurityMode; public contract frozen in R02,R02,port-public-contract,inherited certified profile; declaration kind=field,"Rust names and ownership adapted; byte identities, errors, cancellation and result meaning retained",archived Go client.go:45; reference/go-public-api.json,R02:go:Config.SecurityMode,implemented-r02
go:Config.WithOption,see native rows by Go family; no guessed exact mapping,Config.WithOption,rados:: equivalent for Config.WithOption; signature review pending R02/owning phase,R05,port-public-contract,inherited certified profile; declaration kind=method,"Rust names and ownership adapted; byte identities, errors, cancellation and result meaning retained",archived Go config.go:94; reference/go-public-api.json,R05:go:Config.WithOption,planned-not-implemented
go:DefaultConfig,see native rows by Go family; no guessed exact mapping,DefaultConfig,rados:: equivalent for DefaultConfig; signature review pending R02/owning phase,R05,port-public-contract,inherited certified profile; declaration kind=function,"Rust names and ownership adapted; byte identities, errors, cancellation and result meaning retained",archived Go config.go:24; reference/go-public-api.json,R05:go:DefaultConfig,planned-not-implemented
go:ErrCanceled,see native rows by Go family; no guessed exact mapping,ErrCanceled,rados:: equivalent for ErrCanceled; public contract frozen in R02,R02,port-public-contract,inherited certified profile; declaration kind=var,"Rust names and ownership adapted; byte identities, errors, cancellation and result meaning retained",archived Go errors.go:19; reference/go-public-api.json,R02:go:ErrCanceled,implemented-r02
go:ErrClosed,see native rows by Go family; no guessed exact mapping,ErrClosed,rados:: equivalent for ErrClosed; public contract frozen in R02,R02,port-public-contract,inherited certified profile; declaration kind=var,"Rust names and ownership adapted; byte identities, errors, cancellation and result meaning retained",archived Go errors.go:20; reference/go-public-api.json,R02:go:ErrClosed,implemented-r02
go:ErrConflict,see native rows by Go family; no guessed exact mapping,ErrConflict,rados:: equivalent for ErrConflict; public contract frozen in R02,R02,port-public-contract,inherited certified profile; declaration kind=var,"Rust names and ownership adapted; byte identities, errors, cancellation and result meaning retained",archived Go errors.go:17; reference/go-public-api.json,R02:go:ErrConflict,implemented-r02
go:ErrExists,see native rows by Go family; no guessed exact mapping,ErrExists,rados:: equivalent for ErrExists; public contract frozen in R02,R02,port-public-contract,inherited certified profile; declaration kind=var,"Rust names and ownership adapted; byte identities, errors, cancellation and result meaning retained",archived Go errors.go:12; reference/go-public-api.json,R02:go:ErrExists,implemented-r02
go:ErrInvalidArgument,see native rows by Go family; no guessed exact mapping,ErrInvalidArgument,rados:: equivalent for ErrInvalidArgument; public contract frozen in R02,R02,port-public-contract,inherited certified profile; declaration kind=var,"Rust names and ownership adapted; byte identities, errors, cancellation and result meaning retained",archived Go errors.go:15; reference/go-public-api.json,R02:go:ErrInvalidArgument,implemented-r02
go:ErrNotFound,see native rows by Go family; no guessed exact mapping,ErrNotFound,rados:: equivalent for ErrNotFound; public contract frozen in R02,R02,port-public-contract,inherited certified profile; declaration kind=var,"Rust names and ownership adapted; byte identities, errors, cancellation and result meaning retained",archived Go errors.go:11; reference/go-public-api.json,R02:go:ErrNotFound,implemented-r02
go:ErrOutcomeUnknown,see native rows by Go family; no guessed exact mapping,ErrOutcomeUnknown,rados:: equivalent for ErrOutcomeUnknown; public contract frozen in R02,R02,port-public-contract,inherited certified profile; declaration kind=var,"Rust names and ownership adapted; byte identities, errors, cancellation and result meaning retained",archived Go errors.go:21; reference/go-public-api.json,R02:go:ErrOutcomeUnknown,implemented-r02
go:ErrPermission,see native rows by Go family; no guessed exact mapping,ErrPermission,rados:: equivalent for ErrPermission; public contract frozen in R02,R02,port-public-contract,inherited certified profile; declaration kind=var,"Rust names and ownership adapted; byte identities, errors, cancellation and result meaning retained",archived Go errors.go:13; reference/go-public-api.json,R02:go:ErrPermission,implemented-r02
go:ErrQuotaOrFull,see native rows by Go family; no guessed exact mapping,ErrQuotaOrFull,rados:: equivalent for ErrQuotaOrFull; public contract frozen in R02,R02,port-public-contract,inherited certified profile; declaration kind=var,"Rust names and ownership adapted; byte identities, errors, cancellation and result meaning retained",archived Go errors.go:16; reference/go-public-api.json,R02:go:ErrQuotaOrFull,implemented-r02
go:ErrTimeout,see native rows by Go family; no guessed exact mapping,ErrTimeout,rados:: equivalent for ErrTimeout; public contract frozen in R02,R02,port-public-contract,inherited certified profile; declaration kind=var,"Rust names and ownership adapted; byte identities, errors, cancellation and result meaning retained",archived Go errors.go:18; reference/go-public-api.json,R02:go:ErrTimeout,implemented-r02
go:ErrUnsupported,see native rows by Go family; no guessed exact mapping,ErrUnsupported,rados:: equivalent for ErrUnsupported; public contract frozen in R02,R02,port-public-contract,inherited certified profile; declaration kind=var,"Rust names and ownership adapted; byte identities, errors, cancellation and result meaning retained",archived Go errors.go:14; reference/go-public-api.json,R02:go:ErrUnsupported,implemented-r02
go:ErrWatchInterrupted,see native rows by Go family; no guessed exact mapping,ErrWatchInterrupted,rados:: equivalent for ErrWatchInterrupted; public contract frozen in R02,R02,port-public-contract,inherited certified profile; declaration kind=var,"Rust names and ownership adapted; byte identities, errors, cancellation and result meaning retained",archived Go errors.go:22; reference/go-public-api.json,R02:go:ErrWatchInterrupted,implemented-r02
go:InconsistentObject,see native rows by Go family; no guessed exact mapping,InconsistentObject,rados:: equivalent for InconsistentObject; public contract frozen in R02,R02,port-public-contract,inherited certified profile; declaration kind=type,"Rust names and ownership adapted; byte identities, errors, cancellation and result meaning retained",archived Go admin.go:37; reference/go-public-api.json,R02:go:InconsistentObject,implemented-r02
go:InconsistentObject.Errors,see native rows by Go family; no guessed exact mapping,InconsistentObject.Errors,rados:: equivalent for InconsistentObject.Errors; public contract frozen in R02,R02,port-public-contract,inherited certified profile; declaration kind=field,"Rust names and ownership adapted; byte identities, errors, cancellation and result meaning retained",archived Go admin.go:40; reference/go-public-api.json,R02:go:InconsistentObject.Errors,implemented-r02
go:InconsistentObject.Object,see native rows by Go family; no guessed exact mapping,InconsistentObject.Object,rados:: equivalent for InconsistentObject.Object; public contract frozen in R02,R02,port-public-contract,inherited certified profile; declaration kind=field,"Rust names and ownership adapted; byte identities, errors, cancellation and result meaning retained",archived Go admin.go:38; reference/go-public-api.json,R02:go:InconsistentObject.Object,implemented-r02
go:InconsistentObject.Shards,see native rows by Go family; no guessed exact mapping,InconsistentObject.Shards,rados:: equivalent for InconsistentObject.Shards; public contract frozen in R02,R02,port-public-contract,inherited certified profile; declaration kind=field,"Rust names and ownership adapted; byte identities, errors, cancellation and result meaning retained",archived Go admin.go:39; reference/go-public-api.json,R02:go:InconsistentObject.Shards,implemented-r02
go:InconsistentPG,see native rows by Go family; no guessed exact mapping,InconsistentPG,rados:: equivalent for InconsistentPG; public contract frozen in R02,R02,port-public-contract,inherited certified profile; declaration kind=type,"Rust names and ownership adapted; byte identities, errors, cancellation and result meaning retained",archived Go admin.go:43; reference/go-public-api.json,R02:go:InconsistentPG,implemented-r02
go:InconsistentPG.Errors,see native rows by Go family; no guessed exact mapping,InconsistentPG.Errors,rados:: equivalent for InconsistentPG.Errors; public contract frozen in R02,R02,port-public-contract,inherited certified profile; declaration kind=field,"Rust names and ownership adapted; byte identities, errors, cancellation and result meaning retained",archived Go admin.go:45; reference/go-public-api.json,R02:go:InconsistentPG.Errors,implemented-r02
go:InconsistentPG.PG,see native rows by Go family; no guessed exact mapping,InconsistentPG.PG,rados:: equivalent for InconsistentPG.PG; public contract frozen in R02,R02,port-public-contract,inherited certified profile; declaration kind=field,"Rust names and ownership adapted; byte identities, errors, cancellation and result meaning retained",archived Go admin.go:44; reference/go-public-api.json,R02:go:InconsistentPG.PG,implemented-r02
go:LoadConfig,see native rows by Go family; no guessed exact mapping,LoadConfig,rados:: equivalent for LoadConfig; signature review pending R02/owning phase,R05,port-public-contract,inherited certified profile; declaration kind=function,"Rust names and ownership adapted; byte identities, errors, cancellation and result meaning retained",archived Go config.go:53; reference/go-public-api.json,R05:go:LoadConfig,planned-not-implemented
go:LoadKeyring,see native rows by Go family; no guessed exact mapping,LoadKeyring,rados:: equivalent for LoadKeyring; signature review pending R02/owning phase,R05,port-public-contract,inherited certified profile; declaration kind=function,"Rust names and ownership adapted; byte identities, errors, cancellation and result meaning retained",archived Go config.go:75; reference/go-public-api.json,R05:go:LoadKeyring,planned-not-implemented
go:LockExclusive,see native rows by Go family; no guessed exact mapping,LockExclusive,rados:: equivalent for LockExclusive; public contract frozen in R02,R02,port-public-contract,inherited certified profile; declaration kind=const,"Rust names and ownership adapted; byte identities, errors, cancellation and result meaning retained",archived Go coordination.go:17; reference/go-public-api.json,R02:go:LockExclusive,implemented-r02
go:LockMode,see native rows by Go family; no guessed exact mapping,LockMode,rados:: equivalent for LockMode; public contract frozen in R02,R02,port-public-contract,inherited certified profile; declaration kind=type,"Rust names and ownership adapted; byte identities, errors, cancellation and result meaning retained",archived Go coordination.go:14; reference/go-public-api.json,R02:go:LockMode,implemented-r02
go:LockOptions,see native rows by Go family; no guessed exact mapping,LockOptions,rados:: equivalent for LockOptions; public contract frozen in R02,R02,port-public-contract,inherited certified profile; declaration kind=type,"Rust names and ownership adapted; byte identities, errors, cancellation and result meaning retained",archived Go coordination.go:21; reference/go-public-api.json,R02:go:LockOptions,implemented-r02
go:LockOptions.Cookie,see native rows by Go family; no guessed exact mapping,LockOptions.Cookie,rados:: equivalent for LockOptions.Cookie; public contract frozen in R02,R02,port-public-contract,inherited certified profile; declaration kind=field,"Rust names and ownership adapted; byte identities, errors, cancellation and result meaning retained",archived Go coordination.go:22; reference/go-public-api.json,R02:go:LockOptions.Cookie,implemented-r02
go:LockOptions.Description,see native rows by Go family; no guessed exact mapping,LockOptions.Description,rados:: equivalent for LockOptions.Description; public contract frozen in R02,R02,port-public-contract,inherited certified profile; declaration kind=field,"Rust names and ownership adapted; byte identities, errors, cancellation and result meaning retained",archived Go coordination.go:24; reference/go-public-api.json,R02:go:LockOptions.Description,implemented-r02
go:LockOptions.Duration,see native rows by Go family; no guessed exact mapping,LockOptions.Duration,rados:: equivalent for LockOptions.Duration; public contract frozen in R02,R02,port-public-contract,inherited certified profile; declaration kind=field,"Rust names and ownership adapted; byte identities, errors, cancellation and result meaning retained",archived Go coordination.go:25; reference/go-public-api.json,R02:go:LockOptions.Duration,implemented-r02
go:LockOptions.Renew,see native rows by Go family; no guessed exact mapping,LockOptions.Renew,rados:: equivalent for LockOptions.Renew; public contract frozen in R02,R02,port-public-contract,inherited certified profile; declaration kind=field,"Rust names and ownership adapted; byte identities, errors, cancellation and result meaning retained",archived Go coordination.go:26; reference/go-public-api.json,R02:go:LockOptions.Renew,implemented-r02
go:LockOptions.Tag,see native rows by Go family; no guessed exact mapping,LockOptions.Tag,rados:: equivalent for LockOptions.Tag; public contract frozen in R02,R02,port-public-contract,inherited certified profile; declaration kind=field,"Rust names and ownership adapted; byte identities, errors, cancellation and result meaning retained",archived Go coordination.go:23; reference/go-public-api.json,R02:go:LockOptions.Tag,implemented-r02
go:LockShared,see native rows by Go family; no guessed exact mapping,LockShared,rados:: equivalent for LockShared; public contract frozen in R02,R02,port-public-contract,inherited certified profile; declaration kind=const,"Rust names and ownership adapted; byte identities, errors, cancellation and result meaning retained",archived Go coordination.go:18; reference/go-public-api.json,R02:go:LockShared,implemented-r02
go:Locker,see native rows by Go family; no guessed exact mapping,Locker,rados:: equivalent for Locker; public contract frozen in R02,R02,port-public-contract,inherited certified profile; declaration kind=type,"Rust names and ownership adapted; byte identities, errors, cancellation and result meaning retained",archived Go coordination.go:29; reference/go-public-api.json,R02:go:Locker,implemented-r02
go:Locker.Address,see native rows by Go family; no guessed exact mapping,Locker.Address,rados:: equivalent for Locker.Address; public contract frozen in R02,R02,port-public-contract,inherited certified profile; declaration kind=field,"Rust names and ownership adapted; byte identities, errors, cancellation and result meaning retained",archived Go coordination.go:32; reference/go-public-api.json,R02:go:Locker.Address,implemented-r02
go:Locker.Client,see native rows by Go family; no guessed exact mapping,Locker.Client,rados:: equivalent for Locker.Client; public contract frozen in R02,R02,port-public-contract,inherited certified profile; declaration kind=field,"Rust names and ownership adapted; byte identities, errors, cancellation and result meaning retained",archived Go coordination.go:30; reference/go-public-api.json,R02:go:Locker.Client,implemented-r02
go:Locker.Cookie,see native rows by Go family; no guessed exact mapping,Locker.Cookie,rados:: equivalent for Locker.Cookie; public contract frozen in R02,R02,port-public-contract,inherited certified profile; declaration kind=field,"Rust names and ownership adapted; byte identities, errors, cancellation and result meaning retained",archived Go coordination.go:31; reference/go-public-api.json,R02:go:Locker.Cookie,implemented-r02
go:Locker.Description,see native rows by Go family; no guessed exact mapping,Locker.Description,rados:: equivalent for Locker.Description; public contract frozen in R02,R02,port-public-contract,inherited certified profile; declaration kind=field,"Rust names and ownership adapted; byte identities, errors, cancellation and result meaning retained",archived Go coordination.go:33; reference/go-public-api.json,R02:go:Locker.Description,implemented-r02
go:Locker.Expiration,see native rows by Go family; no guessed exact mapping,Locker.Expiration,rados:: equivalent for Locker.Expiration; public contract frozen in R02,R02,port-public-contract,inherited certified profile; declaration kind=field,"Rust names and ownership adapted; byte identities, errors, cancellation and result meaning retained",archived Go coordination.go:34; reference/go-public-api.json,R02:go:Locker.Expiration,implemented-r02
go:Locker.Mode,see native rows by Go family; no guessed exact mapping,Locker.Mode,rados:: equivalent for Locker.Mode; public contract frozen in R02,R02,port-public-contract,inherited certified profile; declaration kind=field,"Rust names and ownership adapted; byte identities, errors, cancellation and result meaning retained",archived Go coordination.go:35; reference/go-public-api.json,R02:go:Locker.Mode,implemented-r02
go:Locker.Tag,see native rows by Go family; no guessed exact mapping,Locker.Tag,rados:: equivalent for Locker.Tag; public contract frozen in R02,R02,port-public-contract,inherited certified profile; declaration kind=field,"Rust names and ownership adapted; byte identities, errors, cancellation and result meaning retained",archived Go coordination.go:36; reference/go-public-api.json,R02:go:Locker.Tag,implemented-r02
go:MaxWatchQueue,see native rows by Go family; no guessed exact mapping,MaxWatchQueue,rados:: equivalent for MaxWatchQueue; public contract frozen in R02,R02,port-public-contract,inherited certified profile; declaration kind=const,"Rust names and ownership adapted; byte identities, errors, cancellation and result meaning retained",archived Go coordination.go:70; reference/go-public-api.json,R02:go:MaxWatchQueue,implemented-r02
go:New,see native rows by Go family; no guessed exact mapping,New,rados:: equivalent for New; signature review pending R02/owning phase,R05,port-public-contract,inherited certified profile; declaration kind=function,"Rust names and ownership adapted; byte identities, errors, cancellation and result meaning retained",archived Go client.go:77; reference/go-public-api.json,R05:go:New,planned-not-implemented
go:NewP12DiagnosticClient,see native rows by Go family; no guessed exact mapping,NewP12DiagnosticClient,rados:: equivalent for NewP12DiagnosticClient; signature review pending R02/owning phase,R13,port-public-contract,inherited certified profile; declaration kind=function,"Rust names and ownership adapted; byte identities, errors, cancellation and result meaning retained",archived Go p12_diagnostics.go:25; reference/go-public-api.json,R13:go:NewP12DiagnosticClient,planned-not-implemented
go:NewReadOp,see native rows by Go family; no guessed exact mapping,NewReadOp,rados:: equivalent for NewReadOp; signature review pending R02/owning phase,R09,port-public-contract,inherited certified profile; declaration kind=function,"Rust names and ownership adapted; byte identities, errors, cancellation and result meaning retained",archived Go metadata.go:52; reference/go-public-api.json,R09:go:NewReadOp,implemented-r09
go:NewWriteOp,see native rows by Go family; no guessed exact mapping,NewWriteOp,rados:: equivalent for NewWriteOp; signature review pending R02/owning phase,R09,port-public-contract,inherited certified profile; declaration kind=function,"Rust names and ownership adapted; byte identities, errors, cancellation and result meaning retained",archived Go metadata.go:53; reference/go-public-api.json,R09:go:NewWriteOp,implemented-r09
go:NotifyAcknowledgment,see native rows by Go family; no guessed exact mapping,NotifyAcknowledgment,rados:: equivalent for NotifyAcknowledgment; public contract frozen in R02,R02,port-public-contract,inherited certified profile; declaration kind=type,"Rust names and ownership adapted; byte identities, errors, cancellation and result meaning retained",archived Go coordination.go:53; reference/go-public-api.json,R02:go:NotifyAcknowledgment,implemented-r02
go:NotifyAcknowledgment.Client,see native rows by Go family; no guessed exact mapping,NotifyAcknowledgment.Client,rados:: equivalent for NotifyAcknowledgment.Client; public contract frozen in R02,R02,port-public-contract,inherited certified profile; declaration kind=field,"Rust names and ownership adapted; byte identities, errors, cancellation and result meaning retained",archived Go coordination.go:54; reference/go-public-api.json,R02:go:NotifyAcknowledgment.Client,implemented-r02
go:NotifyAcknowledgment.Cookie,see native rows by Go family; no guessed exact mapping,NotifyAcknowledgment.Cookie,rados:: equivalent for NotifyAcknowledgment.Cookie; public contract frozen in R02,R02,port-public-contract,inherited certified profile; declaration kind=field,"Rust names and ownership adapted; byte identities, errors, cancellation and result meaning retained",archived Go coordination.go:55; reference/go-public-api.json,R02:go:NotifyAcknowledgment.Cookie,implemented-r02
go:NotifyAcknowledgment.Data,see native rows by Go family; no guessed exact mapping,NotifyAcknowledgment.Data,rados:: equivalent for NotifyAcknowledgment.Data; public contract frozen in R02,R02,port-public-contract,inherited certified profile; declaration kind=field,"Rust names and ownership adapted; byte identities, errors, cancellation and result meaning retained",archived Go coordination.go:56; reference/go-public-api.json,R02:go:NotifyAcknowledgment.Data,implemented-r02
go:NotifyReply,see native rows by Go family; no guessed exact mapping,NotifyReply,rados:: equivalent for NotifyReply; public contract frozen in R02,R02,port-public-contract,inherited certified profile; declaration kind=type,"Rust names and ownership adapted; byte identities, errors, cancellation and result meaning retained",archived Go coordination.go:64; reference/go-public-api.json,R02:go:NotifyReply,implemented-r02
go:NotifyReply.Acknowledged,see native rows by Go family; no guessed exact mapping,NotifyReply.Acknowledged,rados:: equivalent for NotifyReply.Acknowledged; public contract frozen in R02,R02,port-public-contract,inherited certified profile; declaration kind=field,"Rust names and ownership adapted; byte identities, errors, cancellation and result meaning retained",archived Go coordination.go:65; reference/go-public-api.json,R02:go:NotifyReply.Acknowledged,implemented-r02
go:NotifyReply.TimedOut,see native rows by Go family; no guessed exact mapping,NotifyReply.TimedOut,rados:: equivalent for NotifyReply.TimedOut; public contract frozen in R02,R02,port-public-contract,inherited certified profile; declaration kind=field,"Rust names and ownership adapted; byte identities, errors, cancellation and result meaning retained",archived Go coordination.go:66; reference/go-public-api.json,R02:go:NotifyReply.TimedOut,implemented-r02
go:NotifyTimeout,see native rows by Go family; no guessed exact mapping,NotifyTimeout,rados:: equivalent for NotifyTimeout; public contract frozen in R02,R02,port-public-contract,inherited certified profile; declaration kind=type,"Rust names and ownership adapted; byte identities, errors, cancellation and result meaning retained",archived Go coordination.go:59; reference/go-public-api.json,R02:go:NotifyTimeout,implemented-r02
go:NotifyTimeout.Client,see native rows by Go family; no guessed exact mapping,NotifyTimeout.Client,rados:: equivalent for NotifyTimeout.Client; public contract frozen in R02,R02,port-public-contract,inherited certified profile; declaration kind=field,"Rust names and ownership adapted; byte identities, errors, cancellation and result meaning retained",archived Go coordination.go:60; reference/go-public-api.json,R02:go:NotifyTimeout.Client,implemented-r02
go:NotifyTimeout.Cookie,see native rows by Go family; no guessed exact mapping,NotifyTimeout.Cookie,rados:: equivalent for NotifyTimeout.Cookie; public contract frozen in R02,R02,port-public-contract,inherited certified profile; declaration kind=field,"Rust names and ownership adapted; byte identities, errors, cancellation and result meaning retained",archived Go coordination.go:61; reference/go-public-api.json,R02:go:NotifyTimeout.Cookie,implemented-r02
go:OMAPEntry,see native rows by Go family; no guessed exact mapping,OMAPEntry,rados:: equivalent for OMAPEntry; public contract frozen in R02,R02,port-public-contract,inherited certified profile; declaration kind=type,"Rust names and ownership adapted; byte identities, errors, cancellation and result meaning retained",archived Go metadata.go:24; reference/go-public-api.json,R02:go:OMAPEntry,implemented-r02
go:OMAPEntry.Key,see native rows by Go family; no guessed exact mapping,OMAPEntry.Key,rados:: equivalent for OMAPEntry.Key; public contract frozen in R02,R02,port-public-contract,inherited certified profile; declaration kind=field,"Rust names and ownership adapted; byte identities, errors, cancellation and result meaning retained",archived Go metadata.go:25; reference/go-public-api.json,R02:go:OMAPEntry.Key,implemented-r02
go:OMAPEntry.Value,see native rows by Go family; no guessed exact mapping,OMAPEntry.Value,rados:: equivalent for OMAPEntry.Value; public contract frozen in R02,R02,port-public-contract,inherited certified profile; declaration kind=field,"Rust names and ownership adapted; byte identities, errors, cancellation and result meaning retained",archived Go metadata.go:26; reference/go-public-api.json,R02:go:OMAPEntry.Value,implemented-r02
go:ObjectCursor,see native rows by Go family; no guessed exact mapping,ObjectCursor,rados:: equivalent for ObjectCursor; public contract frozen in R02,R02,port-public-contract,inherited certified profile; declaration kind=type,"Rust names and ownership adapted; byte identities, errors, cancellation and result meaning retained",archived Go object.go:78; reference/go-public-api.json,R02:go:ObjectCursor,implemented-r02
go:ObjectCursor.IsEnd,see native rows by Go family; no guessed exact mapping,ObjectCursor.IsEnd,rados:: equivalent for ObjectCursor.IsEnd; signature review pending R02/owning phase,R08,port-public-contract,inherited certified profile; declaration kind=method,"Rust names and ownership adapted; byte identities, errors, cancellation and result meaning retained",archived Go object.go:140; reference/go-public-api.json,R08:go:ObjectCursor.IsEnd,planned-not-implemented
go:ObjectEntry,see native rows by Go family; no guessed exact mapping,ObjectEntry,rados:: equivalent for ObjectEntry; public contract frozen in R02,R02,port-public-contract,inherited certified profile; declaration kind=type,"Rust names and ownership adapted; byte identities, errors, cancellation and result meaning retained",archived Go object.go:72; reference/go-public-api.json,R02:go:ObjectEntry,implemented-r02
go:ObjectEntry.Locator,see native rows by Go family; no guessed exact mapping,ObjectEntry.Locator,rados:: equivalent for ObjectEntry.Locator; public contract frozen in R02,R02,port-public-contract,inherited certified profile; declaration kind=field,"Rust names and ownership adapted; byte identities, errors, cancellation and result meaning retained",archived Go object.go:75; reference/go-public-api.json,R02:go:ObjectEntry.Locator,implemented-r02
go:ObjectEntry.Name,see native rows by Go family; no guessed exact mapping,ObjectEntry.Name,rados:: equivalent for ObjectEntry.Name; public contract frozen in R02,R02,port-public-contract,inherited certified profile; declaration kind=field,"Rust names and ownership adapted; byte identities, errors, cancellation and result meaning retained",archived Go object.go:73; reference/go-public-api.json,R02:go:ObjectEntry.Name,implemented-r02
go:ObjectEntry.Namespace,see native rows by Go family; no guessed exact mapping,ObjectEntry.Namespace,rados:: equivalent for ObjectEntry.Namespace; public contract frozen in R02,R02,port-public-contract,inherited certified profile; declaration kind=field,"Rust names and ownership adapted; byte identities, errors, cancellation and result meaning retained",archived Go object.go:74; reference/go-public-api.json,R02:go:ObjectEntry.Namespace,implemented-r02
go:ObjectInfo,see native rows by Go family; no guessed exact mapping,ObjectInfo,rados:: equivalent for ObjectInfo; public contract frozen in R02,R02,port-public-contract,inherited certified profile; declaration kind=type,"Rust names and ownership adapted; byte identities, errors, cancellation and result meaning retained",archived Go object.go:31; reference/go-public-api.json,R02:go:ObjectInfo,implemented-r02
go:ObjectInfo.ModTime,see native rows by Go family; no guessed exact mapping,ObjectInfo.ModTime,rados:: equivalent for ObjectInfo.ModTime; public contract frozen in R02,R02,port-public-contract,inherited certified profile; declaration kind=field,"Rust names and ownership adapted; byte identities, errors, cancellation and result meaning retained",archived Go object.go:33; reference/go-public-api.json,R02:go:ObjectInfo.ModTime,implemented-r02
go:ObjectInfo.Size,see native rows by Go family; no guessed exact mapping,ObjectInfo.Size,rados:: equivalent for ObjectInfo.Size; public contract frozen in R02,R02,port-public-contract,inherited certified profile; declaration kind=field,"Rust names and ownership adapted; byte identities, errors, cancellation and result meaning retained",archived Go object.go:32; reference/go-public-api.json,R02:go:ObjectInfo.Size,implemented-r02
go:ObjectInfo.Version,see native rows by Go family; no guessed exact mapping,ObjectInfo.Version,rados:: equivalent for ObjectInfo.Version; public contract frozen in R02,R02,port-public-contract,inherited certified profile; declaration kind=field,"Rust names and ownership adapted; byte identities, errors, cancellation and result meaning retained",archived Go object.go:34; reference/go-public-api.json,R02:go:ObjectInfo.Version,implemented-r02
go:ObjectPage,see native rows by Go family; no guessed exact mapping,ObjectPage,rados:: equivalent for ObjectPage; public contract frozen in R02,R02,port-public-contract,inherited certified profile; declaration kind=type,"Rust names and ownership adapted; byte identities, errors, cancellation and result meaning retained",archived Go object.go:85; reference/go-public-api.json,R02:go:ObjectPage,implemented-r02
go:ObjectPage.More,see native rows by Go family; no guessed exact mapping,ObjectPage.More,rados:: equivalent for ObjectPage.More; public contract frozen in R02,R02,port-public-contract,inherited certified profile; declaration kind=field,"Rust names and ownership adapted; byte identities, errors, cancellation and result meaning retained",archived Go object.go:88; reference/go-public-api.json,R02:go:ObjectPage.More,implemented-r02
go:ObjectPage.Next,see native rows by Go family; no guessed exact mapping,ObjectPage.Next,rados:: equivalent for ObjectPage.Next; public contract frozen in R02,R02,port-public-contract,inherited certified profile; declaration kind=field,"Rust names and ownership adapted; byte identities, errors, cancellation and result meaning retained",archived Go object.go:87; reference/go-public-api.json,R02:go:ObjectPage.Next,implemented-r02
go:ObjectPage.Values,see native rows by Go family; no guessed exact mapping,ObjectPage.Values,rados:: equivalent for ObjectPage.Values; public contract frozen in R02,R02,port-public-contract,inherited certified profile; declaration kind=field,"Rust names and ownership adapted; byte identities, errors, cancellation and result meaning retained",archived Go object.go:86; reference/go-public-api.json,R02:go:ObjectPage.Values,implemented-r02
go:ObjectRef,see native rows by Go family; no guessed exact mapping,ObjectRef,rados:: equivalent for ObjectRef; public contract frozen in R02,R02,port-public-contract,inherited certified profile; declaration kind=type,"Rust names and ownership adapted; byte identities, errors, cancellation and result meaning retained",archived Go object.go:26; reference/go-public-api.json,R02:go:ObjectRef,implemented-r02
go:ObjectRef.Append,see native rows by Go family; no guessed exact mapping,ObjectRef.Append,rados:: equivalent for ObjectRef.Append; signature review pending R02/owning phase,R08,port-public-contract,inherited certified profile; declaration kind=method,"Rust names and ownership adapted; byte identities, errors, cancellation and result meaning retained",archived Go object.go:357; reference/go-public-api.json,R08:go:ObjectRef.Append,implemented-r08
go:ObjectRef.BreakLock,see native rows by Go family; no guessed exact mapping,ObjectRef.BreakLock,rados:: equivalent for ObjectRef.BreakLock; signature review pending R02/owning phase,R10,port-public-contract,inherited certified profile; declaration kind=method,"Rust names and ownership adapted; byte identities, errors, cancellation and result meaning retained",archived Go coordination.go:326; reference/go-public-api.json,R10:go:ObjectRef.BreakLock,implemented-r10
go:ObjectRef.Checksum,see native rows by Go family; no guessed exact mapping,ObjectRef.Checksum,rados:: equivalent for ObjectRef.Checksum; signature review pending R02/owning phase,R08,port-public-contract,inherited certified profile; declaration kind=method,"Rust names and ownership adapted; byte identities, errors, cancellation and result meaning retained",archived Go object.go:319; reference/go-public-api.json,R08:go:ObjectRef.Checksum,planned-not-implemented
go:ObjectRef.CopyFrom,see native rows by Go family; no guessed exact mapping,ObjectRef.CopyFrom,rados:: equivalent for ObjectRef.CopyFrom; signature review pending R02/owning phase,R08,port-public-contract,inherited certified profile; declaration kind=method,"Rust names and ownership adapted; byte identities, errors, cancellation and result meaning retained",archived Go object.go:381; reference/go-public-api.json,R08:go:ObjectRef.CopyFrom,planned-not-implemented
go:ObjectRef.CopyFrom2,see native rows by Go family; no guessed exact mapping,ObjectRef.CopyFrom2,rados:: equivalent for ObjectRef.CopyFrom2; signature review pending R02/owning phase,R08,port-public-contract,inherited certified profile; declaration kind=method,"Rust names and ownership adapted; byte identities, errors, cancellation and result meaning retained",archived Go object.go:385; reference/go-public-api.json,R08:go:ObjectRef.CopyFrom2,planned-not-implemented
go:ObjectRef.Create,see native rows by Go family; no guessed exact mapping,ObjectRef.Create,rados:: equivalent for ObjectRef.Create; signature review pending R02/owning phase,R08,port-public-contract,inherited certified profile; declaration kind=method,"Rust names and ownership adapted; byte identities, errors, cancellation and result meaning retained",archived Go object.go:418; reference/go-public-api.json,R08:go:ObjectRef.Create,implemented-r08
go:ObjectRef.Exec,see native rows by Go family; no guessed exact mapping,ObjectRef.Exec,rados:: equivalent for ObjectRef.Exec; signature review pending R02/owning phase,R09,port-public-contract,inherited certified profile; declaration kind=method,"Rust names and ownership adapted; byte identities, errors, cancellation and result meaning retained",archived Go metadata.go:152; reference/go-public-api.json,R09:go:ObjectRef.Exec,implemented-r09
go:ObjectRef.ExecuteRead,see native rows by Go family; no guessed exact mapping,ObjectRef.ExecuteRead,rados:: equivalent for ObjectRef.ExecuteRead; signature review pending R02/owning phase,R09,port-public-contract,inherited certified profile; declaration kind=method,"Rust names and ownership adapted; byte identities, errors, cancellation and result meaning retained",archived Go metadata.go:324; reference/go-public-api.json,R09:go:ObjectRef.ExecuteRead,implemented-r09
go:ObjectRef.ExecuteWrite,see native rows by Go family; no guessed exact mapping,ObjectRef.ExecuteWrite,rados:: equivalent for ObjectRef.ExecuteWrite; signature review pending R02/owning phase,R09,port-public-contract,inherited certified profile; declaration kind=method,"Rust names and ownership adapted; byte identities, errors, cancellation and result meaning retained",archived Go metadata.go:335; reference/go-public-api.json,R09:go:ObjectRef.ExecuteWrite,implemented-r09
go:ObjectRef.GetOMAP,see native rows by Go family; no guessed exact mapping,ObjectRef.GetOMAP,rados:: equivalent for ObjectRef.GetOMAP; signature review pending R02/owning phase,R09,port-public-contract,inherited certified profile; declaration kind=method,"Rust names and ownership adapted; byte identities, errors, cancellation and result meaning retained",archived Go metadata.go:131; reference/go-public-api.json,R09:go:ObjectRef.GetOMAP,implemented-r09
go:ObjectRef.GetOMAPHeader,see native rows by Go family; no guessed exact mapping,ObjectRef.GetOMAPHeader,rados:: equivalent for ObjectRef.GetOMAPHeader; signature review pending R02/owning phase,R09,port-public-contract,inherited certified profile; declaration kind=method,"Rust names and ownership adapted; byte identities, errors, cancellation and result meaning retained",archived Go metadata.go:123; reference/go-public-api.json,R09:go:ObjectRef.GetOMAPHeader,implemented-r09
go:ObjectRef.GetXAttr,see native rows by Go family; no guessed exact mapping,ObjectRef.GetXAttr,rados:: equivalent for ObjectRef.GetXAttr; signature review pending R02/owning phase,R09,port-public-contract,inherited certified profile; declaration kind=method,"Rust names and ownership adapted; byte identities, errors, cancellation and result meaning retained",archived Go metadata.go:55; reference/go-public-api.json,R09:go:ObjectRef.GetXAttr,implemented-r09
go:ObjectRef.ListLockers,see native rows by Go family; no guessed exact mapping,ObjectRef.ListLockers,rados:: equivalent for ObjectRef.ListLockers; signature review pending R02/owning phase,R10,port-public-contract,inherited certified profile; declaration kind=method,"Rust names and ownership adapted; byte identities, errors, cancellation and result meaning retained",archived Go coordination.go:303; reference/go-public-api.json,R10:go:ObjectRef.ListLockers,implemented-r10
go:ObjectRef.ListOMAP,see native rows by Go family; no guessed exact mapping,ObjectRef.ListOMAP,rados:: equivalent for ObjectRef.ListOMAP; signature review pending R02/owning phase,R09,port-public-contract,inherited certified profile; declaration kind=method,"Rust names and ownership adapted; byte identities, errors, cancellation and result meaning retained",archived Go metadata.go:98; reference/go-public-api.json,R09:go:ObjectRef.ListOMAP,implemented-r09
go:ObjectRef.ListWatchers,see native rows by Go family; no guessed exact mapping,ObjectRef.ListWatchers,rados:: equivalent for ObjectRef.ListWatchers; signature review pending R02/owning phase,R10,port-public-contract,inherited certified profile; declaration kind=method,"Rust names and ownership adapted; byte identities, errors, cancellation and result meaning retained",archived Go coordination.go:241; reference/go-public-api.json,R10:go:ObjectRef.ListWatchers,implemented-r10
go:ObjectRef.ListXAttrs,see native rows by Go family; no guessed exact mapping,ObjectRef.ListXAttrs,rados:: equivalent for ObjectRef.ListXAttrs; signature review pending R02/owning phase,R09,port-public-contract,inherited certified profile; declaration kind=method,"Rust names and ownership adapted; byte identities, errors, cancellation and result meaning retained",archived Go metadata.go:81; reference/go-public-api.json,R09:go:ObjectRef.ListXAttrs,implemented-r09
go:ObjectRef.Lock,see native rows by Go family; no guessed exact mapping,ObjectRef.Lock,rados:: equivalent for ObjectRef.Lock; signature review pending R02/owning phase,R10,port-public-contract,inherited certified profile; declaration kind=method,"Rust names and ownership adapted; byte identities, errors, cancellation and result meaning retained",archived Go coordination.go:272; reference/go-public-api.json,R10:go:ObjectRef.Lock,implemented-r10
go:ObjectRef.Notify,see native rows by Go family; no guessed exact mapping,ObjectRef.Notify,rados:: equivalent for ObjectRef.Notify; signature review pending R02/owning phase,R10,port-public-contract,inherited certified profile; declaration kind=method,"Rust names and ownership adapted; byte identities, errors, cancellation and result meaning retained",archived Go coordination.go:200; reference/go-public-api.json,R10:go:ObjectRef.Notify,implemented-r10
go:ObjectRef.Read,see native rows by Go family; no guessed exact mapping,ObjectRef.Read,rados:: equivalent for ObjectRef.Read; signature review pending R02/owning phase,R07,port-public-contract,inherited certified profile; declaration kind=method,"Rust names and ownership adapted; byte identities, errors, cancellation and result meaning retained",archived Go object.go:286; reference/go-public-api.json,R07:go:ObjectRef.Read,implemented-r07
go:ObjectRef.Remove,see native rows by Go family; no guessed exact mapping,ObjectRef.Remove,rados:: equivalent for ObjectRef.Remove; signature review pending R02/owning phase,R08,port-public-contract,inherited certified profile; declaration kind=method,"Rust names and ownership adapted; byte identities, errors, cancellation and result meaning retained",archived Go object.go:414; reference/go-public-api.json,R08:go:ObjectRef.Remove,implemented-r08
go:ObjectRef.RemoveXAttr,see native rows by Go family; no guessed exact mapping,ObjectRef.RemoveXAttr,rados:: equivalent for ObjectRef.RemoveXAttr; signature review pending R02/owning phase,R09,port-public-contract,inherited certified profile; declaration kind=method,"Rust names and ownership adapted; byte identities, errors, cancellation and result meaning retained",archived Go metadata.go:74; reference/go-public-api.json,R09:go:ObjectRef.RemoveXAttr,implemented-r09
go:ObjectRef.RollbackToSelfManagedSnapshot,see native rows by Go family; no guessed exact mapping,ObjectRef.RollbackToSelfManagedSnapshot,rados:: equivalent for ObjectRef.RollbackToSelfManagedSnapshot; signature review pending R02/owning phase,R11,port-public-contract,inherited certified profile; declaration kind=method,"Rust names and ownership adapted; byte identities, errors, cancellation and result meaning retained",archived Go snapshot.go:130; reference/go-public-api.json,R11:go:ObjectRef.RollbackToSelfManagedSnapshot,implemented-r11
go:ObjectRef.RollbackToSnapshot,see native rows by Go family; no guessed exact mapping,ObjectRef.RollbackToSnapshot,rados:: equivalent for ObjectRef.RollbackToSnapshot; signature review pending R02/owning phase,R11,port-public-contract,inherited certified profile; declaration kind=method,"Rust names and ownership adapted; byte identities, errors, cancellation and result meaning retained",archived Go snapshot.go:122; reference/go-public-api.json,R11:go:ObjectRef.RollbackToSnapshot,implemented-r11
go:ObjectRef.SetAllocationHint,see native rows by Go family; no guessed exact mapping,ObjectRef.SetAllocationHint,rados:: equivalent for ObjectRef.SetAllocationHint; signature review pending R02/owning phase,R08,port-public-contract,inherited certified profile; declaration kind=method,"Rust names and ownership adapted; byte identities, errors, cancellation and result meaning retained",archived Go object.go:377; reference/go-public-api.json,R08:go:ObjectRef.SetAllocationHint,planned-not-implemented
go:ObjectRef.SetXAttr,see native rows by Go family; no guessed exact mapping,ObjectRef.SetXAttr,rados:: equivalent for ObjectRef.SetXAttr; signature review pending R02/owning phase,R09,port-public-contract,inherited certified profile; declaration kind=method,"Rust names and ownership adapted; byte identities, errors, cancellation and result meaning retained",archived Go metadata.go:66; reference/go-public-api.json,R09:go:ObjectRef.SetXAttr,implemented-r09
go:ObjectRef.SparseRead,see native rows by Go family; no guessed exact mapping,ObjectRef.SparseRead,rados:: equivalent for ObjectRef.SparseRead; signature review pending R02/owning phase,R08,port-public-contract,inherited certified profile; declaration kind=method,"Rust names and ownership adapted; byte identities, errors, cancellation and result meaning retained",archived Go object.go:299; reference/go-public-api.json,R08:go:ObjectRef.SparseRead,planned-not-implemented
go:ObjectRef.Stat,see native rows by Go family; no guessed exact mapping,ObjectRef.Stat,rados:: equivalent for ObjectRef.Stat; signature review pending R02/owning phase,R07,port-public-contract,inherited certified profile; declaration kind=method,"Rust names and ownership adapted; byte identities, errors, cancellation and result meaning retained",archived Go object.go:336; reference/go-public-api.json,R07:go:ObjectRef.Stat,implemented-r07
go:ObjectRef.Truncate,see native rows by Go family; no guessed exact mapping,ObjectRef.Truncate,rados:: equivalent for ObjectRef.Truncate; signature review pending R02/owning phase,R08,port-public-contract,inherited certified profile; declaration kind=method,"Rust names and ownership adapted; byte identities, errors, cancellation and result meaning retained",archived Go object.go:361; reference/go-public-api.json,R08:go:ObjectRef.Truncate,implemented-r08
go:ObjectRef.Unlock,see native rows by Go family; no guessed exact mapping,ObjectRef.Unlock,rados:: equivalent for ObjectRef.Unlock; signature review pending R02/owning phase,R10,port-public-contract,inherited certified profile; declaration kind=method,"Rust names and ownership adapted; byte identities, errors, cancellation and result meaning retained",archived Go coordination.go:289; reference/go-public-api.json,R10:go:ObjectRef.Unlock,implemented-r10
go:ObjectRef.Watch,see native rows by Go family; no guessed exact mapping,ObjectRef.Watch,rados:: equivalent for ObjectRef.Watch; signature review pending R02/owning phase,R10,port-public-contract,inherited certified profile; declaration kind=method,"Rust names and ownership adapted; byte identities, errors, cancellation and result meaning retained",archived Go coordination.go:86; reference/go-public-api.json,R10:go:ObjectRef.Watch,implemented-r10
go:ObjectRef.Write,see native rows by Go family; no guessed exact mapping,ObjectRef.Write,rados:: equivalent for ObjectRef.Write; signature review pending R02/owning phase,R08,port-public-contract,inherited certified profile; declaration kind=method,"Rust names and ownership adapted; byte identities, errors, cancellation and result meaning retained",archived Go object.go:349; reference/go-public-api.json,R08:go:ObjectRef.Write,implemented-r08
go:ObjectRef.WriteFull,see native rows by Go family; no guessed exact mapping,ObjectRef.WriteFull,rados:: equivalent for ObjectRef.WriteFull; signature review pending R02/owning phase,R08,port-public-contract,inherited certified profile; declaration kind=method,"Rust names and ownership adapted; byte identities, errors, cancellation and result meaning retained",archived Go object.go:353; reference/go-public-api.json,R08:go:ObjectRef.WriteFull,implemented-r08
go:ObjectRef.WriteSame,see native rows by Go family; no guessed exact mapping,ObjectRef.WriteSame,rados:: equivalent for ObjectRef.WriteSame; signature review pending R02/owning phase,R08,port-public-contract,inherited certified profile; declaration kind=method,"Rust names and ownership adapted; byte identities, errors, cancellation and result meaning retained",archived Go object.go:369; reference/go-public-api.json,R08:go:ObjectRef.WriteSame,planned-not-implemented
go:ObjectRef.Zero,see native rows by Go family; no guessed exact mapping,ObjectRef.Zero,rados:: equivalent for ObjectRef.Zero; signature review pending R02/owning phase,R08,port-public-contract,inherited certified profile; declaration kind=method,"Rust names and ownership adapted; byte identities, errors, cancellation and result meaning retained",archived Go object.go:365; reference/go-public-api.json,R08:go:ObjectRef.Zero,implemented-r08
go:OpError,see native rows by Go family; no guessed exact mapping,OpError,rados:: equivalent for OpError; public contract frozen in R02,R02,port-public-contract,inherited certified profile; declaration kind=type,"Rust names and ownership adapted; byte identities, errors, cancellation and result meaning retained",archived Go errors.go:27; reference/go-public-api.json,R02:go:OpError,implemented-r02
go:OpError.Code,see native rows by Go family; no guessed exact mapping,OpError.Code,rados:: equivalent for OpError.Code; public contract frozen in R02,R02,port-public-contract,inherited certified profile; declaration kind=field,"Rust names and ownership adapted; byte identities, errors, cancellation and result meaning retained",archived Go errors.go:30; reference/go-public-api.json,R02:go:OpError.Code,implemented-r02
go:OpError.Err,see native rows by Go family; no guessed exact mapping,OpError.Err,rados:: equivalent for OpError.Err; public contract frozen in R02,R02,port-public-contract,inherited certified profile; declaration kind=field,"Rust names and ownership adapted; byte identities, errors, cancellation and result meaning retained",archived Go errors.go:31; reference/go-public-api.json,R02:go:OpError.Err,implemented-r02
go:OpError.Error,see native rows by Go family; no guessed exact mapping,OpError.Error,rados:: equivalent for OpError.Error; public contract frozen in R02,R02,port-public-contract,inherited certified profile; declaration kind=method,"Rust names and ownership adapted; byte identities, errors, cancellation and result meaning retained",archived Go errors.go:34; reference/go-public-api.json,R02:go:OpError.Error,implemented-r02
go:OpError.Is,see native rows by Go family; no guessed exact mapping,OpError.Is,rados:: equivalent for OpError.Is; public contract frozen in R02,R02,port-public-contract,inherited certified profile; declaration kind=method,"Rust names and ownership adapted; byte identities, errors, cancellation and result meaning retained",archived Go errors.go:61; reference/go-public-api.json,R02:go:OpError.Is,implemented-r02
go:OpError.Op,see native rows by Go family; no guessed exact mapping,OpError.Op,rados:: equivalent for OpError.Op; public contract frozen in R02,R02,port-public-contract,inherited certified profile; declaration kind=field,"Rust names and ownership adapted; byte identities, errors, cancellation and result meaning retained",archived Go errors.go:28; reference/go-public-api.json,R02:go:OpError.Op,implemented-r02
go:OpError.Target,see native rows by Go family; no guessed exact mapping,OpError.Target,rados:: equivalent for OpError.Target; public contract frozen in R02,R02,port-public-contract,inherited certified profile; declaration kind=field,"Rust names and ownership adapted; byte identities, errors, cancellation and result meaning retained",archived Go errors.go:29; reference/go-public-api.json,R02:go:OpError.Target,implemented-r02
go:OpError.Unwrap,see native rows by Go family; no guessed exact mapping,OpError.Unwrap,rados:: equivalent for OpError.Unwrap; public contract frozen in R02,R02,port-public-contract,inherited certified profile; declaration kind=method,"Rust names and ownership adapted; byte identities, errors, cancellation and result meaning retained",archived Go errors.go:54; reference/go-public-api.json,R02:go:OpError.Unwrap,implemented-r02
go:OpResult,see native rows by Go family; no guessed exact mapping,OpResult,rados:: equivalent for OpResult; public contract frozen in R02,R02,port-public-contract,inherited certified profile; declaration kind=type,"Rust names and ownership adapted; byte identities, errors, cancellation and result meaning retained",archived Go object.go:55; reference/go-public-api.json,R02:go:OpResult,implemented-r02
go:OpResult.Results,see native rows by Go family; no guessed exact mapping,OpResult.Results,rados:: equivalent for OpResult.Results; public contract frozen in R02,R02,port-public-contract,inherited certified profile; declaration kind=field,"Rust names and ownership adapted; byte identities, errors, cancellation and result meaning retained",archived Go object.go:57; reference/go-public-api.json,R02:go:OpResult.Results,implemented-r02
go:OpResult.Version,see native rows by Go family; no guessed exact mapping,OpResult.Version,rados:: equivalent for OpResult.Version; public contract frozen in R02,R02,port-public-contract,inherited certified profile; declaration kind=field,"Rust names and ownership adapted; byte identities, errors, cancellation and result meaning retained",archived Go object.go:56; reference/go-public-api.json,R02:go:OpResult.Version,implemented-r02
go:P12DiagnosticObserver,see native rows by Go family; no guessed exact mapping,P12DiagnosticObserver,rados:: equivalent for P12DiagnosticObserver; signature review pending R13/qualification phase,R13,port-public-contract,inherited certified profile; declaration kind=type,"Rust names and ownership adapted; byte identities, errors, cancellation and result meaning retained",archived Go p12_diagnostics.go:20; reference/go-public-api.json,R13:go:P12DiagnosticObserver,planned-not-implemented
go:P12SessionDiagnostic,see native rows by Go family; no guessed exact mapping,P12SessionDiagnostic,rados:: equivalent for P12SessionDiagnostic; signature review pending R13/qualification phase,R13,port-public-contract,inherited certified profile; declaration kind=type,"Rust names and ownership adapted; byte identities, errors, cancellation and result meaning retained",archived Go p12_diagnostics.go:11; reference/go-public-api.json,R13:go:P12SessionDiagnostic,planned-not-implemented
go:P12SessionDiagnostic.Generation,see native rows by Go family; no guessed exact mapping,P12SessionDiagnostic.Generation,rados:: equivalent for P12SessionDiagnostic.Generation; signature review pending R13/qualification phase,R13,port-public-contract,inherited certified profile; declaration kind=field,"Rust names and ownership adapted; byte identities, errors, cancellation and result meaning retained",archived Go p12_diagnostics.go:16; reference/go-public-api.json,R13:go:P12SessionDiagnostic.Generation,planned-not-implemented
go:P12SessionDiagnostic.RenewalDue,see native rows by Go family; no guessed exact mapping,P12SessionDiagnostic.RenewalDue,rados:: equivalent for P12SessionDiagnostic.RenewalDue; signature review pending R13/qualification phase,R13,port-public-contract,inherited certified profile; declaration kind=field,"Rust names and ownership adapted; byte identities, errors, cancellation and result meaning retained",archived Go p12_diagnostics.go:12; reference/go-public-api.json,R13:go:P12SessionDiagnostic.RenewalDue,planned-not-implemented
go:P12SessionDiagnostic.Service,see native rows by Go family; no guessed exact mapping,P12SessionDiagnostic.Service,rados:: equivalent for P12SessionDiagnostic.Service; signature review pending R13/qualification phase,R13,port-public-contract,inherited certified profile; declaration kind=field,"Rust names and ownership adapted; byte identities, errors, cancellation and result meaning retained",archived Go p12_diagnostics.go:13; reference/go-public-api.json,R13:go:P12SessionDiagnostic.Service,planned-not-implemented
go:P12SessionDiagnostic.ServiceID,see native rows by Go family; no guessed exact mapping,P12SessionDiagnostic.ServiceID,rados:: equivalent for P12SessionDiagnostic.ServiceID; signature review pending R13/qualification phase,R13,port-public-contract,inherited certified profile; declaration kind=field,"Rust names and ownership adapted; byte identities, errors, cancellation and result meaning retained",archived Go p12_diagnostics.go:14; reference/go-public-api.json,R13:go:P12SessionDiagnostic.ServiceID,planned-not-implemented
go:P12SessionDiagnostic.SessionID,see native rows by Go family; no guessed exact mapping,P12SessionDiagnostic.SessionID,rados:: equivalent for P12SessionDiagnostic.SessionID; signature review pending R13/qualification phase,R13,port-public-contract,inherited certified profile; declaration kind=field,"Rust names and ownership adapted; byte identities, errors, cancellation and result meaning retained",archived Go p12_diagnostics.go:15; reference/go-public-api.json,R13:go:P12SessionDiagnostic.SessionID,planned-not-implemented
go:P12SessionDiagnostic.Timestamp,see native rows by Go family; no guessed exact mapping,P12SessionDiagnostic.Timestamp,rados:: equivalent for P12SessionDiagnostic.Timestamp; signature review pending R13/qualification phase,R13,port-public-contract,inherited certified profile; declaration kind=field,"Rust names and ownership adapted; byte identities, errors, cancellation and result meaning retained",archived Go p12_diagnostics.go:17; reference/go-public-api.json,R13:go:P12SessionDiagnostic.Timestamp,planned-not-implemented
go:Page,see native rows by Go family; no guessed exact mapping,Page,rados:: equivalent for Page; public contract frozen in R02,R02,port-public-contract,inherited certified profile; declaration kind=type,"Rust names and ownership adapted; byte identities, errors, cancellation and result meaning retained",archived Go metadata.go:29; reference/go-public-api.json,R02:go:Page,implemented-r02
go:Page.More,see native rows by Go family; no guessed exact mapping,Page.More,rados:: equivalent for Page.More; public contract frozen in R02,R02,port-public-contract,inherited certified profile; declaration kind=field,"Rust names and ownership adapted; byte identities, errors, cancellation and result meaning retained",archived Go metadata.go:31; reference/go-public-api.json,R02:go:Page.More,implemented-r02
go:Page.Values,see native rows by Go family; no guessed exact mapping,Page.Values,rados:: equivalent for Page.Values; public contract frozen in R02,R02,port-public-contract,inherited certified profile; declaration kind=field,"Rust names and ownership adapted; byte identities, errors, cancellation and result meaning retained",archived Go metadata.go:30; reference/go-public-api.json,R02:go:Page.Values,implemented-r02
go:ParseConfig,see native rows by Go family; no guessed exact mapping,ParseConfig,rados:: equivalent for ParseConfig; signature review pending R02/owning phase,R05,port-public-contract,inherited certified profile; declaration kind=function,"Rust names and ownership adapted; byte identities, errors, cancellation and result meaning retained",archived Go config.go:36; reference/go-public-api.json,R05:go:ParseConfig,planned-not-implemented
go:Pool,see native rows by Go family; no guessed exact mapping,Pool,rados:: equivalent for Pool; public contract frozen in R02,R02,port-public-contract,inherited certified profile; declaration kind=type,"Rust names and ownership adapted; byte identities, errors, cancellation and result meaning retained",archived Go object.go:14; reference/go-public-api.json,R02:go:Pool,implemented-r02
go:Pool.BeginObjectCursor,see native rows by Go family; no guessed exact mapping,Pool.BeginObjectCursor,rados:: equivalent for Pool.BeginObjectCursor; signature review pending R02/owning phase,R08,port-public-contract,inherited certified profile; declaration kind=method,"Rust names and ownership adapted; byte identities, errors, cancellation and result meaning retained",archived Go object.go:132; reference/go-public-api.json,R08:go:Pool.BeginObjectCursor,planned-not-implemented
go:Pool.CreateSelfManagedSnapshot,see native rows by Go family; no guessed exact mapping,Pool.CreateSelfManagedSnapshot,rados:: equivalent for Pool.CreateSelfManagedSnapshot; signature review pending R02/owning phase,R11,port-public-contract,inherited certified profile; declaration kind=method,"Rust names and ownership adapted; byte identities, errors, cancellation and result meaning retained",archived Go snapshot.go:35; reference/go-public-api.json,R11:go:Pool.CreateSelfManagedSnapshot,implemented-r11
go:Pool.CreateSnapshot,see native rows by Go family; no guessed exact mapping,Pool.CreateSnapshot,rados:: equivalent for Pool.CreateSnapshot; signature review pending R02/owning phase,R11,port-public-contract,inherited certified profile; declaration kind=method,"Rust names and ownership adapted; byte identities, errors, cancellation and result meaning retained",archived Go snapshot.go:19; reference/go-public-api.json,R11:go:Pool.CreateSnapshot,implemented-r11
go:Pool.EnableApplication,see native rows by Go family; no guessed exact mapping,Pool.EnableApplication,rados:: equivalent for Pool.EnableApplication; signature review pending R02/owning phase,R12,port-public-contract,inherited certified profile; declaration kind=method,"Rust names and ownership adapted; byte identities, errors, cancellation and result meaning retained",archived Go admin.go:215; reference/go-public-api.json,R12:go:Pool.EnableApplication,implemented-r12
go:Pool.EndObjectCursor,see native rows by Go family; no guessed exact mapping,Pool.EndObjectCursor,rados:: equivalent for Pool.EndObjectCursor; signature review pending R02/owning phase,R08,port-public-contract,inherited certified profile; declaration kind=method,"Rust names and ownership adapted; byte identities, errors, cancellation and result meaning retained",archived Go object.go:136; reference/go-public-api.json,R08:go:Pool.EndObjectCursor,planned-not-implemented
go:Pool.GetApplicationMetadata,see native rows by Go family; no guessed exact mapping,Pool.GetApplicationMetadata,rados:: equivalent for Pool.GetApplicationMetadata; signature review pending R02/owning phase,R12,port-public-contract,inherited certified profile; declaration kind=method,"Rust names and ownership adapted; byte identities, errors, cancellation and result meaning retained",archived Go admin.go:244; reference/go-public-api.json,R12:go:Pool.GetApplicationMetadata,implemented-r12
go:Pool.ID,see native rows by Go family; no guessed exact mapping,Pool.ID,rados:: equivalent for Pool.ID; signature review pending R02/owning phase,R08,port-public-contract,inherited certified profile; declaration kind=method,"Rust names and ownership adapted; byte identities, errors, cancellation and result meaning retained",archived Go object.go:96; reference/go-public-api.json,R08:go:Pool.ID,planned-not-implemented
go:Pool.IsErasureCoded,see native rows by Go family; no guessed exact mapping,Pool.IsErasureCoded,rados:: equivalent for Pool.IsErasureCoded; signature review pending R02/owning phase,R11,port-public-contract,inherited certified profile; declaration kind=method,"Rust names and ownership adapted; byte identities, errors, cancellation and result meaning retained",archived Go snapshot.go:95; reference/go-public-api.json,R11:go:Pool.IsErasureCoded,implemented-r11
go:Pool.ListApplicationMetadata,see native rows by Go family; no guessed exact mapping,Pool.ListApplicationMetadata,rados:: equivalent for Pool.ListApplicationMetadata; signature review pending R02/owning phase,R12,port-public-contract,inherited certified profile; declaration kind=method,"Rust names and ownership adapted; byte identities, errors, cancellation and result meaning retained",archived Go admin.go:260; reference/go-public-api.json,R12:go:Pool.ListApplicationMetadata,implemented-r12
go:Pool.ListApplications,see native rows by Go family; no guessed exact mapping,Pool.ListApplications,rados:: equivalent for Pool.ListApplications; signature review pending R02/owning phase,R12,port-public-contract,inherited certified profile; declaration kind=method,"Rust names and ownership adapted; byte identities, errors, cancellation and result meaning retained",archived Go admin.go:231; reference/go-public-api.json,R12:go:Pool.ListApplications,implemented-r12
go:Pool.ListObjects,see native rows by Go family; no guessed exact mapping,Pool.ListObjects,rados:: equivalent for Pool.ListObjects; signature review pending R02/owning phase,R08,port-public-contract,inherited certified profile; declaration kind=method,"Rust names and ownership adapted; byte identities, errors, cancellation and result meaning retained",archived Go object.go:200; reference/go-public-api.json,R08:go:Pool.ListObjects,planned-not-implemented
go:Pool.ListObjectsRange,see native rows by Go family; no guessed exact mapping,Pool.ListObjectsRange,rados:: equivalent for Pool.ListObjectsRange; signature review pending R02/owning phase,R08,port-public-contract,inherited certified profile; declaration kind=method,"Rust names and ownership adapted; byte identities, errors, cancellation and result meaning retained",archived Go object.go:204; reference/go-public-api.json,R08:go:Pool.ListObjectsRange,planned-not-implemented
go:Pool.ListSnapshots,see native rows by Go family; no guessed exact mapping,Pool.ListSnapshots,rados:: equivalent for Pool.ListSnapshots; signature review pending R02/owning phase,R11,port-public-contract,inherited certified profile; declaration kind=method,"Rust names and ownership adapted; byte identities, errors, cancellation and result meaning retained",archived Go snapshot.go:55; reference/go-public-api.json,R11:go:Pool.ListSnapshots,implemented-r11
go:Pool.LookupSnapshot,see native rows by Go family; no guessed exact mapping,Pool.LookupSnapshot,rados:: equivalent for Pool.LookupSnapshot; signature review pending R02/owning phase,R11,port-public-contract,inherited certified profile; declaration kind=method,"Rust names and ownership adapted; byte identities, errors, cancellation and result meaning retained",archived Go snapshot.go:69; reference/go-public-api.json,R11:go:Pool.LookupSnapshot,implemented-r11
go:Pool.Name,see native rows by Go family; no guessed exact mapping,Pool.Name,rados:: equivalent for Pool.Name; signature review pending R02/owning phase,R08,port-public-contract,inherited certified profile; declaration kind=method,"Rust names and ownership adapted; byte identities, errors, cancellation and result meaning retained",archived Go object.go:97; reference/go-public-api.json,R08:go:Pool.Name,planned-not-implemented
go:Pool.Object,see native rows by Go family; no guessed exact mapping,Pool.Object,rados:: equivalent for Pool.Object; signature review pending R02/owning phase,R08,port-public-contract,inherited certified profile; declaration kind=method,"Rust names and ownership adapted; byte identities, errors, cancellation and result meaning retained",archived Go object.go:130; reference/go-public-api.json,R08:go:Pool.Object,planned-not-implemented
go:Pool.RemoveApplicationMetadata,see native rows by Go family; no guessed exact mapping,Pool.RemoveApplicationMetadata,rados:: equivalent for Pool.RemoveApplicationMetadata; signature review pending R02/owning phase,R12,port-public-contract,inherited certified profile; declaration kind=method,"Rust names and ownership adapted; byte identities, errors, cancellation and result meaning retained",archived Go admin.go:227; reference/go-public-api.json,R12:go:Pool.RemoveApplicationMetadata,implemented-r12
go:Pool.RemoveSelfManagedSnapshot,see native rows by Go family; no guessed exact mapping,Pool.RemoveSelfManagedSnapshot,rados:: equivalent for Pool.RemoveSelfManagedSnapshot; signature review pending R02/owning phase,R11,port-public-contract,inherited certified profile; declaration kind=method,"Rust names and ownership adapted; byte identities, errors, cancellation and result meaning retained",archived Go snapshot.go:47; reference/go-public-api.json,R11:go:Pool.RemoveSelfManagedSnapshot,implemented-r11
go:Pool.RemoveSnapshot,see native rows by Go family; no guessed exact mapping,Pool.RemoveSnapshot,rados:: equivalent for Pool.RemoveSnapshot; signature review pending R02/owning phase,R11,port-public-contract,inherited certified profile; declaration kind=method,"Rust names and ownership adapted; byte identities, errors, cancellation and result meaning retained",archived Go snapshot.go:27; reference/go-public-api.json,R11:go:Pool.RemoveSnapshot,implemented-r11
go:Pool.RequiredAlignment,see native rows by Go family; no guessed exact mapping,Pool.RequiredAlignment,rados:: equivalent for Pool.RequiredAlignment; signature review pending R02/owning phase,R11,port-public-contract,inherited certified profile; declaration kind=method,"Rust names and ownership adapted; byte identities, errors, cancellation and result meaning retained",archived Go snapshot.go:113; reference/go-public-api.json,R11:go:Pool.RequiredAlignment,implemented-r11
go:Pool.RequiresAlignment,see native rows by Go family; no guessed exact mapping,Pool.RequiresAlignment,rados:: equivalent for Pool.RequiresAlignment; signature review pending R02/owning phase,R11,port-public-contract,inherited certified profile; declaration kind=method,"Rust names and ownership adapted; byte identities, errors, cancellation and result meaning retained",archived Go snapshot.go:104; reference/go-public-api.json,R11:go:Pool.RequiresAlignment,implemented-r11
go:Pool.SetApplicationMetadata,see native rows by Go family; no guessed exact mapping,Pool.SetApplicationMetadata,rados:: equivalent for Pool.SetApplicationMetadata; signature review pending R02/owning phase,R12,port-public-contract,inherited certified profile; declaration kind=method,"Rust names and ownership adapted; byte identities, errors, cancellation and result meaning retained",archived Go admin.go:223; reference/go-public-api.json,R12:go:Pool.SetApplicationMetadata,implemented-r12
go:Pool.SplitCursor,see native rows by Go family; no guessed exact mapping,Pool.SplitCursor,rados:: equivalent for Pool.SplitCursor; signature review pending R02/owning phase,R08,port-public-contract,inherited certified profile; declaration kind=method,"Rust names and ownership adapted; byte identities, errors, cancellation and result meaning retained",archived Go object.go:164; reference/go-public-api.json,R08:go:Pool.SplitCursor,planned-not-implemented
go:Pool.Stats,see native rows by Go family; no guessed exact mapping,Pool.Stats,rados:: equivalent for Pool.Stats; signature review pending R02/owning phase,R12,port-public-contract,inherited certified profile; declaration kind=method,"Rust names and ownership adapted; byte identities, errors, cancellation and result meaning retained",archived Go admin.go:61; reference/go-public-api.json,R12:go:Pool.Stats,implemented-r12
go:Pool.UsesSelfManagedSnapshots,see native rows by Go family; no guessed exact mapping,Pool.UsesSelfManagedSnapshots,rados:: equivalent for Pool.UsesSelfManagedSnapshots; signature review pending R02/owning phase,R11,port-public-contract,inherited certified profile; declaration kind=method,"Rust names and ownership adapted; byte identities, errors, cancellation and result meaning retained",archived Go snapshot.go:86; reference/go-public-api.json,R11:go:Pool.UsesSelfManagedSnapshots,implemented-r11
go:Pool.WithLocator,see native rows by Go family; no guessed exact mapping,Pool.WithLocator,rados:: equivalent for Pool.WithLocator; signature review pending R02/owning phase,R07,port-public-contract,inherited certified profile; declaration kind=method,"Rust names and ownership adapted; byte identities, errors, cancellation and result meaning retained",archived Go object.go:104; reference/go-public-api.json,R07:go:Pool.WithLocator,implemented-r07
go:Pool.WithNamespace,see native rows by Go family; no guessed exact mapping,Pool.WithNamespace,rados:: equivalent for Pool.WithNamespace; signature review pending R02/owning phase,R07,port-public-contract,inherited certified profile; declaration kind=method,"Rust names and ownership adapted; byte identities, errors, cancellation and result meaning retained",archived Go object.go:99; reference/go-public-api.json,R07:go:Pool.WithNamespace,implemented-r07
go:Pool.WithReadSnapshot,see native rows by Go family; no guessed exact mapping,Pool.WithReadSnapshot,rados:: equivalent for Pool.WithReadSnapshot; signature review pending R02/owning phase,R08,port-public-contract,inherited certified profile; declaration kind=method,"Rust names and ownership adapted; byte identities, errors, cancellation and result meaning retained",archived Go object.go:109; reference/go-public-api.json,R08:go:Pool.WithReadSnapshot,planned-not-implemented
go:Pool.WithWriteSnapshot,see native rows by Go family; no guessed exact mapping,Pool.WithWriteSnapshot,rados:: equivalent for Pool.WithWriteSnapshot; signature review pending R02/owning phase,R08,port-public-contract,inherited certified profile; declaration kind=method,"Rust names and ownership adapted; byte identities, errors, cancellation and result meaning retained",archived Go object.go:114; reference/go-public-api.json,R08:go:Pool.WithWriteSnapshot,planned-not-implemented
go:PoolStats,see native rows by Go family; no guessed exact mapping,PoolStats,rados:: equivalent for PoolStats; public contract frozen in R02,R02,port-public-contract,inherited certified profile; declaration kind=type,"Rust names and ownership adapted; byte identities, errors, cancellation and result meaning retained",archived Go admin.go:30; reference/go-public-api.json,R02:go:PoolStats,implemented-r02
go:PoolStats.BytesUsed,see native rows by Go family; no guessed exact mapping,PoolStats.BytesUsed,rados:: equivalent for PoolStats.BytesUsed; public contract frozen in R02,R02,port-public-contract,inherited certified profile; declaration kind=field,"Rust names and ownership adapted; byte identities, errors, cancellation and result meaning retained",archived Go admin.go:31; reference/go-public-api.json,R02:go:PoolStats.BytesUsed,implemented-r02
go:PoolStats.Objects,see native rows by Go family; no guessed exact mapping,PoolStats.Objects,rados:: equivalent for PoolStats.Objects; public contract frozen in R02,R02,port-public-contract,inherited certified profile; declaration kind=field,"Rust names and ownership adapted; byte identities, errors, cancellation and result meaning retained",archived Go admin.go:32; reference/go-public-api.json,R02:go:PoolStats.Objects,implemented-r02
go:PoolStats.ReadBytes,see native rows by Go family; no guessed exact mapping,PoolStats.ReadBytes,rados:: equivalent for PoolStats.ReadBytes; public contract frozen in R02,R02,port-public-contract,inherited certified profile; declaration kind=field,"Rust names and ownership adapted; byte identities, errors, cancellation and result meaning retained",archived Go admin.go:33; reference/go-public-api.json,R02:go:PoolStats.ReadBytes,implemented-r02
go:PoolStats.WriteBytes,see native rows by Go family; no guessed exact mapping,PoolStats.WriteBytes,rados:: equivalent for PoolStats.WriteBytes; public contract frozen in R02,R02,port-public-contract,inherited certified profile; declaration kind=field,"Rust names and ownership adapted; byte identities, errors, cancellation and result meaning retained",archived Go admin.go:34; reference/go-public-api.json,R02:go:PoolStats.WriteBytes,implemented-r02
go:ReadOp,see native rows by Go family; no guessed exact mapping,ReadOp,rados:: equivalent for ReadOp; public contract frozen in R02,R02,port-public-contract,inherited certified profile; declaration kind=type,"Rust names and ownership adapted; byte identities, errors, cancellation and result meaning retained",archived Go metadata.go:38; reference/go-public-api.json,R02:go:ReadOp,implemented-r02
go:ReadOp.AssertExists,see native rows by Go family; no guessed exact mapping,ReadOp.AssertExists,rados:: equivalent for ReadOp.AssertExists; signature review pending R02/owning phase,R09,port-public-contract,inherited certified profile; declaration kind=method,"Rust names and ownership adapted; byte identities, errors, cancellation and result meaning retained",archived Go metadata.go:171; reference/go-public-api.json,R09:go:ReadOp.AssertExists,implemented-r09
go:ReadOp.AssertVersion,see native rows by Go family; no guessed exact mapping,ReadOp.AssertVersion,rados:: equivalent for ReadOp.AssertVersion; signature review pending R02/owning phase,R09,port-public-contract,inherited certified profile; declaration kind=method,"Rust names and ownership adapted; byte identities, errors, cancellation and result meaning retained",archived Go metadata.go:173; reference/go-public-api.json,R09:go:ReadOp.AssertVersion,implemented-r09
go:ReadOp.Exec,see native rows by Go family; no guessed exact mapping,ReadOp.Exec,rados:: equivalent for ReadOp.Exec; signature review pending R02/owning phase,R09,port-public-contract,inherited certified profile; declaration kind=method,"Rust names and ownership adapted; byte identities, errors, cancellation and result meaning retained",archived Go metadata.go:199; reference/go-public-api.json,R09:go:ReadOp.Exec,implemented-r09
go:ReadOp.GetOMAPHeader,see native rows by Go family; no guessed exact mapping,ReadOp.GetOMAPHeader,rados:: equivalent for ReadOp.GetOMAPHeader; signature review pending R02/owning phase,R09,port-public-contract,inherited certified profile; declaration kind=method,"Rust names and ownership adapted; byte identities, errors, cancellation and result meaning retained",archived Go metadata.go:184; reference/go-public-api.json,R09:go:ReadOp.GetOMAPHeader,implemented-r09
go:ReadOp.GetXAttr,see native rows by Go family; no guessed exact mapping,ReadOp.GetXAttr,rados:: equivalent for ReadOp.GetXAttr; signature review pending R02/owning phase,R09,port-public-contract,inherited certified profile; declaration kind=method,"Rust names and ownership adapted; byte identities, errors, cancellation and result meaning retained",archived Go metadata.go:177; reference/go-public-api.json,R09:go:ReadOp.GetXAttr,implemented-r09
go:ReadOp.ListOMAP,see native rows by Go family; no guessed exact mapping,ReadOp.ListOMAP,rados:: equivalent for ReadOp.ListOMAP; signature review pending R02/owning phase,R09,port-public-contract,inherited certified profile; declaration kind=method,"Rust names and ownership adapted; byte identities, errors, cancellation and result meaning retained",archived Go metadata.go:188; reference/go-public-api.json,R09:go:ReadOp.ListOMAP,implemented-r09
go:ReadOp.Read,see native rows by Go family; no guessed exact mapping,ReadOp.Read,rados:: equivalent for ReadOp.Read; signature review pending R02/owning phase,R09,port-public-contract,inherited certified profile; declaration kind=method,"Rust names and ownership adapted; byte identities, errors, cancellation and result meaning retained",archived Go metadata.go:165; reference/go-public-api.json,R09:go:ReadOp.Read,implemented-r09
go:ReadOp.SetFlags,see native rows by Go family; no guessed exact mapping,ReadOp.SetFlags,rados:: equivalent for ReadOp.SetFlags; signature review pending R02/owning phase,R09,port-public-contract,inherited certified profile; declaration kind=method,"Rust names and ownership adapted; byte identities, errors, cancellation and result meaning retained",archived Go metadata.go:207; reference/go-public-api.json,R09:go:ReadOp.SetFlags,implemented-r09
go:ReadOp.Stat,see native rows by Go family; no guessed exact mapping,ReadOp.Stat,rados:: equivalent for ReadOp.Stat; signature review pending R02/owning phase,R09,port-public-contract,inherited certified profile; declaration kind=method,"Rust names and ownership adapted; byte identities, errors, cancellation and result meaning retained",archived Go metadata.go:169; reference/go-public-api.json,R09:go:ReadOp.Stat,implemented-r09
go:SecurityMode,see native rows by Go family; no guessed exact mapping,SecurityMode,rados:: equivalent for SecurityMode; public contract frozen in R02,R02,port-public-contract,inherited certified profile; declaration kind=type,"Rust names and ownership adapted; byte identities, errors, cancellation and result meaning retained",archived Go client.go:33; reference/go-public-api.json,R02:go:SecurityMode,implemented-r02
go:SecurityModeCRC,see native rows by Go family; no guessed exact mapping,SecurityModeCRC,rados:: equivalent for SecurityModeCRC; public contract frozen in R02,R02,port-public-contract,inherited certified profile; declaration kind=const,"Rust names and ownership adapted; byte identities, errors, cancellation and result meaning retained",archived Go client.go:37; reference/go-public-api.json,R02:go:SecurityModeCRC,implemented-r02
go:SecurityModeSecure,see native rows by Go family; no guessed exact mapping,SecurityModeSecure,rados:: equivalent for SecurityModeSecure; public contract frozen in R02,R02,port-public-contract,inherited certified profile; declaration kind=const,"Rust names and ownership adapted; byte identities, errors, cancellation and result meaning retained",archived Go client.go:36; reference/go-public-api.json,R02:go:SecurityModeSecure,implemented-r02
go:Snapshot,see native rows by Go family; no guessed exact mapping,Snapshot,rados:: equivalent for Snapshot; public contract frozen in R02,R02,port-public-contract,inherited certified profile; declaration kind=type,"Rust names and ownership adapted; byte identities, errors, cancellation and result meaning retained",archived Go snapshot.go:13; reference/go-public-api.json,R02:go:Snapshot,implemented-r02
go:Snapshot.CreatedAt,see native rows by Go family; no guessed exact mapping,Snapshot.CreatedAt,rados:: equivalent for Snapshot.CreatedAt; public contract frozen in R02,R02,port-public-contract,inherited certified profile; declaration kind=field,"Rust names and ownership adapted; byte identities, errors, cancellation and result meaning retained",archived Go snapshot.go:16; reference/go-public-api.json,R02:go:Snapshot.CreatedAt,implemented-r02
go:Snapshot.ID,see native rows by Go family; no guessed exact mapping,Snapshot.ID,rados:: equivalent for Snapshot.ID; public contract frozen in R02,R02,port-public-contract,inherited certified profile; declaration kind=field,"Rust names and ownership adapted; byte identities, errors, cancellation and result meaning retained",archived Go snapshot.go:14; reference/go-public-api.json,R02:go:Snapshot.ID,implemented-r02
go:Snapshot.Name,see native rows by Go family; no guessed exact mapping,Snapshot.Name,rados:: equivalent for Snapshot.Name; public contract frozen in R02,R02,port-public-contract,inherited certified profile; declaration kind=field,"Rust names and ownership adapted; byte identities, errors, cancellation and result meaning retained",archived Go snapshot.go:15; reference/go-public-api.json,R02:go:Snapshot.Name,implemented-r02
go:SnapshotContext,see native rows by Go family; no guessed exact mapping,SnapshotContext,rados:: equivalent for SnapshotContext; public contract frozen in R02,R02,port-public-contract,inherited certified profile; declaration kind=type,"Rust names and ownership adapted; byte identities, errors, cancellation and result meaning retained",archived Go object.go:37; reference/go-public-api.json,R02:go:SnapshotContext,implemented-r02
go:SnapshotContext.Sequence,see native rows by Go family; no guessed exact mapping,SnapshotContext.Sequence,rados:: equivalent for SnapshotContext.Sequence; public contract frozen in R02,R02,port-public-contract,inherited certified profile; declaration kind=field,"Rust names and ownership adapted; byte identities, errors, cancellation and result meaning retained",archived Go object.go:38; reference/go-public-api.json,R02:go:SnapshotContext.Sequence,implemented-r02
go:SnapshotContext.Snapshots,see native rows by Go family; no guessed exact mapping,SnapshotContext.Snapshots,rados:: equivalent for SnapshotContext.Snapshots; public contract frozen in R02,R02,port-public-contract,inherited certified profile; declaration kind=field,"Rust names and ownership adapted; byte identities, errors, cancellation and result meaning retained",archived Go object.go:39; reference/go-public-api.json,R02:go:SnapshotContext.Snapshots,implemented-r02
go:SparseExtent,see native rows by Go family; no guessed exact mapping,SparseExtent,rados:: equivalent for SparseExtent; public contract frozen in R02,R02,port-public-contract,inherited certified profile; declaration kind=type,"Rust names and ownership adapted; byte identities, errors, cancellation and result meaning retained",archived Go object.go:42; reference/go-public-api.json,R02:go:SparseExtent,implemented-r02
go:SparseExtent.Data,see native rows by Go family; no guessed exact mapping,SparseExtent.Data,rados:: equivalent for SparseExtent.Data; public contract frozen in R02,R02,port-public-contract,inherited certified profile; declaration kind=field,"Rust names and ownership adapted; byte identities, errors, cancellation and result meaning retained",archived Go object.go:44; reference/go-public-api.json,R02:go:SparseExtent.Data,implemented-r02
go:SparseExtent.Offset,see native rows by Go family; no guessed exact mapping,SparseExtent.Offset,rados:: equivalent for SparseExtent.Offset; public contract frozen in R02,R02,port-public-contract,inherited certified profile; declaration kind=field,"Rust names and ownership adapted; byte identities, errors, cancellation and result meaning retained",archived Go object.go:43; reference/go-public-api.json,R02:go:SparseExtent.Offset,implemented-r02
go:SubOpFlagFailOK,see native rows by Go family; no guessed exact mapping,SubOpFlagFailOK,rados:: equivalent for SubOpFlagFailOK; public contract frozen in R02,R02,port-public-contract,inherited certified profile; declaration kind=const,"Rust names and ownership adapted; byte identities, errors, cancellation and result meaning retained",archived Go metadata.go:36; reference/go-public-api.json,R02:go:SubOpFlagFailOK,implemented-r02
go:SubOpFlags,see native rows by Go family; no guessed exact mapping,SubOpFlags,rados:: equivalent for SubOpFlags; public contract frozen in R02,R02,port-public-contract,inherited certified profile; declaration kind=type,"Rust names and ownership adapted; byte identities, errors, cancellation and result meaning retained",archived Go metadata.go:34; reference/go-public-api.json,R02:go:SubOpFlags,implemented-r02
go:SubOpResult,see native rows by Go family; no guessed exact mapping,SubOpResult,rados:: equivalent for SubOpResult; public contract frozen in R02,R02,port-public-contract,inherited certified profile; declaration kind=type,"Rust names and ownership adapted; byte identities, errors, cancellation and result meaning retained",archived Go object.go:65; reference/go-public-api.json,R02:go:SubOpResult,implemented-r02
go:SubOpResult.Code,see native rows by Go family; no guessed exact mapping,SubOpResult.Code,rados:: equivalent for SubOpResult.Code; public contract frozen in R02,R02,port-public-contract,inherited certified profile; declaration kind=field,"Rust names and ownership adapted; byte identities, errors, cancellation and result meaning retained",archived Go object.go:67; reference/go-public-api.json,R02:go:SubOpResult.Code,implemented-r02
go:SubOpResult.Data,see native rows by Go family; no guessed exact mapping,SubOpResult.Data,rados:: equivalent for SubOpResult.Data; public contract frozen in R02,R02,port-public-contract,inherited certified profile; declaration kind=field,"Rust names and ownership adapted; byte identities, errors, cancellation and result meaning retained",archived Go object.go:66; reference/go-public-api.json,R02:go:SubOpResult.Data,implemented-r02
go:SubOpResult.Err,see native rows by Go family; no guessed exact mapping,SubOpResult.Err,rados:: equivalent for SubOpResult.Err; public contract frozen in R02,R02,port-public-contract,inherited certified profile; declaration kind=field,"Rust names and ownership adapted; byte identities, errors, cancellation and result meaning retained",archived Go object.go:69; reference/go-public-api.json,R02:go:SubOpResult.Err,implemented-r02
go:SubOpResult.Value,see native rows by Go family; no guessed exact mapping,SubOpResult.Value,rados:: equivalent for SubOpResult.Value; public contract frozen in R02,R02,port-public-contract,inherited certified profile; declaration kind=field,"Rust names and ownership adapted; byte identities, errors, cancellation and result meaning retained",archived Go object.go:68; reference/go-public-api.json,R02:go:SubOpResult.Value,implemented-r02
go:Watch,see native rows by Go family; no guessed exact mapping,Watch,rados:: equivalent for Watch; public contract frozen in R02,R02,port-public-contract,inherited certified profile; declaration kind=type,"Rust names and ownership adapted; byte identities, errors, cancellation and result meaning retained",archived Go coordination.go:72; reference/go-public-api.json,R02:go:Watch,implemented-r02
go:Watch.Ack,see native rows by Go family; no guessed exact mapping,Watch.Ack,rados:: equivalent for Watch.Ack; signature review pending R02/owning phase,R10,port-public-contract,inherited certified profile; declaration kind=method,"Rust names and ownership adapted; byte identities, errors, cancellation and result meaning retained",archived Go coordination.go:112; reference/go-public-api.json,R10:go:Watch.Ack,implemented-r10
go:Watch.Close,see native rows by Go family; no guessed exact mapping,Watch.Close,rados:: equivalent for Watch.Close; signature review pending R02/owning phase,R10,port-public-contract,inherited certified profile; declaration kind=method,"Rust names and ownership adapted; byte identities, errors, cancellation and result meaning retained",archived Go coordination.go:127; reference/go-public-api.json,R10:go:Watch.Close,implemented-r10
go:Watch.Cookie,see native rows by Go family; no guessed exact mapping,Watch.Cookie,rados:: equivalent for Watch.Cookie; signature review pending R02/owning phase,R10,port-public-contract,inherited certified profile; declaration kind=method,"Rust names and ownership adapted; byte identities, errors, cancellation and result meaning retained",archived Go coordination.go:79; reference/go-public-api.json,R10:go:Watch.Cookie,implemented-r10
go:Watch.Done,see native rows by Go family; no guessed exact mapping,Watch.Done,rados:: equivalent for Watch.Done; signature review pending R02/owning phase,R10,port-public-contract,inherited certified profile; declaration kind=method,"Rust names and ownership adapted; byte identities, errors, cancellation and result meaning retained",archived Go coordination.go:149; reference/go-public-api.json,R10:go:Watch.Done,implemented-r10
go:Watch.Errors,see native rows by Go family; no guessed exact mapping,Watch.Errors,rados:: equivalent for Watch.Errors; signature review pending R02/owning phase,R10,port-public-contract,inherited certified profile; declaration kind=method,"Rust names and ownership adapted; byte identities, errors, cancellation and result meaning retained",archived Go coordination.go:142; reference/go-public-api.json,R10:go:Watch.Errors,implemented-r10
go:WatchEvent,see native rows by Go family; no guessed exact mapping,WatchEvent,rados:: equivalent for WatchEvent; public contract frozen in R02,R02,port-public-contract,inherited certified profile; declaration kind=type,"Rust names and ownership adapted; byte identities, errors, cancellation and result meaning retained",archived Go coordination.go:39; reference/go-public-api.json,R02:go:WatchEvent,implemented-r02
go:WatchEvent.Cookie,see native rows by Go family; no guessed exact mapping,WatchEvent.Cookie,rados:: equivalent for WatchEvent.Cookie; public contract frozen in R02,R02,port-public-contract,inherited certified profile; declaration kind=field,"Rust names and ownership adapted; byte identities, errors, cancellation and result meaning retained",archived Go coordination.go:41; reference/go-public-api.json,R02:go:WatchEvent.Cookie,implemented-r02
go:WatchEvent.Data,see native rows by Go family; no guessed exact mapping,WatchEvent.Data,rados:: equivalent for WatchEvent.Data; public contract frozen in R02,R02,port-public-contract,inherited certified profile; declaration kind=field,"Rust names and ownership adapted; byte identities, errors, cancellation and result meaning retained",archived Go coordination.go:43; reference/go-public-api.json,R02:go:WatchEvent.Data,implemented-r02
go:WatchEvent.Notifier,see native rows by Go family; no guessed exact mapping,WatchEvent.Notifier,rados:: equivalent for WatchEvent.Notifier; public contract frozen in R02,R02,port-public-contract,inherited certified profile; declaration kind=field,"Rust names and ownership adapted; byte identities, errors, cancellation and result meaning retained",archived Go coordination.go:42; reference/go-public-api.json,R02:go:WatchEvent.Notifier,implemented-r02
go:WatchEvent.NotifyID,see native rows by Go family; no guessed exact mapping,WatchEvent.NotifyID,rados:: equivalent for WatchEvent.NotifyID; public contract frozen in R02,R02,port-public-contract,inherited certified profile; declaration kind=field,"Rust names and ownership adapted; byte identities, errors, cancellation and result meaning retained",archived Go coordination.go:40; reference/go-public-api.json,R02:go:WatchEvent.NotifyID,implemented-r02
go:Watcher,see native rows by Go family; no guessed exact mapping,Watcher,rados:: equivalent for Watcher; public contract frozen in R02,R02,port-public-contract,inherited certified profile; declaration kind=type,"Rust names and ownership adapted; byte identities, errors, cancellation and result meaning retained",archived Go coordination.go:46; reference/go-public-api.json,R02:go:Watcher,implemented-r02
go:Watcher.Address,see native rows by Go family; no guessed exact mapping,Watcher.Address,rados:: equivalent for Watcher.Address; public contract frozen in R02,R02,port-public-contract,inherited certified profile; declaration kind=field,"Rust names and ownership adapted; byte identities, errors, cancellation and result meaning retained",archived Go coordination.go:48; reference/go-public-api.json,R02:go:Watcher.Address,implemented-r02
go:Watcher.Client,see native rows by Go family; no guessed exact mapping,Watcher.Client,rados:: equivalent for Watcher.Client; public contract frozen in R02,R02,port-public-contract,inherited certified profile; declaration kind=field,"Rust names and ownership adapted; byte identities, errors, cancellation and result meaning retained",archived Go coordination.go:47; reference/go-public-api.json,R02:go:Watcher.Client,implemented-r02
go:Watcher.Cookie,see native rows by Go family; no guessed exact mapping,Watcher.Cookie,rados:: equivalent for Watcher.Cookie; public contract frozen in R02,R02,port-public-contract,inherited certified profile; declaration kind=field,"Rust names and ownership adapted; byte identities, errors, cancellation and result meaning retained",archived Go coordination.go:49; reference/go-public-api.json,R02:go:Watcher.Cookie,implemented-r02
go:Watcher.Timeout,see native rows by Go family; no guessed exact mapping,Watcher.Timeout,rados:: equivalent for Watcher.Timeout; public contract frozen in R02,R02,port-public-contract,inherited certified profile; declaration kind=field,"Rust names and ownership adapted; byte identities, errors, cancellation and result meaning retained",archived Go coordination.go:50; reference/go-public-api.json,R02:go:Watcher.Timeout,implemented-r02
go:WriteOp,see native rows by Go family; no guessed exact mapping,WriteOp,rados:: equivalent for WriteOp; public contract frozen in R02,R02,port-public-contract,inherited certified profile; declaration kind=type,"Rust names and ownership adapted; byte identities, errors, cancellation and result meaning retained",archived Go metadata.go:45; reference/go-public-api.json,R02:go:WriteOp,implemented-r02
go:WriteOp.Append,see native rows by Go family; no guessed exact mapping,WriteOp.Append,rados:: equivalent for WriteOp.Append; signature review pending R02/owning phase,R09,port-public-contract,inherited certified profile; declaration kind=method,"Rust names and ownership adapted; byte identities, errors, cancellation and result meaning retained",archived Go metadata.go:227; reference/go-public-api.json,R09:go:WriteOp.Append,implemented-r09
go:WriteOp.AssertVersion,see native rows by Go family; no guessed exact mapping,WriteOp.AssertVersion,rados:: equivalent for WriteOp.AssertVersion; signature review pending R02/owning phase,R09,port-public-contract,inherited certified profile; declaration kind=method,"Rust names and ownership adapted; byte identities, errors, cancellation and result meaning retained",archived Go metadata.go:241; reference/go-public-api.json,R09:go:WriteOp.AssertVersion,implemented-r09
go:WriteOp.ClearOMAP,see native rows by Go family; no guessed exact mapping,WriteOp.ClearOMAP,rados:: equivalent for WriteOp.ClearOMAP; signature review pending R02/owning phase,R09,port-public-contract,inherited certified profile; declaration kind=method,"Rust names and ownership adapted; byte identities, errors, cancellation and result meaning retained",archived Go metadata.go:297; reference/go-public-api.json,R09:go:WriteOp.ClearOMAP,implemented-r09
go:WriteOp.CompareExtent,see native rows by Go family; no guessed exact mapping,WriteOp.CompareExtent,rados:: equivalent for WriteOp.CompareExtent; signature review pending R02/owning phase,R09,port-public-contract,inherited certified profile; declaration kind=method,"Rust names and ownership adapted; byte identities, errors, cancellation and result meaning retained",archived Go metadata.go:245; reference/go-public-api.json,R09:go:WriteOp.CompareExtent,implemented-r09
go:WriteOp.CompareOMAP,see native rows by Go family; no guessed exact mapping,WriteOp.CompareOMAP,rados:: equivalent for WriteOp.CompareOMAP; signature review pending R02/owning phase,R09,port-public-contract,inherited certified profile; declaration kind=method,"Rust names and ownership adapted; byte identities, errors, cancellation and result meaning retained",archived Go metadata.go:304; reference/go-public-api.json,R09:go:WriteOp.CompareOMAP,implemented-r09
go:WriteOp.Create,see native rows by Go family; no guessed exact mapping,WriteOp.Create,rados:: equivalent for WriteOp.Create; signature review pending R02/owning phase,R09,port-public-contract,inherited certified profile; declaration kind=method,"Rust names and ownership adapted; byte identities, errors, cancellation and result meaning retained",archived Go metadata.go:211; reference/go-public-api.json,R09:go:WriteOp.Create,implemented-r09
go:WriteOp.Exec,see native rows by Go family; no guessed exact mapping,WriteOp.Exec,rados:: equivalent for WriteOp.Exec; signature review pending R02/owning phase,R09,port-public-contract,inherited certified profile; declaration kind=method,"Rust names and ownership adapted; byte identities, errors, cancellation and result meaning retained",archived Go metadata.go:312; reference/go-public-api.json,R09:go:WriteOp.Exec,implemented-r09
go:WriteOp.Remove,see native rows by Go family; no guessed exact mapping,WriteOp.Remove,rados:: equivalent for WriteOp.Remove; signature review pending R02/owning phase,R09,port-public-contract,inherited certified profile; declaration kind=method,"Rust names and ownership adapted; byte identities, errors, cancellation and result meaning retained",archived Go metadata.go:239; reference/go-public-api.json,R09:go:WriteOp.Remove,implemented-r09
go:WriteOp.RemoveOMAP,see native rows by Go family; no guessed exact mapping,WriteOp.RemoveOMAP,rados:: equivalent for WriteOp.RemoveOMAP; signature review pending R02/owning phase,R09,port-public-contract,inherited certified profile; declaration kind=method,"Rust names and ownership adapted; byte identities, errors, cancellation and result meaning retained",archived Go metadata.go:279; reference/go-public-api.json,R09:go:WriteOp.RemoveOMAP,implemented-r09
go:WriteOp.RemoveOMAPRange,see native rows by Go family; no guessed exact mapping,WriteOp.RemoveOMAPRange,rados:: equivalent for WriteOp.RemoveOMAPRange; signature review pending R02/owning phase,R09,port-public-contract,inherited certified profile; declaration kind=method,"Rust names and ownership adapted; byte identities, errors, cancellation and result meaning retained",archived Go metadata.go:288; reference/go-public-api.json,R09:go:WriteOp.RemoveOMAPRange,implemented-r09
go:WriteOp.RemoveXAttr,see native rows by Go family; no guessed exact mapping,WriteOp.RemoveXAttr,rados:: equivalent for WriteOp.RemoveXAttr; signature review pending R02/owning phase,R09,port-public-contract,inherited certified profile; declaration kind=method,"Rust names and ownership adapted; byte identities, errors, cancellation and result meaning retained",archived Go metadata.go:258; reference/go-public-api.json,R09:go:WriteOp.RemoveXAttr,implemented-r09
go:WriteOp.SetFlags,see native rows by Go family; no guessed exact mapping,WriteOp.SetFlags,rados:: equivalent for WriteOp.SetFlags; signature review pending R02/owning phase,R09,port-public-contract,inherited certified profile; declaration kind=method,"Rust names and ownership adapted; byte identities, errors, cancellation and result meaning retained",archived Go metadata.go:320; reference/go-public-api.json,R09:go:WriteOp.SetFlags,implemented-r09
go:WriteOp.SetOMAP,see native rows by Go family; no guessed exact mapping,WriteOp.SetOMAP,rados:: equivalent for WriteOp.SetOMAP; signature review pending R02/owning phase,R09,port-public-contract,inherited certified profile; declaration kind=method,"Rust names and ownership adapted; byte identities, errors, cancellation and result meaning retained",archived Go metadata.go:266; reference/go-public-api.json,R09:go:WriteOp.SetOMAP,implemented-r09
go:WriteOp.SetOMAPHeader,see native rows by Go family; no guessed exact mapping,WriteOp.SetOMAPHeader,rados:: equivalent for WriteOp.SetOMAPHeader; signature review pending R02/owning phase,R09,port-public-contract,inherited certified profile; declaration kind=method,"Rust names and ownership adapted; byte identities, errors, cancellation and result meaning retained",archived Go metadata.go:299; reference/go-public-api.json,R09:go:WriteOp.SetOMAPHeader,implemented-r09
go:WriteOp.SetXAttr,see native rows by Go family; no guessed exact mapping,WriteOp.SetXAttr,rados:: equivalent for WriteOp.SetXAttr; signature review pending R02/owning phase,R09,port-public-contract,inherited certified profile; declaration kind=method,"Rust names and ownership adapted; byte identities, errors, cancellation and result meaning retained",archived Go metadata.go:249; reference/go-public-api.json,R09:go:WriteOp.SetXAttr,implemented-r09
go:WriteOp.Truncate,see native rows by Go family; no guessed exact mapping,WriteOp.Truncate,rados:: equivalent for WriteOp.Truncate; signature review pending R02/owning phase,R09,port-public-contract,inherited certified profile; declaration kind=method,"Rust names and ownership adapted; byte identities, errors, cancellation and result meaning retained",archived Go metadata.go:231; reference/go-public-api.json,R09:go:WriteOp.Truncate,implemented-r09
go:WriteOp.Write,see native rows by Go family; no guessed exact mapping,WriteOp.Write,rados:: equivalent for WriteOp.Write; signature review pending R02/owning phase,R09,port-public-contract,inherited certified profile; declaration kind=method,"Rust names and ownership adapted; byte identities, errors, cancellation and result meaning retained",archived Go metadata.go:219; reference/go-public-api.json,R09:go:WriteOp.Write,implemented-r09
go:WriteOp.WriteFull,see native rows by Go family; no guessed exact mapping,WriteOp.WriteFull,rados:: equivalent for WriteOp.WriteFull; signature review pending R02/owning phase,R09,port-public-contract,inherited certified profile; declaration kind=method,"Rust names and ownership adapted; byte identities, errors, cancellation and result meaning retained",archived Go metadata.go:223; reference/go-public-api.json,R09:go:WriteOp.WriteFull,implemented-r09
go:WriteOp.Zero,see native rows by Go family; no guessed exact mapping,WriteOp.Zero,rados:: equivalent for WriteOp.Zero; signature review pending R02/owning phase,R09,port-public-contract,inherited certified profile; declaration kind=method,"Rust names and ownership adapted; byte identities, errors, cancellation and result meaning retained",archived Go metadata.go:235; reference/go-public-api.json,R09:go:WriteOp.Zero,implemented-r09
go:XAttr,see native rows by Go family; no guessed exact mapping,XAttr,rados:: equivalent for XAttr; public contract frozen in R02,R02,port-public-contract,inherited certified profile; declaration kind=type,"Rust names and ownership adapted; byte identities, errors, cancellation and result meaning retained",archived Go metadata.go:19; reference/go-public-api.json,R02:go:XAttr,implemented-r02
go:XAttr.Name,see native rows by Go family; no guessed exact mapping,XAttr.Name,rados:: equivalent for XAttr.Name; public contract frozen in R02,R02,port-public-contract,inherited certified profile; declaration kind=field,"Rust names and ownership adapted; byte identities, errors, cancellation and result meaning retained",archived Go metadata.go:20; reference/go-public-api.json,R02:go:XAttr.Name,implemented-r02
go:XAttr.Value,see native rows by Go family; no guessed exact mapping,XAttr.Value,rados:: equivalent for XAttr.Value; public contract frozen in R02,R02,port-public-contract,inherited certified profile; declaration kind=field,"Rust names and ownership adapted; byte identities, errors, cancellation and result meaning retained",archived Go metadata.go:21; reference/go-public-api.json,R02:go:XAttr.Value,implemented-r02
