language,owner,source_symbol,source_signature,go_equivalent,disposition,phase,prerequisites,semantic_difference,conformance_test
C,global,rados_aio_append,"CEPH_RADOS_API int rados_aio_append(rados_ioctx_t io, const char *oid, rados_completion_t completion, const char *buf, size_t len);",rados.ObjectRef mutation methods,go-native,P07,completion of prior phases; see SPEC.md,Context-aware methods and OpResult replace native completion and callback forms,"P07 context, result, and live mutation tests"
C,global,rados_aio_cancel,"CEPH_RADOS_API int rados_aio_cancel(rados_ioctx_t io, rados_completion_t completion);","context.Context, operation results, and rados.Client.Flush",go-native,P07,completion of prior phases; see SPEC.md,"Go context, direct results, and flush semantics replace native completions, callbacks, and last-version state","P07 context, completion, result, and flush tests"
C,global,rados_aio_cmpext,"CEPH_RADOS_API int rados_aio_cmpext(rados_ioctx_t io, const char *o, rados_completion_t completion, const char *cmp_buf, size_t cmp_len, uint64_t off);",rados.ReadOp / rados.WriteOp,implemented,P08,completion of prior phases; see SPEC.md,"Context-aware Go values, pages, and builders preserve the operation semantics","P08 unit and live metadata, compound, enumeration, and map-change tests"
C,global,rados_aio_create_completion,"CEPH_RADOS_API int rados_aio_create_completion(void *cb_arg, rados_callback_t cb_complete, rados_callback_t cb_safe, rados_completion_t *pc);","context.Context, operation results, and rados.Client.Flush",go-native,P07,completion of prior phases; see SPEC.md,"Go context, direct results, and flush semantics replace native completions, callbacks, and last-version state","P07 context, completion, result, and flush tests"
C,global,rados_aio_create_completion2,"CEPH_RADOS_API int rados_aio_create_completion2(void *cb_arg, rados_callback_t cb_complete, rados_completion_t *pc);","context.Context, operation results, and rados.Client.Flush",go-native,P07,completion of prior phases; see SPEC.md,"Go context, direct results, and flush semantics replace native completions, callbacks, and last-version state","P07 context, completion, result, and flush tests"
C,global,rados_aio_exec,"CEPH_RADOS_API int rados_aio_exec(rados_ioctx_t io, const char *o, rados_completion_t completion, const char *cls, const char *method, const char *in_buf, size_t in_len, char *buf, size_t out_len);",rados class execution methods,implemented,P09,completion of prior phases; see SPEC.md,Unified context-aware Go calls preserve native semantics and use Go-owned results,P09 unit and live class/lock/watch interoperability tests
C,global,rados_aio_flush,CEPH_RADOS_API int rados_aio_flush(rados_ioctx_t io);,rados.Client.Flush,implemented,P07,replicated pools on certified Ceph 20.2.4,Watermark-based context-aware drain; no public C completion allocation,P07 mutation/flush unit and live-cluster tests
C,global,rados_aio_flush_async,"CEPH_RADOS_API int rados_aio_flush_async(rados_ioctx_t io, rados_completion_t completion);",rados.Client.Flush,implemented,P07,replicated pools on certified Ceph 20.2.4,Unified context-aware drain; no callback completion allocation,P07 mutation/flush unit and live-cluster tests
C,global,rados_aio_get_return_value,CEPH_RADOS_API int rados_aio_get_return_value(rados_completion_t c);,"context.Context, operation results, and rados.Client.Flush",go-native,P07,completion of prior phases; see SPEC.md,"Go context, direct results, and flush semantics replace native completions, callbacks, and last-version state","P07 context, completion, result, and flush tests"
C,global,rados_aio_get_version,CEPH_RADOS_API uint64_t rados_aio_get_version(rados_completion_t c);,"context.Context, operation results, and rados.Client.Flush",go-native,P07,completion of prior phases; see SPEC.md,"Go context, direct results, and flush semantics replace native completions, callbacks, and last-version state","P07 context, completion, result, and flush tests"
C,global,rados_aio_getxattr,"CEPH_RADOS_API int rados_aio_getxattr(rados_ioctx_t io, const char *o, rados_completion_t completion, const char *name, char *buf, size_t len);",rados metadata methods / operation builders,implemented,P08,completion of prior phases; see SPEC.md,"Context-aware Go values, pages, and builders preserve the operation semantics","P08 unit and live metadata, compound, enumeration, and map-change tests"
C,global,rados_aio_getxattrs,"CEPH_RADOS_API int rados_aio_getxattrs(rados_ioctx_t io, const char *oid, rados_completion_t completion, rados_xattrs_iter_t *iter);",rados metadata methods / operation builders,implemented,P08,completion of prior phases; see SPEC.md,"Context-aware Go values, pages, and builders preserve the operation semantics","P08 unit and live metadata, compound, enumeration, and map-change tests"
C,global,rados_aio_ioctx_selfmanaged_snap_create,"CEPH_RADOS_API void rados_aio_ioctx_selfmanaged_snap_create(rados_ioctx_t io, rados_snap_t *snapid, rados_completion_t completion);",rados snapshot methods and immutable snapshot views,go-native,P10,completion of prior phases; see SPEC.md,Context-aware Go calls and Go-owned results replace native completion and buffer lifetimes,"P10 context, ownership, and live snapshot and EC tests"
C,global,rados_aio_ioctx_selfmanaged_snap_remove,"CEPH_RADOS_API void rados_aio_ioctx_selfmanaged_snap_remove(rados_ioctx_t io, rados_snap_t snapid, rados_completion_t completion);",rados snapshot methods and immutable snapshot views,go-native,P10,completion of prior phases; see SPEC.md,Context-aware Go calls and Go-owned results replace native completion and buffer lifetimes,"P10 context, ownership, and live snapshot and EC tests"
C,global,rados_aio_is_complete,CEPH_RADOS_API int rados_aio_is_complete(rados_completion_t c);,"context.Context, operation results, and rados.Client.Flush",go-native,P07,completion of prior phases; see SPEC.md,"Go context, direct results, and flush semantics replace native completions, callbacks, and last-version state","P07 context, completion, result, and flush tests"
C,global,rados_aio_is_complete_and_cb,CEPH_RADOS_API int rados_aio_is_complete_and_cb(rados_completion_t c);,"context.Context, operation results, and rados.Client.Flush",go-native,P07,completion of prior phases; see SPEC.md,"Go context, direct results, and flush semantics replace native completions, callbacks, and last-version state","P07 context, completion, result, and flush tests"
C,global,rados_aio_is_safe,CEPH_RADOS_API int rados_aio_is_safe(rados_completion_t c);,"context.Context, operation results, and rados.Client.Flush",go-native,P07,completion of prior phases; see SPEC.md,"Go context, direct results, and flush semantics replace native completions, callbacks, and last-version state","P07 context, completion, result, and flush tests"
C,global,rados_aio_is_safe_and_cb,CEPH_RADOS_API int rados_aio_is_safe_and_cb(rados_completion_t c);,"context.Context, operation results, and rados.Client.Flush",go-native,P07,completion of prior phases; see SPEC.md,"Go context, direct results, and flush semantics replace native completions, callbacks, and last-version state","P07 context, completion, result, and flush tests"
C,global,rados_aio_notify,"CEPH_RADOS_API int rados_aio_notify(rados_ioctx_t io, const char *o, rados_completion_t completion, const char *buf, int buf_len, uint64_t timeout_ms, char **reply_buffer, size_t *reply_buffer_len);",rados.Watch and notify methods,implemented,P09,completion of prior phases; see SPEC.md,Unified context-aware Go calls preserve native semantics and use Go-owned results,P09 unit and live watch/notify interoperability tests
C,global,rados_aio_read,"CEPH_RADOS_API int rados_aio_read(rados_ioctx_t io, const char *oid, rados_completion_t completion, char *buf, size_t len, uint64_t off);",rados.ObjectRef.Read / rados.ObjectRef.Stat,go-native,P06,completion of prior phases; see SPEC.md,Context-aware methods and Go-owned results replace native completion and output buffers,"P06 context, ownership, and live read/stat tests"
C,global,rados_aio_read_op_operate,"CEPH_RADOS_API int rados_aio_read_op_operate(rados_read_op_t read_op, rados_ioctx_t io, rados_completion_t completion, const char *oid, int flags);",rados.ReadOp / rados.WriteOp,implemented,P08,completion of prior phases; see SPEC.md,"Context-aware Go values, pages, and builders preserve the operation semantics","P08 unit and live metadata, compound, enumeration, and map-change tests"
C,global,rados_aio_release,CEPH_RADOS_API void rados_aio_release(rados_completion_t c);,"context.Context, operation results, and rados.Client.Flush",go-native,P07,completion of prior phases; see SPEC.md,"Go context, direct results, and flush semantics replace native completions, callbacks, and last-version state","P07 context, completion, result, and flush tests"
C,global,rados_aio_remove,"CEPH_RADOS_API int rados_aio_remove(rados_ioctx_t io, const char *oid, rados_completion_t completion);",rados.ObjectRef mutation methods,go-native,P07,completion of prior phases; see SPEC.md,Context-aware methods and OpResult replace native completion and callback forms,"P07 context, result, and live mutation tests"
C,global,rados_aio_rmxattr,"CEPH_RADOS_API int rados_aio_rmxattr(rados_ioctx_t io, const char *o, rados_completion_t completion, const char *name);",rados metadata methods / operation builders,implemented,P08,completion of prior phases; see SPEC.md,"Context-aware Go values, pages, and builders preserve the operation semantics","P08 unit and live metadata, compound, enumeration, and map-change tests"
C,global,rados_aio_setxattr,"CEPH_RADOS_API int rados_aio_setxattr(rados_ioctx_t io, const char *o, rados_completion_t completion, const char *name, const char *buf, size_t len);",rados metadata methods / operation builders,implemented,P08,completion of prior phases; see SPEC.md,"Context-aware Go values, pages, and builders preserve the operation semantics","P08 unit and live metadata, compound, enumeration, and map-change tests"
C,global,rados_aio_stat,"CEPH_RADOS_API int rados_aio_stat(rados_ioctx_t io, const char *o, rados_completion_t completion, uint64_t *psize, time_t *pmtime);",rados.ObjectRef.Read / rados.ObjectRef.Stat,go-native,P06,completion of prior phases; see SPEC.md,Context-aware methods and Go-owned results replace native completion and output buffers,"P06 context, ownership, and live read/stat tests"
C,global,rados_aio_stat2,"CEPH_RADOS_API int rados_aio_stat2(rados_ioctx_t io, const char *o, rados_completion_t completion, uint64_t *psize, struct timespec *pmtime);",rados.ObjectRef.Read / rados.ObjectRef.Stat,go-native,P06,completion of prior phases; see SPEC.md,Context-aware methods and Go-owned results replace native completion and output buffers,"P06 context, ownership, and live read/stat tests"
C,global,rados_aio_unlock,"CEPH_RADOS_API int rados_aio_unlock(rados_ioctx_t io, const char *o, const char *name, const char *cookie, rados_completion_t completion);",rados lock methods,implemented,P09,completion of prior phases; see SPEC.md,Unified context-aware Go calls preserve native semantics and use Go-owned results,P09 unit and live lock interoperability tests
C,global,rados_aio_unwatch,"CEPH_RADOS_API int rados_aio_unwatch(rados_ioctx_t io, uint64_t cookie, rados_completion_t completion);",rados.Watch and notify methods,implemented,P09,completion of prior phases; see SPEC.md,Unified context-aware Go calls preserve native semantics and use Go-owned results,P09 unit and live watch/notify interoperability tests
C,global,rados_aio_wait_for_complete,CEPH_RADOS_API int rados_aio_wait_for_complete(rados_completion_t c);,"context.Context, operation results, and rados.Client.Flush",go-native,P07,completion of prior phases; see SPEC.md,"Go context, direct results, and flush semantics replace native completions, callbacks, and last-version state","P07 context, completion, result, and flush tests"
C,global,rados_aio_wait_for_complete_and_cb,CEPH_RADOS_API int rados_aio_wait_for_complete_and_cb(rados_completion_t c);,"context.Context, operation results, and rados.Client.Flush",go-native,P07,completion of prior phases; see SPEC.md,"Go context, direct results, and flush semantics replace native completions, callbacks, and last-version state","P07 context, completion, result, and flush tests"
C,global,rados_aio_wait_for_safe,CEPH_RADOS_API int rados_aio_wait_for_safe(rados_completion_t c) __attribute__((deprecated));,none,intentional-omission: deprecated or legacy API without distinct v1 behavior,P13,completion of prior phases; see SPEC.md,No deprecated compatibility alias in the initial Go API,inventory review; no runtime conformance claim
C,global,rados_aio_wait_for_safe_and_cb,CEPH_RADOS_API int rados_aio_wait_for_safe_and_cb(rados_completion_t c) __attribute__((deprecated));,none,intentional-omission: deprecated or legacy API without distinct v1 behavior,P13,completion of prior phases; see SPEC.md,No deprecated compatibility alias in the initial Go API,inventory review; no runtime conformance claim
C,global,rados_aio_watch,"CEPH_RADOS_API int rados_aio_watch(rados_ioctx_t io, const char *o, rados_completion_t completion, uint64_t *handle, rados_watchcb2_t watchcb, rados_watcherrcb_t watcherrcb, void *arg);",rados.Watch and notify methods,implemented,P09,completion of prior phases; see SPEC.md,Unified context-aware Go calls preserve native semantics and use Go-owned results,P09 unit and live watch/notify interoperability tests
C,global,rados_aio_watch2,"CEPH_RADOS_API int rados_aio_watch2(rados_ioctx_t io, const char *o, rados_completion_t completion, uint64_t *handle, rados_watchcb2_t watchcb, rados_watcherrcb_t watcherrcb, uint32_t timeout, void *arg);",rados.Watch and notify methods,implemented,P09,completion of prior phases; see SPEC.md,Unified context-aware Go calls preserve native semantics and use Go-owned results,P09 unit and live watch/notify interoperability tests
C,global,rados_aio_watch_flush,"CEPH_RADOS_API int rados_aio_watch_flush(rados_t cluster, rados_completion_t completion);",rados.Watch and notify methods,go-native,P09,completion of prior phases; see SPEC.md,Watch draining and notify reply memory ownership are integrated into Go lifecycle and result semantics,P09 unit and live watch/notify interoperability tests
C,global,rados_aio_write,"CEPH_RADOS_API int rados_aio_write(rados_ioctx_t io, const char *oid, rados_completion_t completion, const char *buf, size_t len, uint64_t off);",rados.ObjectRef mutation methods,go-native,P07,completion of prior phases; see SPEC.md,Context-aware methods and OpResult replace native completion and callback forms,"P07 context, result, and live mutation tests"
C,global,rados_aio_write_full,"CEPH_RADOS_API int rados_aio_write_full(rados_ioctx_t io, const char *oid, rados_completion_t completion, const char *buf, size_t len);",rados.ObjectRef mutation methods,go-native,P07,completion of prior phases; see SPEC.md,Context-aware methods and OpResult replace native completion and callback forms,"P07 context, result, and live mutation tests"
C,global,rados_aio_write_op_operate,"CEPH_RADOS_API int rados_aio_write_op_operate(rados_write_op_t write_op, rados_ioctx_t io, rados_completion_t completion, const char *oid, time_t *mtime, int flags);",rados.ReadOp / rados.WriteOp,implemented,P08,completion of prior phases; see SPEC.md,"Context-aware Go values, pages, and builders preserve the operation semantics","P08 unit and live metadata, compound, enumeration, and map-change tests"
C,global,rados_aio_write_op_operate2,"CEPH_RADOS_API int rados_aio_write_op_operate2(rados_write_op_t write_op, rados_ioctx_t io, rados_completion_t completion, const char *oid, struct timespec *mtime, int flags);",rados.ReadOp / rados.WriteOp,implemented,P08,completion of prior phases; see SPEC.md,"Context-aware Go values, pages, and builders preserve the operation semantics","P08 unit and live metadata, compound, enumeration, and map-change tests"
C,global,rados_aio_writesame,"CEPH_RADOS_API int rados_aio_writesame(rados_ioctx_t io, const char *oid, rados_completion_t completion, const char *buf, size_t data_len, size_t write_len, uint64_t off);",rados specialized object methods,go-native,P10,completion of prior phases; see SPEC.md,Context-aware Go calls and Go-owned results replace native completion and buffer lifetimes,"P10 context, ownership, and live specialized object tests"
C,global,rados_append,"CEPH_RADOS_API int rados_append(rados_ioctx_t io, const char *oid, const char *buf, size_t len);",rados.ObjectRef.Append,implemented,P07,replicated pools on certified Ceph 20.2.4,Returns OpResult version; ambiguity is surfaced as outcome unknown,P07 native/Go CRUD and primary-remap append-once tests
C,global,rados_application_enable,"CEPH_RADOS_API int rados_application_enable(rados_ioctx_t io, const char *app_name, int force);",rados.Client administrative methods,implemented,P11,completion of prior phases; see SPEC.md,Context-aware Go values preserve native semantics with Go-owned command and metadata results,P11 unit and live administrative interoperability tests
C,global,rados_application_list,"CEPH_RADOS_API int rados_application_list(rados_ioctx_t io, char *values, size_t *values_len);",rados.Client administrative methods,implemented,P11,completion of prior phases; see SPEC.md,Context-aware Go values preserve native semantics with Go-owned command and metadata results,P11 unit and live administrative interoperability tests
C,global,rados_application_metadata_get,"CEPH_RADOS_API int rados_application_metadata_get(rados_ioctx_t io, const char *app_name, const char *key, char *value, size_t *value_len);",rados.Client administrative methods,implemented,P11,completion of prior phases; see SPEC.md,Context-aware Go values preserve native semantics with Go-owned command and metadata results,P11 unit and live administrative interoperability tests
C,global,rados_application_metadata_list,"CEPH_RADOS_API int rados_application_metadata_list(rados_ioctx_t io, const char *app_name, char *keys, size_t *key_len, char *values, size_t *vals_len);",rados.Client administrative methods,implemented,P11,completion of prior phases; see SPEC.md,Context-aware Go values preserve native semantics with Go-owned command and metadata results,P11 unit and live administrative interoperability tests
C,global,rados_application_metadata_remove,"CEPH_RADOS_API int rados_application_metadata_remove(rados_ioctx_t io, const char *app_name, const char *key);",rados.Client administrative methods,implemented,P11,completion of prior phases; see SPEC.md,Context-aware Go values preserve native semantics with Go-owned command and metadata results,P11 unit and live administrative interoperability tests
C,global,rados_application_metadata_set,"CEPH_RADOS_API int rados_application_metadata_set(rados_ioctx_t io, const char *app_name, const char *key, const char *value);",rados.Client administrative methods,implemented,P11,completion of prior phases; see SPEC.md,Context-aware Go values preserve native semantics with Go-owned command and metadata results,P11 unit and live administrative interoperability tests
C,global,rados_blacklist_add,"CEPH_RADOS_API int rados_blacklist_add(rados_t cluster, char *client_address, uint32_t expire_seconds) __attribute__((deprecated));",none,intentional-omission: deprecated or legacy API without distinct v1 behavior,P13,completion of prior phases; see SPEC.md,No deprecated compatibility alias in the initial Go API,inventory review; no runtime conformance claim
C,global,rados_blocklist_add,"CEPH_RADOS_API int rados_blocklist_add(rados_t cluster, char *client_address, uint32_t expire_seconds);",rados.Client administrative methods,implemented,P11,completion of prior phases; see SPEC.md,Context-aware Go values preserve native semantics with Go-owned command and metadata results,P11 unit and live administrative interoperability tests
C,global,rados_break_lock,"CEPH_RADOS_API int rados_break_lock(rados_ioctx_t io, const char *o, const char *name, const char *client, const char *cookie);",rados lock methods,implemented,P09,completion of prior phases; see SPEC.md,Unified context-aware Go calls preserve native semantics and use Go-owned results,P09 unit and live lock interoperability tests
C,global,rados_buffer_free,CEPH_RADOS_API void rados_buffer_free(char *buf);,automatic Go memory ownership,go-native,P01,none,No public deallocator,ownership and leak tests
C,global,rados_cache_pin,"CEPH_RADOS_API int rados_cache_pin(rados_ioctx_t io, const char *o);",none,deferred: legacy cache tier or service/log subscription API,P13,completion of prior phases; see SPEC.md,Outside the v1 scope defined by SPEC.md,future explicit qualification
C,global,rados_cache_unpin,"CEPH_RADOS_API int rados_cache_unpin(rados_ioctx_t io, const char *o);",none,deferred: legacy cache tier or service/log subscription API,P13,completion of prior phases; see SPEC.md,Outside the v1 scope defined by SPEC.md,future explicit qualification
C,global,rados_cct,CEPH_RADOS_API rados_config_t rados_cct(rados_t cluster);,none,intentional-omission: native handle access violates pure-Go boundary,P01,none,No native configuration or cluster handle exists,P01 dependency and cgo audit
C,global,rados_checksum,"CEPH_RADOS_API int rados_checksum(rados_ioctx_t io, const char *oid, rados_checksum_type_t type, const char *init_value, size_t init_value_len, size_t len, uint64_t off, size_t chunk_size, char *pchecksum, size_t checksum_len);",rados specialized object methods,implemented,P10,completion of prior phases; see SPEC.md,Context-aware Go values preserve native semantics with Go-owned inputs and results,P10 unit and live specialized object interoperability tests
C,global,rados_cluster_fsid,"CEPH_RADOS_API int rados_cluster_fsid(rados_t cluster, char *buf, size_t len);",rados.Client pool/map discovery methods,implemented,P04,completion of prior phases; see SPEC.md,Context-aware discovery returns Go-owned values and immutable pool views,P04 unit and live discovery tests
C,global,rados_cluster_stat,"CEPH_RADOS_API int rados_cluster_stat(rados_t cluster, struct rados_cluster_stat_t *result);",rados.Client administrative methods,implemented,P11,completion of prior phases; see SPEC.md,Context-aware Go values preserve native semantics with Go-owned command and metadata results,P11 unit and live administrative interoperability tests
C,global,rados_cmpext,"CEPH_RADOS_API int rados_cmpext(rados_ioctx_t io, const char *o, const char *cmp_buf, size_t cmp_len, uint64_t off);",rados.ReadOp / rados.WriteOp,implemented,P08,completion of prior phases; see SPEC.md,"Context-aware Go values, pages, and builders preserve the operation semantics","P08 unit and live metadata, compound, enumeration, and map-change tests"
C,global,rados_conf_get,"CEPH_RADOS_API int rados_conf_get(rados_t cluster, const char *option, char *buf, size_t len);",rados.Client / rados.Config lifecycle and configuration methods,implemented,P01/P04,completion of prior phases; see SPEC.md,"Typed, value-oriented configuration and context-aware lifecycle replace mutable native configuration",P01 lifecycle and P04 configuration tests
C,global,rados_conf_parse_argv,"CEPH_RADOS_API int rados_conf_parse_argv(rados_t cluster, int argc, const char **argv);",rados.Client / rados.Config lifecycle and configuration methods,implemented,P01/P04,completion of prior phases; see SPEC.md,"Typed, value-oriented configuration and context-aware lifecycle replace mutable native configuration",P01 lifecycle and P04 configuration tests
C,global,rados_conf_parse_argv_remainder,"CEPH_RADOS_API int rados_conf_parse_argv_remainder(rados_t cluster, int argc, const char **argv, const char **remargv);",rados.Client / rados.Config lifecycle and configuration methods,implemented,P01/P04,completion of prior phases; see SPEC.md,"Typed, value-oriented configuration and context-aware lifecycle replace mutable native configuration",P01 lifecycle and P04 configuration tests
C,global,rados_conf_parse_env,"CEPH_RADOS_API int rados_conf_parse_env(rados_t cluster, const char *var);",rados.Client / rados.Config lifecycle and configuration methods,implemented,P01/P04,completion of prior phases; see SPEC.md,"Typed, value-oriented configuration and context-aware lifecycle replace mutable native configuration",P01 lifecycle and P04 configuration tests
C,global,rados_conf_read_file,"CEPH_RADOS_API int rados_conf_read_file(rados_t cluster, const char *path);",rados.Client / rados.Config lifecycle and configuration methods,implemented,P01/P04,completion of prior phases; see SPEC.md,"Typed, value-oriented configuration and context-aware lifecycle replace mutable native configuration",P01 lifecycle and P04 configuration tests
C,global,rados_conf_set,"CEPH_RADOS_API int rados_conf_set(rados_t cluster, const char *option, const char *value);",rados.Client / rados.Config lifecycle and configuration methods,implemented,P01/P04,completion of prior phases; see SPEC.md,"Typed, value-oriented configuration and context-aware lifecycle replace mutable native configuration",P01 lifecycle and P04 configuration tests
C,global,rados_connect,CEPH_RADOS_API int rados_connect(rados_t cluster);,rados.Client / rados.Config lifecycle and configuration methods,implemented,P01/P04,completion of prior phases; see SPEC.md,"Typed, value-oriented configuration and context-aware lifecycle replace mutable native configuration",P01 lifecycle and P04 configuration tests
C,global,rados_create,"CEPH_RADOS_API int rados_create(rados_t *cluster, const char * const id);",rados.New,go-native,P01/P04,completion of prior phases; see SPEC.md,"Go construction combines native allocation, initialization, and ownership",P01 lifecycle and P04 configuration tests
C,global,rados_create2,"CEPH_RADOS_API int rados_create2(rados_t *pcluster, const char *const clustername, const char * const name, uint64_t flags);",rados.New,go-native,P01/P04,completion of prior phases; see SPEC.md,"Go construction combines native allocation, initialization, and ownership",P01 lifecycle and P04 configuration tests
C,global,rados_create_read_op,CEPH_RADOS_API rados_read_op_t rados_create_read_op(void);,rados.ReadOp / rados.WriteOp,implemented,P08,completion of prior phases; see SPEC.md,"Context-aware Go values, pages, and builders preserve the operation semantics","P08 unit and live metadata, compound, enumeration, and map-change tests"
C,global,rados_create_with_context,"CEPH_RADOS_API int rados_create_with_context(rados_t *cluster, rados_config_t cct);",rados.New,go-native,P01/P04,completion of prior phases; see SPEC.md,"Go construction combines native allocation, initialization, and ownership",P01 lifecycle and P04 configuration tests
C,global,rados_create_write_op,CEPH_RADOS_API rados_write_op_t rados_create_write_op(void);,rados.ReadOp / rados.WriteOp,implemented,P08,completion of prior phases; see SPEC.md,"Context-aware Go values, pages, and builders preserve the operation semantics","P08 unit and live metadata, compound, enumeration, and map-change tests"
C,global,rados_decode_notify_response,"CEPH_RADOS_API int rados_decode_notify_response(char *reply_buffer, size_t reply_buffer_len, struct notify_ack_t **acks, size_t *nr_acks, struct notify_timeout_t **timeouts, size_t *nr_timeouts);",rados.Watch and notify methods,go-native,P09,completion of prior phases; see SPEC.md,Watch draining and notify reply memory ownership are integrated into Go lifecycle and result semantics,P09 unit and live watch/notify interoperability tests
C,global,rados_exec,"CEPH_RADOS_API int rados_exec(rados_ioctx_t io, const char *oid, const char *cls, const char *method, const char *in_buf, size_t in_len, char *buf, size_t out_len);",rados class execution methods,implemented,P09,completion of prior phases; see SPEC.md,Unified context-aware Go calls preserve native semantics and use Go-owned results,P09 unit and live class/lock/watch interoperability tests
C,global,rados_free_notify_response,"CEPH_RADOS_API void rados_free_notify_response(struct notify_ack_t *acks, size_t nr_acks, struct notify_timeout_t *timeouts);",rados.Watch and notify methods,go-native,P09,completion of prior phases; see SPEC.md,Watch draining and notify reply memory ownership are integrated into Go lifecycle and result semantics,P09 unit and live watch/notify interoperability tests
C,global,rados_get_instance_id,CEPH_RADOS_API uint64_t rados_get_instance_id(rados_t cluster);,rados.Client / rados.Config lifecycle and configuration methods,implemented,P01/P04,completion of prior phases; see SPEC.md,"Typed, value-oriented configuration and context-aware lifecycle replace mutable native configuration",P01 lifecycle and P04 configuration tests
C,global,rados_get_last_version,CEPH_RADOS_API uint64_t rados_get_last_version(rados_ioctx_t io);,"context.Context, operation results, and rados.Client.Flush",go-native,P07,completion of prior phases; see SPEC.md,"Go context, direct results, and flush semantics replace native completions, callbacks, and last-version state","P07 context, completion, result, and flush tests"
C,global,rados_get_min_compatible_client,"CEPH_RADOS_API int rados_get_min_compatible_client(rados_t cluster, int8_t* min_compat_client, int8_t* require_min_compat_client);",none,intentional-omission: discovery diagnostic absent from frozen v1 contract,P04,completion of prior phases; see SPEC.md,No distinct v1 behavior requires this native diagnostic or explicit map wait,P04 API inventory review; no runtime conformance claim
C,global,rados_get_min_compatible_osd,"CEPH_RADOS_API int rados_get_min_compatible_osd(rados_t cluster, int8_t* require_osd_release);",none,intentional-omission: discovery diagnostic absent from frozen v1 contract,P04,completion of prior phases; see SPEC.md,No distinct v1 behavior requires this native diagnostic or explicit map wait,P04 API inventory review; no runtime conformance claim
C,global,rados_getaddrs,"CEPH_RADOS_API int rados_getaddrs(rados_t cluster, char** addrs);",rados.Client session addresses,implemented,P11,completion of prior phases; see SPEC.md,Context-aware Go values preserve native semantics with Go-owned command and metadata results,P11 unit and live administrative interoperability tests
C,global,rados_getxattr,"CEPH_RADOS_API int rados_getxattr(rados_ioctx_t io, const char *o, const char *name, char *buf, size_t len);",rados metadata methods / operation builders,implemented,P08,completion of prior phases; see SPEC.md,"Context-aware Go values, pages, and builders preserve the operation semantics","P08 unit and live metadata, compound, enumeration, and map-change tests"
C,global,rados_getxattrs,"CEPH_RADOS_API int rados_getxattrs(rados_ioctx_t io, const char *oid, rados_xattrs_iter_t *iter);",rados metadata methods / operation builders,implemented,P08,completion of prior phases; see SPEC.md,"Context-aware Go values, pages, and builders preserve the operation semantics","P08 unit and live metadata, compound, enumeration, and map-change tests"
C,global,rados_getxattrs_end,CEPH_RADOS_API void rados_getxattrs_end(rados_xattrs_iter_t iter);,rados metadata methods / operation builders,go-native,P08,completion of prior phases; see SPEC.md,"Go values, pages, and builders replace native iterator and allocation lifetimes","P08 ownership, pagination, and builder lifecycle tests"
C,global,rados_getxattrs_next,"CEPH_RADOS_API int rados_getxattrs_next(rados_xattrs_iter_t iter, const char **name, const char **val, size_t *len);",rados metadata methods / operation builders,go-native,P08,completion of prior phases; see SPEC.md,"Go values, pages, and builders replace native iterator and allocation lifetimes","P08 ownership, pagination, and builder lifecycle tests"
C,global,rados_inconsistent_pg_list,"CEPH_RADOS_API int rados_inconsistent_pg_list(rados_t cluster, int64_t pool, char *buf, size_t len);",rados.Client administrative consistency methods,implemented,P11,completion of prior phases; see SPEC.md,Context-aware Go values preserve native semantics with Go-owned command and metadata results,P11 unit and live administrative interoperability tests
C,global,rados_ioctx_cct,CEPH_RADOS_API rados_config_t rados_ioctx_cct(rados_ioctx_t io);,none,intentional-omission: native handle access violates pure-Go boundary,P01,none,No native configuration or cluster handle exists,P01 dependency and cgo audit
C,global,rados_ioctx_create,"CEPH_RADOS_API int rados_ioctx_create(rados_t cluster, const char *pool_name, rados_ioctx_t *ioctx);",rados.Client pool/map discovery methods,implemented,P04,completion of prior phases; see SPEC.md,Context-aware discovery returns Go-owned values and immutable pool views,P04 unit and live discovery tests
C,global,rados_ioctx_create2,"CEPH_RADOS_API int rados_ioctx_create2(rados_t cluster, int64_t pool_id, rados_ioctx_t *ioctx);",rados.Client pool/map discovery methods,implemented,P04,completion of prior phases; see SPEC.md,Context-aware discovery returns Go-owned values and immutable pool views,P04 unit and live discovery tests
C,global,rados_ioctx_destroy,CEPH_RADOS_API void rados_ioctx_destroy(rados_ioctx_t io);,automatic Go memory ownership,go-native,P01,none,No public deallocator,ownership and leak tests
C,global,rados_ioctx_get_cluster,CEPH_RADOS_API rados_t rados_ioctx_get_cluster(rados_ioctx_t io);,none,intentional-omission: native handle access violates pure-Go boundary,P01,none,No native configuration or cluster handle exists,P01 dependency and cgo audit
C,global,rados_ioctx_get_id,CEPH_RADOS_API int64_t rados_ioctx_get_id(rados_ioctx_t io);,rados.Client pool/map discovery methods,implemented,P04,completion of prior phases; see SPEC.md,Context-aware discovery returns Go-owned values and immutable pool views,P04 unit and live discovery tests
C,global,rados_ioctx_get_namespace,"CEPH_RADOS_API int rados_ioctx_get_namespace(rados_ioctx_t io, char *buf, unsigned maxlen);",rados.Pool.WithNamespace / rados.Pool.WithLocator,implemented,P05,completion of prior phases; see SPEC.md,Immutable pool views replace mutable ioctx namespace and locator state,P05 unit and live placement tests
C,global,rados_ioctx_get_pool_name,"CEPH_RADOS_API int rados_ioctx_get_pool_name(rados_ioctx_t io, char *buf, unsigned maxlen);",rados.Client pool/map discovery methods,implemented,P04,completion of prior phases; see SPEC.md,Context-aware discovery returns Go-owned values and immutable pool views,P04 unit and live discovery tests
C,global,rados_ioctx_locator_set_key,"CEPH_RADOS_API void rados_ioctx_locator_set_key(rados_ioctx_t io, const char *key);",rados.Pool.WithNamespace / rados.Pool.WithLocator,implemented,P05,completion of prior phases; see SPEC.md,Immutable pool views replace mutable ioctx namespace and locator state,P05 unit and live placement tests
C,global,rados_ioctx_pool_get_auid,"CEPH_RADOS_API int rados_ioctx_pool_get_auid(rados_ioctx_t io, uint64_t *auid) __attribute__((deprecated));",none,intentional-omission: deprecated or legacy API without distinct v1 behavior,P13,completion of prior phases; see SPEC.md,No deprecated compatibility alias in the initial Go API,inventory review; no runtime conformance claim
C,global,rados_ioctx_pool_required_alignment,CEPH_RADOS_API uint64_t rados_ioctx_pool_required_alignment(rados_ioctx_t io) __attribute__((deprecated));,none,intentional-omission: deprecated or legacy API without distinct v1 behavior,P13,completion of prior phases; see SPEC.md,No deprecated compatibility alias in the initial Go API,inventory review; no runtime conformance claim
C,global,rados_ioctx_pool_required_alignment2,"CEPH_RADOS_API int rados_ioctx_pool_required_alignment2(rados_ioctx_t io, uint64_t *alignment);",rados specialized object methods,implemented,P10,completion of prior phases; see SPEC.md,Context-aware Go values preserve native semantics with Go-owned inputs and results,P10 unit and live specialized object interoperability tests
C,global,rados_ioctx_pool_requires_alignment,CEPH_RADOS_API int rados_ioctx_pool_requires_alignment(rados_ioctx_t io) __attribute__((deprecated));,none,intentional-omission: deprecated or legacy API without distinct v1 behavior,P13,completion of prior phases; see SPEC.md,No deprecated compatibility alias in the initial Go API,inventory review; no runtime conformance claim
C,global,rados_ioctx_pool_requires_alignment2,"CEPH_RADOS_API int rados_ioctx_pool_requires_alignment2(rados_ioctx_t io, int *req);",rados specialized object methods,implemented,P10,completion of prior phases; see SPEC.md,Context-aware Go values preserve native semantics with Go-owned inputs and results,P10 unit and live specialized object interoperability tests
C,global,rados_ioctx_pool_set_auid,"CEPH_RADOS_API int rados_ioctx_pool_set_auid(rados_ioctx_t io, uint64_t auid) __attribute__((deprecated));",none,intentional-omission: deprecated or legacy API without distinct v1 behavior,P13,completion of prior phases; see SPEC.md,No deprecated compatibility alias in the initial Go API,inventory review; no runtime conformance claim
C,global,rados_ioctx_pool_stat,"CEPH_RADOS_API int rados_ioctx_pool_stat(rados_ioctx_t io, struct rados_pool_stat_t *stats);",rados.Client administrative methods,implemented,P11,completion of prior phases; see SPEC.md,Context-aware Go values preserve native semantics with Go-owned command and metadata results,P11 unit and live administrative interoperability tests
C,global,rados_ioctx_selfmanaged_snap_create,"CEPH_RADOS_API int rados_ioctx_selfmanaged_snap_create(rados_ioctx_t io, rados_snap_t *snapid);",rados snapshot methods and immutable snapshot views,implemented,P10,completion of prior phases; see SPEC.md,Context-aware Go values preserve native semantics with Go-owned inputs and results,P10 unit and live snapshot and EC interoperability tests
C,global,rados_ioctx_selfmanaged_snap_remove,"CEPH_RADOS_API int rados_ioctx_selfmanaged_snap_remove(rados_ioctx_t io, rados_snap_t snapid);",rados snapshot methods and immutable snapshot views,implemented,P10,completion of prior phases; see SPEC.md,Context-aware Go values preserve native semantics with Go-owned inputs and results,P10 unit and live snapshot and EC interoperability tests
C,global,rados_ioctx_selfmanaged_snap_rollback,"CEPH_RADOS_API int rados_ioctx_selfmanaged_snap_rollback(rados_ioctx_t io, const char *oid, rados_snap_t snapid);",rados snapshot methods and immutable snapshot views,implemented,P10,completion of prior phases; see SPEC.md,Context-aware Go values preserve native semantics with Go-owned inputs and results,P10 unit and live snapshot and EC interoperability tests
C,global,rados_ioctx_selfmanaged_snap_set_write_ctx,"CEPH_RADOS_API int rados_ioctx_selfmanaged_snap_set_write_ctx(rados_ioctx_t io, rados_snap_t seq, rados_snap_t *snaps, int num_snaps);",rados snapshot methods and immutable snapshot views,implemented,P10,completion of prior phases; see SPEC.md,Context-aware Go values preserve native semantics with Go-owned inputs and results,P10 unit and live snapshot and EC interoperability tests
C,global,rados_ioctx_set_namespace,"CEPH_RADOS_API void rados_ioctx_set_namespace(rados_ioctx_t io, const char *nspace);",rados.Pool.WithNamespace / rados.Pool.WithLocator,implemented,P05,completion of prior phases; see SPEC.md,Immutable pool views replace mutable ioctx namespace and locator state,P05 unit and live placement tests
C,global,rados_ioctx_snap_create,"CEPH_RADOS_API int rados_ioctx_snap_create(rados_ioctx_t io, const char *snapname);",rados snapshot methods and immutable snapshot views,implemented,P10,completion of prior phases; see SPEC.md,Context-aware Go values preserve native semantics with Go-owned inputs and results,P10 unit and live snapshot and EC interoperability tests
C,global,rados_ioctx_snap_get_name,"CEPH_RADOS_API int rados_ioctx_snap_get_name(rados_ioctx_t io, rados_snap_t id, char *name, int maxlen);",rados snapshot methods and immutable snapshot views,implemented,P10,completion of prior phases; see SPEC.md,Context-aware Go values preserve native semantics with Go-owned inputs and results,P10 unit and live snapshot and EC interoperability tests
C,global,rados_ioctx_snap_get_stamp,"CEPH_RADOS_API int rados_ioctx_snap_get_stamp(rados_ioctx_t io, rados_snap_t id, time_t *t);",rados snapshot methods and immutable snapshot views,implemented,P10,completion of prior phases; see SPEC.md,Context-aware Go values preserve native semantics with Go-owned inputs and results,P10 unit and live snapshot and EC interoperability tests
C,global,rados_ioctx_snap_list,"CEPH_RADOS_API int rados_ioctx_snap_list(rados_ioctx_t io, rados_snap_t *snaps, int maxlen);",rados snapshot methods and immutable snapshot views,implemented,P10,completion of prior phases; see SPEC.md,Context-aware Go values preserve native semantics with Go-owned inputs and results,P10 unit and live snapshot and EC interoperability tests
C,global,rados_ioctx_snap_lookup,"CEPH_RADOS_API int rados_ioctx_snap_lookup(rados_ioctx_t io, const char *name, rados_snap_t *id);",rados snapshot methods and immutable snapshot views,implemented,P10,completion of prior phases; see SPEC.md,Context-aware Go values preserve native semantics with Go-owned inputs and results,P10 unit and live snapshot and EC interoperability tests
C,global,rados_ioctx_snap_remove,"CEPH_RADOS_API int rados_ioctx_snap_remove(rados_ioctx_t io, const char *snapname);",rados snapshot methods and immutable snapshot views,implemented,P10,completion of prior phases; see SPEC.md,Context-aware Go values preserve native semantics with Go-owned inputs and results,P10 unit and live snapshot and EC interoperability tests
C,global,rados_ioctx_snap_rollback,"CEPH_RADOS_API int rados_ioctx_snap_rollback(rados_ioctx_t io, const char *oid, const char *snapname);",rados snapshot methods and immutable snapshot views,implemented,P10,completion of prior phases; see SPEC.md,Context-aware Go values preserve native semantics with Go-owned inputs and results,P10 unit and live snapshot and EC interoperability tests
C,global,rados_ioctx_snap_set_read,"CEPH_RADOS_API void rados_ioctx_snap_set_read(rados_ioctx_t io, rados_snap_t snap);",rados snapshot methods and immutable snapshot views,implemented,P10,completion of prior phases; see SPEC.md,Context-aware Go values preserve native semantics with Go-owned inputs and results,P10 unit and live snapshot and EC interoperability tests
C,global,rados_list_lockers,"CEPH_RADOS_API ssize_t rados_list_lockers(rados_ioctx_t io, const char *o, const char *name, int *exclusive, char *tag, size_t *tag_len, char *clients, size_t *clients_len, char *cookies, size_t *cookies_len, char *addrs, size_t *addrs_len);",rados lock methods,implemented,P09,completion of prior phases; see SPEC.md,Unified context-aware Go calls preserve native semantics and use Go-owned results,P09 unit and live lock interoperability tests
C,global,rados_lock_exclusive,"CEPH_RADOS_API int rados_lock_exclusive(rados_ioctx_t io, const char * oid, const char * name, const char * cookie, const char * desc, struct timeval * duration, uint8_t flags);",rados lock methods,implemented,P09,completion of prior phases; see SPEC.md,Unified context-aware Go calls preserve native semantics and use Go-owned results,P09 unit and live lock interoperability tests
C,global,rados_lock_shared,"CEPH_RADOS_API int rados_lock_shared(rados_ioctx_t io, const char * o, const char * name, const char * cookie, const char * tag, const char * desc, struct timeval * duration, uint8_t flags);",rados lock methods,implemented,P09,completion of prior phases; see SPEC.md,Unified context-aware Go calls preserve native semantics and use Go-owned results,P09 unit and live lock interoperability tests
C,global,rados_mgr_command,"CEPH_RADOS_API int rados_mgr_command(rados_t cluster, const char **cmd, size_t cmdlen, const char *inbuf, size_t inbuflen, char **outbuf, size_t *outbuflen, char **outs, size_t *outslen);",rados.Client administrative methods,implemented,P11,completion of prior phases; see SPEC.md,Context-aware Go values preserve native semantics with Go-owned command and metadata results,P11 unit and live administrative interoperability tests
C,global,rados_mgr_command_target,"CEPH_RADOS_API int rados_mgr_command_target( rados_t cluster, const char *name, const char **cmd, size_t cmdlen, const char *inbuf, size_t inbuflen, char **outbuf, size_t *outbuflen, char **outs, size_t *outslen);",rados.Client administrative methods,intentional-omission: non-frozen P11 variant,P11,completion of prior phases; see SPEC.md,Not exposed by the certified P11 Go contract,P11 API inventory review; no runtime conformance claim
C,global,rados_mon_command,"CEPH_RADOS_API int rados_mon_command(rados_t cluster, const char **cmd, size_t cmdlen, const char *inbuf, size_t inbuflen, char **outbuf, size_t *outbuflen, char **outs, size_t *outslen);",rados.Client administrative methods,implemented,P11,completion of prior phases; see SPEC.md,Context-aware Go values preserve native semantics with Go-owned command and metadata results,P11 unit and live administrative interoperability tests
C,global,rados_mon_command_target,"CEPH_RADOS_API int rados_mon_command_target(rados_t cluster, const char *name, const char **cmd, size_t cmdlen, const char *inbuf, size_t inbuflen, char **outbuf, size_t *outbuflen, char **outs, size_t *outslen);",rados.Client administrative methods,intentional-omission: non-frozen P11 variant,P11,completion of prior phases; see SPEC.md,Not exposed by the certified P11 Go contract,P11 API inventory review; no runtime conformance claim
C,global,rados_monitor_log,"CEPH_RADOS_API int rados_monitor_log(rados_t cluster, const char *level, rados_log_callback_t cb, void *arg);",none,deferred: legacy cache tier or service/log subscription API,P13,completion of prior phases; see SPEC.md,Outside the v1 scope defined by SPEC.md,future explicit qualification
C,global,rados_monitor_log2,"CEPH_RADOS_API int rados_monitor_log2(rados_t cluster, const char *level, rados_log_callback2_t cb, void *arg);",none,deferred: legacy cache tier or service/log subscription API,P13,completion of prior phases; see SPEC.md,Outside the v1 scope defined by SPEC.md,future explicit qualification
C,global,rados_nobjects_list_close,CEPH_RADOS_API void rados_nobjects_list_close(rados_list_ctx_t ctx);,rados object iterator and cursor,go-native,P08,completion of prior phases; see SPEC.md,"Go values, pages, and builders replace native iterator and allocation lifetimes","P08 ownership, pagination, and builder lifecycle tests"
C,global,rados_nobjects_list_get_cursor,"CEPH_RADOS_API int rados_nobjects_list_get_cursor(rados_list_ctx_t ctx, rados_object_list_cursor *cursor);",rados object iterator and cursor,implemented,P08,completion of prior phases; see SPEC.md,"Context-aware Go values, pages, and builders preserve the operation semantics","P08 unit and live metadata, compound, enumeration, and map-change tests"
C,global,rados_nobjects_list_get_pg_hash_position,CEPH_RADOS_API uint32_t rados_nobjects_list_get_pg_hash_position(rados_list_ctx_t ctx);,rados object iterator and cursor,intentional-omission: non-frozen P08 variant,P08,completion of prior phases; see SPEC.md,Not exposed by the certified P08 Go contract,P08 API inventory review; no runtime conformance claim
C,global,rados_nobjects_list_next,"CEPH_RADOS_API int rados_nobjects_list_next(rados_list_ctx_t ctx, const char **entry, const char **key, const char **nspace);",rados object iterator and cursor,go-native,P08,completion of prior phases; see SPEC.md,"Go values, pages, and builders replace native iterator and allocation lifetimes","P08 ownership, pagination, and builder lifecycle tests"
C,global,rados_nobjects_list_next2,"CEPH_RADOS_API int rados_nobjects_list_next2(rados_list_ctx_t ctx, const char **entry, const char **key, const char **nspace, size_t *entry_size, size_t *key_size, size_t *nspace_size);",rados object iterator and cursor,go-native,P08,completion of prior phases; see SPEC.md,"Go values, pages, and builders replace native iterator and allocation lifetimes","P08 ownership, pagination, and builder lifecycle tests"
C,global,rados_nobjects_list_open,"CEPH_RADOS_API int rados_nobjects_list_open(rados_ioctx_t io, rados_list_ctx_t *ctx);",rados object iterator and cursor,implemented,P08,completion of prior phases; see SPEC.md,"Context-aware Go values, pages, and builders preserve the operation semantics","P08 unit and live metadata, compound, enumeration, and map-change tests"
C,global,rados_nobjects_list_seek,"CEPH_RADOS_API uint32_t rados_nobjects_list_seek(rados_list_ctx_t ctx, uint32_t pos);",rados object iterator and cursor,implemented,P08,completion of prior phases; see SPEC.md,"Context-aware Go values, pages, and builders preserve the operation semantics","P08 unit and live metadata, compound, enumeration, and map-change tests"
C,global,rados_nobjects_list_seek_cursor,"CEPH_RADOS_API uint32_t rados_nobjects_list_seek_cursor(rados_list_ctx_t ctx, rados_object_list_cursor cursor);",rados object iterator and cursor,implemented,P08,completion of prior phases; see SPEC.md,"Context-aware Go values, pages, and builders preserve the operation semantics","P08 unit and live metadata, compound, enumeration, and map-change tests"
C,global,rados_notify,"CEPH_RADOS_API int rados_notify(rados_ioctx_t io, const char *o, uint64_t ver, const char *buf, int buf_len) __attribute__((deprecated));",none,intentional-omission: deprecated or legacy API without distinct v1 behavior,P13,completion of prior phases; see SPEC.md,No deprecated compatibility alias in the initial Go API,inventory review; no runtime conformance claim
C,global,rados_notify2,"CEPH_RADOS_API int rados_notify2(rados_ioctx_t io, const char *o, const char *buf, int buf_len, uint64_t timeout_ms, char **reply_buffer, size_t *reply_buffer_len);",rados.Watch and notify methods,implemented,P09,completion of prior phases; see SPEC.md,Unified context-aware Go calls preserve native semantics and use Go-owned results,P09 unit and live watch/notify interoperability tests
C,global,rados_notify_ack,"CEPH_RADOS_API int rados_notify_ack(rados_ioctx_t io, const char *o, uint64_t notify_id, uint64_t cookie, const char *buf, int buf_len);",rados.Watch and notify methods,implemented,P09,completion of prior phases; see SPEC.md,Unified context-aware Go calls preserve native semantics and use Go-owned results,P09 unit and live watch/notify interoperability tests
C,global,rados_object_list,"CEPH_RADOS_API int rados_object_list(rados_ioctx_t io, const rados_object_list_cursor start, const rados_object_list_cursor finish, const size_t result_size, const char *filter_buf, const size_t filter_buf_len, rados_object_list_item *results, rados_object_list_cursor *next);",rados object iterator and cursor,implemented,P08,completion of prior phases; see SPEC.md,"Context-aware Go values, pages, and builders preserve the operation semantics","P08 unit and live metadata, compound, enumeration, and map-change tests"
C,global,rados_object_list_begin,CEPH_RADOS_API rados_object_list_cursor rados_object_list_begin( rados_ioctx_t io);,rados object iterator and cursor,implemented,P08,completion of prior phases; see SPEC.md,"Context-aware Go values, pages, and builders preserve the operation semantics","P08 unit and live metadata, compound, enumeration, and map-change tests"
C,global,rados_object_list_cursor_cmp,"CEPH_RADOS_API int rados_object_list_cursor_cmp(rados_ioctx_t io, rados_object_list_cursor lhs, rados_object_list_cursor rhs);",rados object iterator and cursor,implemented,P08,completion of prior phases; see SPEC.md,"Context-aware Go values, pages, and builders preserve the operation semantics","P08 unit and live metadata, compound, enumeration, and map-change tests"
C,global,rados_object_list_cursor_free,"CEPH_RADOS_API void rados_object_list_cursor_free(rados_ioctx_t io, rados_object_list_cursor cur);",rados object iterator and cursor,go-native,P08,completion of prior phases; see SPEC.md,"Go values, pages, and builders replace native iterator and allocation lifetimes","P08 ownership, pagination, and builder lifecycle tests"
C,global,rados_object_list_end,CEPH_RADOS_API rados_object_list_cursor rados_object_list_end(rados_ioctx_t io);,rados object iterator and cursor,go-native,P08,completion of prior phases; see SPEC.md,"Go values, pages, and builders replace native iterator and allocation lifetimes","P08 ownership, pagination, and builder lifecycle tests"
C,global,rados_object_list_free,"CEPH_RADOS_API void rados_object_list_free( const size_t result_size, rados_object_list_item *results);",rados object iterator and cursor,go-native,P08,completion of prior phases; see SPEC.md,"Go values, pages, and builders replace native iterator and allocation lifetimes","P08 ownership, pagination, and builder lifecycle tests"
C,global,rados_object_list_is_end,"CEPH_RADOS_API int rados_object_list_is_end(rados_ioctx_t io, rados_object_list_cursor cur);",rados object iterator and cursor,go-native,P08,completion of prior phases; see SPEC.md,"Go values, pages, and builders replace native iterator and allocation lifetimes","P08 ownership, pagination, and builder lifecycle tests"
C,global,rados_object_list_slice,"CEPH_RADOS_API void rados_object_list_slice(rados_ioctx_t io, const rados_object_list_cursor start, const rados_object_list_cursor finish, const size_t n, const size_t m, rados_object_list_cursor *split_start, rados_object_list_cursor *split_finish);",rados object iterator and cursor,implemented,P08,completion of prior phases; see SPEC.md,"Context-aware Go values, pages, and builders preserve the operation semantics","P08 unit and live metadata, compound, enumeration, and map-change tests"
C,global,rados_objects_list_close,CEPH_RADOS_API void rados_objects_list_close( rados_list_ctx_t ctx) __attribute__((deprecated));,none,intentional-omission: deprecated or legacy API without distinct v1 behavior,P13,completion of prior phases; see SPEC.md,No deprecated compatibility alias in the initial Go API,inventory review; no runtime conformance claim
C,global,rados_objects_list_get_pg_hash_position,CEPH_RADOS_API uint32_t rados_objects_list_get_pg_hash_position( rados_list_ctx_t ctx) __attribute__((deprecated));,none,intentional-omission: deprecated or legacy API without distinct v1 behavior,P13,completion of prior phases; see SPEC.md,No deprecated compatibility alias in the initial Go API,inventory review; no runtime conformance claim
C,global,rados_objects_list_next,"CEPH_RADOS_API int rados_objects_list_next( rados_list_ctx_t ctx, const char **entry, const char **key) __attribute__((deprecated));",none,intentional-omission: deprecated or legacy API without distinct v1 behavior,P13,completion of prior phases; see SPEC.md,No deprecated compatibility alias in the initial Go API,inventory review; no runtime conformance claim
C,global,rados_objects_list_open,"CEPH_RADOS_API int rados_objects_list_open( rados_ioctx_t io, rados_list_ctx_t *ctx) __attribute__((deprecated));",none,intentional-omission: deprecated or legacy API without distinct v1 behavior,P13,completion of prior phases; see SPEC.md,No deprecated compatibility alias in the initial Go API,inventory review; no runtime conformance claim
C,global,rados_objects_list_seek,"CEPH_RADOS_API uint32_t rados_objects_list_seek( rados_list_ctx_t ctx, uint32_t pos) __attribute__((deprecated));",none,intentional-omission: deprecated or legacy API without distinct v1 behavior,P13,completion of prior phases; see SPEC.md,No deprecated compatibility alias in the initial Go API,inventory review; no runtime conformance claim
C,global,rados_omap_get_end,CEPH_RADOS_API void rados_omap_get_end(rados_omap_iter_t iter);,rados metadata methods / operation builders,go-native,P08,completion of prior phases; see SPEC.md,"Go values, pages, and builders replace native iterator and allocation lifetimes","P08 ownership, pagination, and builder lifecycle tests"
C,global,rados_omap_get_next,"CEPH_RADOS_API int rados_omap_get_next(rados_omap_iter_t iter, char **key, char **val, size_t *len);",rados metadata methods / operation builders,go-native,P08,completion of prior phases; see SPEC.md,"Go values, pages, and builders replace native iterator and allocation lifetimes","P08 ownership, pagination, and builder lifecycle tests"
C,global,rados_omap_get_next2,"CEPH_RADOS_API int rados_omap_get_next2(rados_omap_iter_t iter, char **key, char **val, size_t *key_len, size_t *val_len);",rados metadata methods / operation builders,go-native,P08,completion of prior phases; see SPEC.md,"Go values, pages, and builders replace native iterator and allocation lifetimes","P08 ownership, pagination, and builder lifecycle tests"
C,global,rados_omap_iter_size,CEPH_RADOS_API unsigned int rados_omap_iter_size(rados_omap_iter_t iter);,rados metadata methods / operation builders,implemented,P08,completion of prior phases; see SPEC.md,"Context-aware Go values, pages, and builders preserve the operation semantics","P08 unit and live metadata, compound, enumeration, and map-change tests"
C,global,rados_osd_command,"CEPH_RADOS_API int rados_osd_command(rados_t cluster, int osdid, const char **cmd, size_t cmdlen, const char *inbuf, size_t inbuflen, char **outbuf, size_t *outbuflen, char **outs, size_t *outslen);",rados.Client administrative methods,implemented,P11,completion of prior phases; see SPEC.md,Context-aware Go values preserve native semantics with Go-owned command and metadata results,P11 unit and live administrative interoperability tests
C,global,rados_pg_command,"CEPH_RADOS_API int rados_pg_command(rados_t cluster, const char *pgstr, const char **cmd, size_t cmdlen, const char *inbuf, size_t inbuflen, char **outbuf, size_t *outbuflen, char **outs, size_t *outslen);",rados.Client administrative methods,implemented,P11,completion of prior phases; see SPEC.md,Context-aware Go values preserve native semantics with Go-owned command and metadata results,P11 unit and live administrative interoperability tests
C,global,rados_ping_monitor,"CEPH_RADOS_API int rados_ping_monitor(rados_t cluster, const char *mon_id, char **outstr, size_t *outstrlen);",none,intentional-omission: discovery diagnostic absent from frozen v1 contract,P04,completion of prior phases; see SPEC.md,No distinct v1 behavior requires this native diagnostic or explicit map wait,P04 API inventory review; no runtime conformance claim
C,global,rados_pool_create,"CEPH_RADOS_API int rados_pool_create(rados_t cluster, const char *pool_name);",rados.Client administrative methods,implemented,P11,completion of prior phases; see SPEC.md,Context-aware Go values preserve native semantics with Go-owned command and metadata results,P11 unit and live administrative interoperability tests
C,global,rados_pool_create_with_all,"CEPH_RADOS_API int rados_pool_create_with_all(rados_t cluster, const char *pool_name, uint64_t auid, uint8_t crush_rule_num) __attribute__((deprecated));",none,intentional-omission: deprecated or legacy API without distinct v1 behavior,P13,completion of prior phases; see SPEC.md,No deprecated compatibility alias in the initial Go API,inventory review; no runtime conformance claim
C,global,rados_pool_create_with_auid,"CEPH_RADOS_API int rados_pool_create_with_auid(rados_t cluster, const char *pool_name, uint64_t auid) __attribute__((deprecated));",none,intentional-omission: deprecated or legacy API without distinct v1 behavior,P13,completion of prior phases; see SPEC.md,No deprecated compatibility alias in the initial Go API,inventory review; no runtime conformance claim
C,global,rados_pool_create_with_crush_rule,"CEPH_RADOS_API int rados_pool_create_with_crush_rule(rados_t cluster, const char *pool_name, uint8_t crush_rule_num);",rados.Client administrative methods,intentional-omission: non-frozen P11 variant,P11,completion of prior phases; see SPEC.md,Not exposed by the certified P11 Go contract,P11 API inventory review; no runtime conformance claim
C,global,rados_pool_delete,"CEPH_RADOS_API int rados_pool_delete(rados_t cluster, const char *pool_name);",rados.Client administrative methods,implemented,P11,completion of prior phases; see SPEC.md,Context-aware Go values preserve native semantics with Go-owned command and metadata results,P11 unit and live administrative interoperability tests
C,global,rados_pool_get_base_tier,"CEPH_RADOS_API int rados_pool_get_base_tier(rados_t cluster, int64_t pool, int64_t* base_tier);",none,deferred: legacy cache tier or service/log subscription API,P13,completion of prior phases; see SPEC.md,Outside the v1 scope defined by SPEC.md,future explicit qualification
C,global,rados_pool_list,"CEPH_RADOS_API int rados_pool_list(rados_t cluster, char *buf, size_t len);",rados.Client pool/map discovery methods,implemented,P04,completion of prior phases; see SPEC.md,Context-aware discovery returns Go-owned values and immutable pool views,P04 unit and live discovery tests
C,global,rados_pool_lookup,"CEPH_RADOS_API int64_t rados_pool_lookup(rados_t cluster, const char *pool_name);",rados.Client pool/map discovery methods,implemented,P04,completion of prior phases; see SPEC.md,Context-aware discovery returns Go-owned values and immutable pool views,P04 unit and live discovery tests
C,global,rados_pool_reverse_lookup,"CEPH_RADOS_API int rados_pool_reverse_lookup(rados_t cluster, int64_t id, char *buf, size_t maxlen);",rados.Client pool/map discovery methods,implemented,P04,completion of prior phases; see SPEC.md,Context-aware discovery returns Go-owned values and immutable pool views,P04 unit and live discovery tests
C,global,rados_read,"CEPH_RADOS_API int rados_read(rados_ioctx_t io, const char *oid, char *buf, size_t len, uint64_t off);",rados.ObjectRef.Read / rados.ObjectRef.Stat,implemented,P06,completion of prior phases; see SPEC.md,Context-aware reads return Go-owned data and ObjectInfo,P06 unit and live read/stat tests
C,global,rados_read_op_assert_exists,CEPH_RADOS_API void rados_read_op_assert_exists(rados_read_op_t read_op);,rados.ReadOp / rados.WriteOp,implemented,P08,completion of prior phases; see SPEC.md,"Context-aware Go values, pages, and builders preserve the operation semantics","P08 unit and live metadata, compound, enumeration, and map-change tests"
C,global,rados_read_op_assert_version,"CEPH_RADOS_API void rados_read_op_assert_version(rados_read_op_t read_op, uint64_t ver);",rados.ReadOp / rados.WriteOp,implemented,P08,completion of prior phases; see SPEC.md,"Context-aware Go values, pages, and builders preserve the operation semantics","P08 unit and live metadata, compound, enumeration, and map-change tests"
C,global,rados_read_op_checksum,"CEPH_RADOS_API void rados_read_op_checksum(rados_read_op_t read_op, rados_checksum_type_t type, const char *init_value, size_t init_value_len, uint64_t offset, size_t len, size_t chunk_size, char *pchecksum, size_t checksum_len, int *prval);",rados specialized object methods,implemented,P10,completion of prior phases; see SPEC.md,Context-aware Go values preserve native semantics with Go-owned inputs and results,P10 unit and live specialized object interoperability tests
C,global,rados_read_op_cmpext,"CEPH_RADOS_API void rados_read_op_cmpext(rados_read_op_t read_op, const char *cmp_buf, size_t cmp_len, uint64_t off, int *prval);",rados.ReadOp / rados.WriteOp,intentional-omission: non-frozen P08 variant,P08,completion of prior phases; see SPEC.md,Not exposed by the certified P08 Go contract,P08 API inventory review; no runtime conformance claim
C,global,rados_read_op_cmpxattr,"CEPH_RADOS_API void rados_read_op_cmpxattr(rados_read_op_t read_op, const char *name, uint8_t comparison_operator, const char *value, size_t value_len);",rados metadata methods / operation builders,intentional-omission: non-frozen P08 variant,P08,completion of prior phases; see SPEC.md,Not exposed by the certified P08 Go contract,P08 API inventory review; no runtime conformance claim
C,global,rados_read_op_exec,"CEPH_RADOS_API void rados_read_op_exec(rados_read_op_t read_op, const char *cls, const char *method, const char *in_buf, size_t in_len, char **out_buf, size_t *out_len, int *prval);",rados class execution methods,implemented,P09,completion of prior phases; see SPEC.md,Unified context-aware Go calls preserve native semantics and use Go-owned results,P09 unit and live class/lock/watch interoperability tests
C,global,rados_read_op_exec_user_buf,"CEPH_RADOS_API void rados_read_op_exec_user_buf(rados_read_op_t read_op, const char *cls, const char *method, const char *in_buf, size_t in_len, char *out_buf, size_t out_len, size_t *used_len, int *prval);",rados class execution methods,implemented,P09,completion of prior phases; see SPEC.md,Unified context-aware Go calls preserve native semantics and use Go-owned results,P09 unit and live class/lock/watch interoperability tests
C,global,rados_read_op_getxattrs,"CEPH_RADOS_API void rados_read_op_getxattrs(rados_read_op_t read_op, rados_xattrs_iter_t *iter, int *prval);",rados metadata methods / operation builders,implemented,P08,completion of prior phases; see SPEC.md,"Context-aware Go values, pages, and builders preserve the operation semantics","P08 unit and live metadata, compound, enumeration, and map-change tests"
C,global,rados_read_op_omap_cmp,"CEPH_RADOS_API void rados_read_op_omap_cmp(rados_read_op_t read_op, const char *key, uint8_t comparison_operator, const char *val, size_t val_len, int *prval);",rados metadata methods / operation builders,intentional-omission: non-frozen P08 variant,P08,completion of prior phases; see SPEC.md,Not exposed by the certified P08 Go contract,P08 API inventory review; no runtime conformance claim
C,global,rados_read_op_omap_cmp2,"CEPH_RADOS_API void rados_read_op_omap_cmp2(rados_read_op_t read_op, const char *key, uint8_t comparison_operator, const char *val, size_t key_len, size_t val_len, int *prval);",rados metadata methods / operation builders,intentional-omission: non-frozen P08 variant,P08,completion of prior phases; see SPEC.md,Not exposed by the certified P08 Go contract,P08 API inventory review; no runtime conformance claim
C,global,rados_read_op_omap_get_keys,"CEPH_RADOS_API void rados_read_op_omap_get_keys(rados_read_op_t read_op, const char *start_after, uint64_t max_return, rados_omap_iter_t *iter, int *prval) __attribute__((deprecated));",none,intentional-omission: deprecated or legacy API without distinct v1 behavior,P13,completion of prior phases; see SPEC.md,No deprecated compatibility alias in the initial Go API,inventory review; no runtime conformance claim
C,global,rados_read_op_omap_get_keys2,"CEPH_RADOS_API void rados_read_op_omap_get_keys2(rados_read_op_t read_op, const char *start_after, uint64_t max_return, rados_omap_iter_t *iter, unsigned char *pmore, int *prval);",rados metadata methods / operation builders,implemented,P08,completion of prior phases; see SPEC.md,"Context-aware Go values, pages, and builders preserve the operation semantics","P08 unit and live metadata, compound, enumeration, and map-change tests"
C,global,rados_read_op_omap_get_vals,"CEPH_RADOS_API void rados_read_op_omap_get_vals(rados_read_op_t read_op, const char *start_after, const char *filter_prefix, uint64_t max_return, rados_omap_iter_t *iter, int *prval) __attribute__((deprecated));",none,intentional-omission: deprecated or legacy API without distinct v1 behavior,P13,completion of prior phases; see SPEC.md,No deprecated compatibility alias in the initial Go API,inventory review; no runtime conformance claim
C,global,rados_read_op_omap_get_vals2,"CEPH_RADOS_API void rados_read_op_omap_get_vals2(rados_read_op_t read_op, const char *start_after, const char *filter_prefix, uint64_t max_return, rados_omap_iter_t *iter, unsigned char *pmore, int *prval);",rados metadata methods / operation builders,implemented,P08,completion of prior phases; see SPEC.md,"Context-aware Go values, pages, and builders preserve the operation semantics","P08 unit and live metadata, compound, enumeration, and map-change tests"
C,global,rados_read_op_omap_get_vals_by_keys,"CEPH_RADOS_API void rados_read_op_omap_get_vals_by_keys(rados_read_op_t read_op, char const* const* keys, size_t keys_len, rados_omap_iter_t *iter, int *prval);",rados metadata methods / operation builders,implemented,P08,completion of prior phases; see SPEC.md,"Context-aware Go values, pages, and builders preserve the operation semantics","P08 unit and live metadata, compound, enumeration, and map-change tests"
C,global,rados_read_op_omap_get_vals_by_keys2,"CEPH_RADOS_API void rados_read_op_omap_get_vals_by_keys2(rados_read_op_t read_op, char const* const* keys, size_t num_keys, const size_t* key_lens, rados_omap_iter_t *iter, int *prval);",rados metadata methods / operation builders,implemented,P08,completion of prior phases; see SPEC.md,"Context-aware Go values, pages, and builders preserve the operation semantics","P08 unit and live metadata, compound, enumeration, and map-change tests"
C,global,rados_read_op_operate,"CEPH_RADOS_API int rados_read_op_operate(rados_read_op_t read_op, rados_ioctx_t io, const char *oid, int flags);",rados.ReadOp / rados.WriteOp,implemented,P08,completion of prior phases; see SPEC.md,"Context-aware Go values, pages, and builders preserve the operation semantics","P08 unit and live metadata, compound, enumeration, and map-change tests"
C,global,rados_read_op_read,"CEPH_RADOS_API void rados_read_op_read(rados_read_op_t read_op, uint64_t offset, size_t len, char *buffer, size_t *bytes_read, int *prval);",rados.ReadOp / rados.WriteOp,implemented,P08,completion of prior phases; see SPEC.md,"Context-aware Go values, pages, and builders preserve the operation semantics","P08 unit and live metadata, compound, enumeration, and map-change tests"
C,global,rados_read_op_set_flags,"CEPH_RADOS_API void rados_read_op_set_flags(rados_read_op_t read_op, int flags);",rados.ReadOp.SetFlags,implemented,P08,replicated pools on certified Ceph 20.2.4,Exposes the qualified FAILOK sub-operation flag; rejects unknown flags,P08 unit and live compound FAILOK tests
C,global,rados_read_op_stat,"CEPH_RADOS_API void rados_read_op_stat(rados_read_op_t read_op, uint64_t *psize, time_t *pmtime, int *prval);",rados.ReadOp / rados.WriteOp,implemented,P08,completion of prior phases; see SPEC.md,"Context-aware Go values, pages, and builders preserve the operation semantics","P08 unit and live metadata, compound, enumeration, and map-change tests"
C,global,rados_read_op_stat2,"CEPH_RADOS_API void rados_read_op_stat2(rados_read_op_t read_op, uint64_t *psize, struct timespec *pmtime, int *prval);",rados.ReadOp / rados.WriteOp,implemented,P08,completion of prior phases; see SPEC.md,"Context-aware Go values, pages, and builders preserve the operation semantics","P08 unit and live metadata, compound, enumeration, and map-change tests"
C,global,rados_release_read_op,CEPH_RADOS_API void rados_release_read_op(rados_read_op_t read_op);,automatic Go memory ownership,go-native,P01,none,No public deallocator,ownership and leak tests
C,global,rados_release_write_op,CEPH_RADOS_API void rados_release_write_op(rados_write_op_t write_op);,automatic Go memory ownership,go-native,P01,none,No public deallocator,ownership and leak tests
C,global,rados_remove,"CEPH_RADOS_API int rados_remove(rados_ioctx_t io, const char *oid);",rados.ObjectRef.Remove,implemented,P07,replicated pools on certified Ceph 20.2.4,Context-aware and returns OpResult version,P07 native/Go CRUD and missing-object tests
C,global,rados_rmxattr,"CEPH_RADOS_API int rados_rmxattr(rados_ioctx_t io, const char *o, const char *name);",rados metadata methods / operation builders,implemented,P08,completion of prior phases; see SPEC.md,"Context-aware Go values, pages, and builders preserve the operation semantics","P08 unit and live metadata, compound, enumeration, and map-change tests"
C,global,rados_rollback,"CEPH_RADOS_API int rados_rollback(rados_ioctx_t io, const char *oid, const char *snapname) __attribute__((deprecated));",none,intentional-omission: deprecated or legacy API without distinct v1 behavior,P13,completion of prior phases; see SPEC.md,No deprecated compatibility alias in the initial Go API,inventory review; no runtime conformance claim
C,global,rados_service_register,"CEPH_RADOS_API int rados_service_register( rados_t cluster, const char *service, const char *daemon, const char *metadata_dict);",none,deferred: legacy cache tier or service/log subscription API,P13,completion of prior phases; see SPEC.md,Outside the v1 scope defined by SPEC.md,future explicit qualification
C,global,rados_service_update_status,"CEPH_RADOS_API int rados_service_update_status( rados_t cluster, const char *status_dict);",none,deferred: legacy cache tier or service/log subscription API,P13,completion of prior phases; see SPEC.md,Outside the v1 scope defined by SPEC.md,future explicit qualification
C,global,rados_set_alloc_hint,"CEPH_RADOS_API int rados_set_alloc_hint(rados_ioctx_t io, const char *o, uint64_t expected_object_size, uint64_t expected_write_size);",rados specialized object methods,implemented,P10,completion of prior phases; see SPEC.md,Context-aware Go values preserve native semantics with Go-owned inputs and results,P10 unit and live specialized object interoperability tests
C,global,rados_set_alloc_hint2,"CEPH_RADOS_API int rados_set_alloc_hint2(rados_ioctx_t io, const char *o, uint64_t expected_object_size, uint64_t expected_write_size, uint32_t flags);",rados specialized object methods,intentional-omission: non-frozen P10 variant,P10,completion of prior phases; see SPEC.md,Not exposed by the certified P10 Go contract,P10 API inventory review; no runtime conformance claim
C,global,rados_set_osdmap_full_try,CEPH_RADOS_API void rados_set_osdmap_full_try(rados_ioctx_t io) __attribute__((deprecated));,none,intentional-omission: deprecated or legacy API without distinct v1 behavior,P13,completion of prior phases; see SPEC.md,No deprecated compatibility alias in the initial Go API,inventory review; no runtime conformance claim
C,global,rados_set_pool_full_try,CEPH_RADOS_API void rados_set_pool_full_try(rados_ioctx_t io);,rados.ReadOp / rados.WriteOp,intentional-omission: non-frozen P08 variant,P08,completion of prior phases; see SPEC.md,Not exposed by the certified P08 Go contract,P08 API inventory review; no runtime conformance claim
C,global,rados_setxattr,"CEPH_RADOS_API int rados_setxattr(rados_ioctx_t io, const char *o, const char *name, const char *buf, size_t len);",rados metadata methods / operation builders,implemented,P08,completion of prior phases; see SPEC.md,"Context-aware Go values, pages, and builders preserve the operation semantics","P08 unit and live metadata, compound, enumeration, and map-change tests"
C,global,rados_shutdown,CEPH_RADOS_API void rados_shutdown(rados_t cluster);,rados.Client / rados.Config lifecycle and configuration methods,implemented,P01/P04,completion of prior phases; see SPEC.md,"Typed, value-oriented configuration and context-aware lifecycle replace mutable native configuration",P01 lifecycle and P04 configuration tests
C,global,rados_stat,"CEPH_RADOS_API int rados_stat(rados_ioctx_t io, const char *o, uint64_t *psize, time_t *pmtime);",rados.ObjectRef.Read / rados.ObjectRef.Stat,implemented,P06,completion of prior phases; see SPEC.md,Context-aware reads return Go-owned data and ObjectInfo,P06 unit and live read/stat tests
C,global,rados_stat2,"CEPH_RADOS_API int rados_stat2(rados_ioctx_t io, const char *o, uint64_t *psize, struct timespec *pmtime);",rados.ObjectRef.Read / rados.ObjectRef.Stat,implemented,P06,completion of prior phases; see SPEC.md,Context-aware reads return Go-owned data and ObjectInfo,P06 unit and live read/stat tests
C,global,rados_trunc,"CEPH_RADOS_API int rados_trunc(rados_ioctx_t io, const char *oid, uint64_t size);",rados.ObjectRef.Truncate,implemented,P07,replicated pools on certified Ceph 20.2.4,Context-aware and returns OpResult version,P07 native/Go CRUD tests
C,global,rados_unlock,"CEPH_RADOS_API int rados_unlock(rados_ioctx_t io, const char *o, const char *name, const char *cookie);",rados lock methods,implemented,P09,completion of prior phases; see SPEC.md,Unified context-aware Go calls preserve native semantics and use Go-owned results,P09 unit and live lock interoperability tests
C,global,rados_unset_osdmap_full_try,CEPH_RADOS_API void rados_unset_osdmap_full_try(rados_ioctx_t io) __attribute__((deprecated));,none,intentional-omission: deprecated or legacy API without distinct v1 behavior,P13,completion of prior phases; see SPEC.md,No deprecated compatibility alias in the initial Go API,inventory review; no runtime conformance claim
C,global,rados_unset_pool_full_try,CEPH_RADOS_API void rados_unset_pool_full_try(rados_ioctx_t io);,rados.ReadOp / rados.WriteOp,intentional-omission: non-frozen P08 variant,P08,completion of prior phases; see SPEC.md,Not exposed by the certified P08 Go contract,P08 API inventory review; no runtime conformance claim
C,global,rados_unwatch,"CEPH_RADOS_API int rados_unwatch(rados_ioctx_t io, const char *o, uint64_t cookie) __attribute__((deprecated));",none,intentional-omission: deprecated or legacy API without distinct v1 behavior,P13,completion of prior phases; see SPEC.md,No deprecated compatibility alias in the initial Go API,inventory review; no runtime conformance claim
C,global,rados_unwatch2,"CEPH_RADOS_API int rados_unwatch2(rados_ioctx_t io, uint64_t cookie);",rados.Watch and notify methods,implemented,P09,completion of prior phases; see SPEC.md,Unified context-aware Go calls preserve native semantics and use Go-owned results,P09 unit and live watch/notify interoperability tests
C,global,rados_version,"CEPH_RADOS_API void rados_version(int *major, int *minor, int *extra);",none,intentional-omission: version API absent from frozen v1 contract,P01,none,The pure-Go module does not report a linked librados version,P01 API inventory review; no runtime conformance claim
C,global,rados_wait_for_latest_osdmap,CEPH_RADOS_API int rados_wait_for_latest_osdmap(rados_t cluster);,none,intentional-omission: discovery diagnostic absent from frozen v1 contract,P04,completion of prior phases; see SPEC.md,No distinct v1 behavior requires this native diagnostic or explicit map wait,P04 API inventory review; no runtime conformance claim
C,global,rados_watch,"CEPH_RADOS_API int rados_watch(rados_ioctx_t io, const char *o, uint64_t ver, uint64_t *cookie, rados_watchcb_t watchcb, void *arg) __attribute__((deprecated));",none,intentional-omission: deprecated or legacy API without distinct v1 behavior,P13,completion of prior phases; see SPEC.md,No deprecated compatibility alias in the initial Go API,inventory review; no runtime conformance claim
C,global,rados_watch2,"CEPH_RADOS_API int rados_watch2(rados_ioctx_t io, const char *o, uint64_t *cookie, rados_watchcb2_t watchcb, rados_watcherrcb_t watcherrcb, void *arg);",rados.Watch and notify methods,implemented,P09,completion of prior phases; see SPEC.md,Unified context-aware Go calls preserve native semantics and use Go-owned results,P09 unit and live watch/notify interoperability tests
C,global,rados_watch3,"CEPH_RADOS_API int rados_watch3(rados_ioctx_t io, const char *o, uint64_t *cookie, rados_watchcb2_t watchcb, rados_watcherrcb_t watcherrcb, uint32_t timeout, void *arg);",rados.Watch and notify methods,implemented,P09,completion of prior phases; see SPEC.md,Unified context-aware Go calls preserve native semantics and use Go-owned results,P09 unit and live watch/notify interoperability tests
C,global,rados_watch_check,"CEPH_RADOS_API int rados_watch_check(rados_ioctx_t io, uint64_t cookie);",rados.Watch and notify methods,implemented,P09,completion of prior phases; see SPEC.md,Unified context-aware Go calls preserve native semantics and use Go-owned results,P09 unit and live watch/notify interoperability tests
C,global,rados_watch_flush,CEPH_RADOS_API int rados_watch_flush(rados_t cluster);,rados.Watch and notify methods,go-native,P09,completion of prior phases; see SPEC.md,Watch draining and notify reply memory ownership are integrated into Go lifecycle and result semantics,P09 unit and live watch/notify interoperability tests
C,global,rados_write,"CEPH_RADOS_API int rados_write(rados_ioctx_t io, const char *oid, const char *buf, size_t len, uint64_t off);",rados.ObjectRef.Write,implemented,P07,replicated pools on certified Ceph 20.2.4,Checked offsets; copied input; returns OpResult version,P07 native/Go CRUD tests
C,global,rados_write_full,"CEPH_RADOS_API int rados_write_full(rados_ioctx_t io, const char *oid, const char *buf, size_t len);",rados.ObjectRef.WriteFull,implemented,P07,replicated pools on certified Ceph 20.2.4,Atomic full replacement; copied input; returns OpResult version,P07 native/Go CRUD and benchmark tests
C,global,rados_write_op_append,"CEPH_RADOS_API void rados_write_op_append(rados_write_op_t write_op, const char *buffer, size_t len);",rados.ReadOp / rados.WriteOp,implemented,P08,completion of prior phases; see SPEC.md,"Context-aware Go values, pages, and builders preserve the operation semantics","P08 unit and live metadata, compound, enumeration, and map-change tests"
C,global,rados_write_op_assert_exists,CEPH_RADOS_API void rados_write_op_assert_exists(rados_write_op_t write_op);,rados.ReadOp / rados.WriteOp,implemented,P08,completion of prior phases; see SPEC.md,"Context-aware Go values, pages, and builders preserve the operation semantics","P08 unit and live metadata, compound, enumeration, and map-change tests"
C,global,rados_write_op_assert_version,"CEPH_RADOS_API void rados_write_op_assert_version(rados_write_op_t write_op, uint64_t ver);",rados.ReadOp / rados.WriteOp,implemented,P08,completion of prior phases; see SPEC.md,"Context-aware Go values, pages, and builders preserve the operation semantics","P08 unit and live metadata, compound, enumeration, and map-change tests"
C,global,rados_write_op_cmpext,"CEPH_RADOS_API void rados_write_op_cmpext(rados_write_op_t write_op, const char *cmp_buf, size_t cmp_len, uint64_t off, int *prval);",rados.ReadOp / rados.WriteOp,implemented,P08,completion of prior phases; see SPEC.md,"Context-aware Go values, pages, and builders preserve the operation semantics","P08 unit and live metadata, compound, enumeration, and map-change tests"
C,global,rados_write_op_cmpxattr,"CEPH_RADOS_API void rados_write_op_cmpxattr(rados_write_op_t write_op, const char *name, uint8_t comparison_operator, const char *value, size_t value_len);",rados metadata methods / operation builders,intentional-omission: non-frozen P08 variant,P08,completion of prior phases; see SPEC.md,Not exposed by the certified P08 Go contract,P08 API inventory review; no runtime conformance claim
C,global,rados_write_op_create,"CEPH_RADOS_API void rados_write_op_create(rados_write_op_t write_op, int exclusive, const char* category);",rados.ReadOp / rados.WriteOp,implemented,P08,completion of prior phases; see SPEC.md,"Context-aware Go values, pages, and builders preserve the operation semantics","P08 unit and live metadata, compound, enumeration, and map-change tests"
C,global,rados_write_op_exec,"CEPH_RADOS_API void rados_write_op_exec(rados_write_op_t write_op, const char *cls, const char *method, const char *in_buf, size_t in_len, int *prval);",rados class execution methods,implemented,P09,completion of prior phases; see SPEC.md,Unified context-aware Go calls preserve native semantics and use Go-owned results,P09 unit and live class/lock/watch interoperability tests
C,global,rados_write_op_omap_clear,CEPH_RADOS_API void rados_write_op_omap_clear(rados_write_op_t write_op);,rados metadata methods / operation builders,implemented,P08,completion of prior phases; see SPEC.md,"Context-aware Go values, pages, and builders preserve the operation semantics","P08 unit and live metadata, compound, enumeration, and map-change tests"
C,global,rados_write_op_omap_cmp,"CEPH_RADOS_API void rados_write_op_omap_cmp(rados_write_op_t write_op, const char *key, uint8_t comparison_operator, const char *val, size_t val_len, int *prval);",rados metadata methods / operation builders,implemented,P08,completion of prior phases; see SPEC.md,"Context-aware Go values, pages, and builders preserve the operation semantics","P08 unit and live metadata, compound, enumeration, and map-change tests"
C,global,rados_write_op_omap_cmp2,"CEPH_RADOS_API void rados_write_op_omap_cmp2(rados_write_op_t write_op, const char *key, uint8_t comparison_operator, const char *val, size_t key_len, size_t val_len, int *prval);",rados metadata methods / operation builders,implemented,P08,completion of prior phases; see SPEC.md,"Context-aware Go values, pages, and builders preserve the operation semantics","P08 unit and live metadata, compound, enumeration, and map-change tests"
C,global,rados_write_op_omap_rm_keys,"CEPH_RADOS_API void rados_write_op_omap_rm_keys(rados_write_op_t write_op, char const* const* keys, size_t keys_len);",rados metadata methods / operation builders,implemented,P08,completion of prior phases; see SPEC.md,"Context-aware Go values, pages, and builders preserve the operation semantics","P08 unit and live metadata, compound, enumeration, and map-change tests"
C,global,rados_write_op_omap_rm_keys2,"CEPH_RADOS_API void rados_write_op_omap_rm_keys2(rados_write_op_t write_op, char const* const* keys, const size_t* key_lens, size_t keys_len);",rados metadata methods / operation builders,implemented,P08,completion of prior phases; see SPEC.md,"Context-aware Go values, pages, and builders preserve the operation semantics","P08 unit and live metadata, compound, enumeration, and map-change tests"
C,global,rados_write_op_omap_rm_range2,"CEPH_RADOS_API void rados_write_op_omap_rm_range2(rados_write_op_t write_op, const char *key_begin, size_t key_begin_len, const char *key_end, size_t key_end_len);",rados.WriteOp.RemoveOMAPRange,implemented,P08,replicated pools on certified Ceph 20.2.4,Binary-safe half-open key range in a server-owned compound,P08 codec and live metadata tests
C,global,rados_write_op_omap_set,"CEPH_RADOS_API void rados_write_op_omap_set(rados_write_op_t write_op, char const* const* keys, char const* const* vals, const size_t *lens, size_t num);",rados metadata methods / operation builders,implemented,P08,completion of prior phases; see SPEC.md,"Context-aware Go values, pages, and builders preserve the operation semantics","P08 unit and live metadata, compound, enumeration, and map-change tests"
C,global,rados_write_op_omap_set2,"CEPH_RADOS_API void rados_write_op_omap_set2(rados_write_op_t write_op, char const* const* keys, char const* const* vals, const size_t *key_lens, const size_t *val_lens, size_t num);",rados metadata methods / operation builders,implemented,P08,completion of prior phases; see SPEC.md,"Context-aware Go values, pages, and builders preserve the operation semantics","P08 unit and live metadata, compound, enumeration, and map-change tests"
C,global,rados_write_op_operate,"CEPH_RADOS_API int rados_write_op_operate(rados_write_op_t write_op, rados_ioctx_t io, const char *oid, time_t *mtime, int flags);",rados.ReadOp / rados.WriteOp,implemented,P08,completion of prior phases; see SPEC.md,"Context-aware Go values, pages, and builders preserve the operation semantics","P08 unit and live metadata, compound, enumeration, and map-change tests"
C,global,rados_write_op_operate2,"CEPH_RADOS_API int rados_write_op_operate2(rados_write_op_t write_op, rados_ioctx_t io, const char *oid, struct timespec *mtime, int flags);",rados.ReadOp / rados.WriteOp,implemented,P08,completion of prior phases; see SPEC.md,"Context-aware Go values, pages, and builders preserve the operation semantics","P08 unit and live metadata, compound, enumeration, and map-change tests"
C,global,rados_write_op_remove,CEPH_RADOS_API void rados_write_op_remove(rados_write_op_t write_op);,rados.ReadOp / rados.WriteOp,implemented,P08,completion of prior phases; see SPEC.md,"Context-aware Go values, pages, and builders preserve the operation semantics","P08 unit and live metadata, compound, enumeration, and map-change tests"
C,global,rados_write_op_rmxattr,"CEPH_RADOS_API void rados_write_op_rmxattr(rados_write_op_t write_op, const char *name);",rados metadata methods / operation builders,implemented,P08,completion of prior phases; see SPEC.md,"Context-aware Go values, pages, and builders preserve the operation semantics","P08 unit and live metadata, compound, enumeration, and map-change tests"
C,global,rados_write_op_set_alloc_hint,"CEPH_RADOS_API void rados_write_op_set_alloc_hint(rados_write_op_t write_op, uint64_t expected_object_size, uint64_t expected_write_size);",rados specialized object methods,implemented,P10,completion of prior phases; see SPEC.md,Context-aware Go values preserve native semantics with Go-owned inputs and results,P10 unit and live specialized object interoperability tests
C,global,rados_write_op_set_alloc_hint2,"CEPH_RADOS_API void rados_write_op_set_alloc_hint2(rados_write_op_t write_op, uint64_t expected_object_size, uint64_t expected_write_size, uint32_t flags);",rados specialized object methods,intentional-omission: non-frozen P10 variant,P10,completion of prior phases; see SPEC.md,Not exposed by the certified P10 Go contract,P10 API inventory review; no runtime conformance claim
C,global,rados_write_op_set_flags,"CEPH_RADOS_API void rados_write_op_set_flags(rados_write_op_t write_op, int flags);",rados.WriteOp.SetFlags,implemented,P08,replicated pools on certified Ceph 20.2.4,Exposes the qualified FAILOK sub-operation flag; preserves typed create flags,P08 unit and live compound FAILOK tests
C,global,rados_write_op_setxattr,"CEPH_RADOS_API void rados_write_op_setxattr(rados_write_op_t write_op, const char *name, const char *value, size_t value_len);",rados metadata methods / operation builders,implemented,P08,completion of prior phases; see SPEC.md,"Context-aware Go values, pages, and builders preserve the operation semantics","P08 unit and live metadata, compound, enumeration, and map-change tests"
C,global,rados_write_op_truncate,"CEPH_RADOS_API void rados_write_op_truncate(rados_write_op_t write_op, uint64_t offset);",rados.ReadOp / rados.WriteOp,implemented,P08,completion of prior phases; see SPEC.md,"Context-aware Go values, pages, and builders preserve the operation semantics","P08 unit and live metadata, compound, enumeration, and map-change tests"
C,global,rados_write_op_write,"CEPH_RADOS_API void rados_write_op_write(rados_write_op_t write_op, const char *buffer, size_t len, uint64_t offset);",rados.ReadOp / rados.WriteOp,implemented,P08,completion of prior phases; see SPEC.md,"Context-aware Go values, pages, and builders preserve the operation semantics","P08 unit and live metadata, compound, enumeration, and map-change tests"
C,global,rados_write_op_write_full,"CEPH_RADOS_API void rados_write_op_write_full(rados_write_op_t write_op, const char *buffer, size_t len);",rados.ReadOp / rados.WriteOp,implemented,P08,completion of prior phases; see SPEC.md,"Context-aware Go values, pages, and builders preserve the operation semantics","P08 unit and live metadata, compound, enumeration, and map-change tests"
C,global,rados_write_op_writesame,"CEPH_RADOS_API void rados_write_op_writesame(rados_write_op_t write_op, const char *buffer, size_t data_len, size_t write_len, uint64_t offset);",rados specialized object methods,implemented,P10,completion of prior phases; see SPEC.md,Context-aware Go values preserve native semantics with Go-owned inputs and results,P10 unit and live specialized object interoperability tests
C,global,rados_write_op_zero,"CEPH_RADOS_API void rados_write_op_zero(rados_write_op_t write_op, uint64_t offset, uint64_t len);",rados.ReadOp / rados.WriteOp,implemented,P08,completion of prior phases; see SPEC.md,"Context-aware Go values, pages, and builders preserve the operation semantics","P08 unit and live metadata, compound, enumeration, and map-change tests"
C,global,rados_writesame,"CEPH_RADOS_API int rados_writesame(rados_ioctx_t io, const char *oid, const char *buf, size_t data_len, size_t write_len, uint64_t off);",rados specialized object methods,implemented,P10,completion of prior phases; see SPEC.md,Context-aware Go values preserve native semantics with Go-owned inputs and results,P10 unit and live specialized object interoperability tests
C++,AioCompletion,AioCompletion::AioCompletion,AioCompletion(AioCompletionImpl *pc_) : pc(pc_) {},"context.Context, operation results, and rados.Client.Flush",go-native,P07,completion of prior phases; see SPEC.md,"Go context, direct results, and flush semantics replace native completions, callbacks, and last-version state","P07 context, completion, result, and flush tests"
C++,AioCompletion,AioCompletion::cancel,int cancel();,"context.Context, operation results, and rados.Client.Flush",go-native,P07,completion of prior phases; see SPEC.md,"Go context, direct results, and flush semantics replace native completions, callbacks, and last-version state","P07 context, completion, result, and flush tests"
C++,AioCompletion,AioCompletion::get_return_value,int get_return_value();,"context.Context, operation results, and rados.Client.Flush",go-native,P07,completion of prior phases; see SPEC.md,"Go context, direct results, and flush semantics replace native completions, callbacks, and last-version state","P07 context, completion, result, and flush tests"
C++,AioCompletion,AioCompletion::get_version,int get_version() __attribute__ ((deprecated));,none,intentional-omission: deprecated or legacy API without distinct v1 behavior,P13,completion of prior phases; see SPEC.md,No deprecated compatibility alias in the initial Go API,inventory review; no runtime conformance claim
C++,AioCompletion,AioCompletion::get_version64,uint64_t get_version64();,"context.Context, operation results, and rados.Client.Flush",go-native,P07,completion of prior phases; see SPEC.md,"Go context, direct results, and flush semantics replace native completions, callbacks, and last-version state","P07 context, completion, result, and flush tests"
C++,AioCompletion,AioCompletion::is_complete,bool is_complete();,"context.Context, operation results, and rados.Client.Flush",go-native,P07,completion of prior phases; see SPEC.md,"Go context, direct results, and flush semantics replace native completions, callbacks, and last-version state","P07 context, completion, result, and flush tests"
C++,AioCompletion,AioCompletion::is_complete_and_cb,bool is_complete_and_cb();,"context.Context, operation results, and rados.Client.Flush",go-native,P07,completion of prior phases; see SPEC.md,"Go context, direct results, and flush semantics replace native completions, callbacks, and last-version state","P07 context, completion, result, and flush tests"
C++,AioCompletion,AioCompletion::is_safe,bool is_safe() __attribute__ ((deprecated));,none,intentional-omission: deprecated or legacy API without distinct v1 behavior,P13,completion of prior phases; see SPEC.md,No deprecated compatibility alias in the initial Go API,inventory review; no runtime conformance claim
C++,AioCompletion,AioCompletion::is_safe_and_cb,bool is_safe_and_cb() __attribute__ ((deprecated));,none,intentional-omission: deprecated or legacy API without distinct v1 behavior,P13,completion of prior phases; see SPEC.md,No deprecated compatibility alias in the initial Go API,inventory review; no runtime conformance claim
C++,AioCompletion,AioCompletion::release,void release();,"context.Context, operation results, and rados.Client.Flush",go-native,P07,completion of prior phases; see SPEC.md,"Go context, direct results, and flush semantics replace native completions, callbacks, and last-version state","P07 context, completion, result, and flush tests"
C++,AioCompletion,AioCompletion::set_complete_callback,"int set_complete_callback(void *cb_arg, callback_t cb);","context.Context, operation results, and rados.Client.Flush",go-native,P07,completion of prior phases; see SPEC.md,"Go context, direct results, and flush semantics replace native completions, callbacks, and last-version state","P07 context, completion, result, and flush tests"
C++,AioCompletion,AioCompletion::set_safe_callback,"int set_safe_callback(void *cb_arg, callback_t cb) __attribute__ ((deprecated));",none,intentional-omission: deprecated or legacy API without distinct v1 behavior,P13,completion of prior phases; see SPEC.md,No deprecated compatibility alias in the initial Go API,inventory review; no runtime conformance claim
C++,AioCompletion,AioCompletion::wait_for_complete,int wait_for_complete();,"context.Context, operation results, and rados.Client.Flush",go-native,P07,completion of prior phases; see SPEC.md,"Go context, direct results, and flush semantics replace native completions, callbacks, and last-version state","P07 context, completion, result, and flush tests"
C++,AioCompletion,AioCompletion::wait_for_complete_and_cb,int wait_for_complete_and_cb();,"context.Context, operation results, and rados.Client.Flush",go-native,P07,completion of prior phases; see SPEC.md,"Go context, direct results, and flush semantics replace native completions, callbacks, and last-version state","P07 context, completion, result, and flush tests"
C++,AioCompletion,AioCompletion::wait_for_safe,int wait_for_safe() __attribute__ ((deprecated));,none,intentional-omission: deprecated or legacy API without distinct v1 behavior,P13,completion of prior phases; see SPEC.md,No deprecated compatibility alias in the initial Go API,inventory review; no runtime conformance claim
C++,AioCompletion,AioCompletion::wait_for_safe_and_cb,int wait_for_safe_and_cb() __attribute__ ((deprecated));,none,intentional-omission: deprecated or legacy API without distinct v1 behavior,P13,completion of prior phases; see SPEC.md,No deprecated compatibility alias in the initial Go API,inventory review; no runtime conformance claim
C++,AioCompletion,AioCompletion::~AioCompletion,~AioCompletion();,automatic Go memory ownership,go-native,P01,none,No public deallocator,ownership and leak tests
C++,IoCtx,IoCtx::IoCtx,IoCtx();,Go constructors and immutable value/builders,go-native,P01,none,Constructors and move/copy rules become Go constructors and ownership rules,API lifecycle tests
C++,IoCtx,IoCtx::IoCtx,IoCtx(IoCtx&& rhs) noexcept;,Go constructors and immutable value/builders,go-native,P01,none,Constructors and move/copy rules become Go constructors and ownership rules,API lifecycle tests
C++,IoCtx,IoCtx::IoCtx,IoCtx(const IoCtx& rhs);,Go constructors and immutable value/builders,go-native,P01,none,Constructors and move/copy rules become Go constructors and ownership rules,API lifecycle tests
C++,IoCtx,IoCtx::aio_append,"int aio_append(const std::string& oid, AioCompletion *c, const bufferlist& bl, size_t len);",rados.ObjectRef mutation methods,go-native,P07,completion of prior phases; see SPEC.md,Context-aware methods and OpResult replace native completion and callback forms,"P07 context, result, and live mutation tests"
C++,IoCtx,IoCtx::aio_cancel,int aio_cancel(AioCompletion *c);,"context.Context, operation results, and rados.Client.Flush",go-native,P07,completion of prior phases; see SPEC.md,"Go context, direct results, and flush semantics replace native completions, callbacks, and last-version state","P07 context, completion, result, and flush tests"
C++,IoCtx,IoCtx::aio_cmpext,"int aio_cmpext(const std::string& oid, librados::AioCompletion *c, uint64_t off, bufferlist& cmp_bl);",rados.ReadOp / rados.WriteOp,implemented,P08,completion of prior phases; see SPEC.md,"Context-aware Go values, pages, and builders preserve the operation semantics","P08 unit and live metadata, compound, enumeration, and map-change tests"
C++,IoCtx,IoCtx::aio_exec,"int aio_exec(const std::string& oid, AioCompletion *c, const char *cls, const char *method, bufferlist& inbl, bufferlist *outbl);",rados class execution methods,implemented,P09,completion of prior phases; see SPEC.md,Unified context-aware Go calls preserve native semantics and use Go-owned results,P09 unit and live class/lock/watch interoperability tests
C++,IoCtx,IoCtx::aio_flush,int aio_flush();,"context.Context, operation results, and rados.Client.Flush",go-native,P07,completion of prior phases; see SPEC.md,"Go context, direct results, and flush semantics replace native completions, callbacks, and last-version state","P07 context, completion, result, and flush tests"
C++,IoCtx,IoCtx::aio_flush_async,int aio_flush_async(AioCompletion *c);,"context.Context, operation results, and rados.Client.Flush",go-native,P07,completion of prior phases; see SPEC.md,"Go context, direct results, and flush semantics replace native completions, callbacks, and last-version state","P07 context, completion, result, and flush tests"
C++,IoCtx,IoCtx::aio_getxattr,"int aio_getxattr(const std::string& oid, AioCompletion *c, const char *name, bufferlist& bl);",rados metadata methods / operation builders,implemented,P08,completion of prior phases; see SPEC.md,"Context-aware Go values, pages, and builders preserve the operation semantics","P08 unit and live metadata, compound, enumeration, and map-change tests"
C++,IoCtx,IoCtx::aio_getxattrs,"int aio_getxattrs(const std::string& oid, AioCompletion *c, std::map<std::string, bufferlist>& attrset);",rados metadata methods / operation builders,implemented,P08,completion of prior phases; see SPEC.md,"Context-aware Go values, pages, and builders preserve the operation semantics","P08 unit and live metadata, compound, enumeration, and map-change tests"
C++,IoCtx,IoCtx::aio_notify,"int aio_notify(const std::string& o, AioCompletion *c, bufferlist& bl, uint64_t timeout_ms, bufferlist *pbl);",rados.Watch and notify methods,implemented,P09,completion of prior phases; see SPEC.md,Unified context-aware Go calls preserve native semantics and use Go-owned results,P09 unit and live watch/notify interoperability tests
C++,IoCtx,IoCtx::aio_operate,"int aio_operate(const std::string& oid, AioCompletion *c, ObjectReadOperation *op, bufferlist *pbl);",rados.ReadOp / rados.WriteOp,implemented,P08,completion of prior phases; see SPEC.md,"Context-aware Go values, pages, and builders preserve the operation semantics","P08 unit and live metadata, compound, enumeration, and map-change tests"
C++,IoCtx,IoCtx::aio_operate,"int aio_operate(const std::string& oid, AioCompletion *c, ObjectReadOperation *op, int flags, bufferlist *pbl);",rados.ReadOp / rados.WriteOp,implemented,P08,completion of prior phases; see SPEC.md,"Context-aware Go values, pages, and builders preserve the operation semantics","P08 unit and live metadata, compound, enumeration, and map-change tests"
C++,IoCtx,IoCtx::aio_operate,"int aio_operate(const std::string& oid, AioCompletion *c, ObjectReadOperation *op, int flags, bufferlist *pbl, const blkin_trace_info *trace_info);",rados.ReadOp / rados.WriteOp,implemented,P08,completion of prior phases; see SPEC.md,"Context-aware Go values, pages, and builders preserve the operation semantics","P08 unit and live metadata, compound, enumeration, and map-change tests"
C++,IoCtx,IoCtx::aio_operate,"int aio_operate(const std::string& oid, AioCompletion *c, ObjectReadOperation *op, snap_t snapid, int flags, bufferlist *pbl) __attribute__ ((deprecated));",none,intentional-omission: deprecated or legacy API without distinct v1 behavior,P13,completion of prior phases; see SPEC.md,No deprecated compatibility alias in the initial Go API,inventory review; no runtime conformance claim
C++,IoCtx,IoCtx::aio_operate,"int aio_operate(const std::string& oid, AioCompletion *c, ObjectWriteOperation *op);",rados.ReadOp / rados.WriteOp,implemented,P08,completion of prior phases; see SPEC.md,"Context-aware Go values, pages, and builders preserve the operation semantics","P08 unit and live metadata, compound, enumeration, and map-change tests"
C++,IoCtx,IoCtx::aio_operate,"int aio_operate(const std::string& oid, AioCompletion *c, ObjectWriteOperation *op, int flags);",rados.ReadOp / rados.WriteOp,implemented,P08,completion of prior phases; see SPEC.md,"Context-aware Go values, pages, and builders preserve the operation semantics","P08 unit and live metadata, compound, enumeration, and map-change tests"
C++,IoCtx,IoCtx::aio_operate,"int aio_operate(const std::string& oid, AioCompletion *c, ObjectWriteOperation *op, int flags, const jspan_context *trace_info);",rados.ReadOp / rados.WriteOp,implemented,P08,completion of prior phases; see SPEC.md,"Context-aware Go values, pages, and builders preserve the operation semantics","P08 unit and live metadata, compound, enumeration, and map-change tests"
C++,IoCtx,IoCtx::aio_operate,"int aio_operate(const std::string& oid, AioCompletion *c, ObjectWriteOperation *op, snap_t seq, std::vector<snap_t>& snaps);",rados.ReadOp / rados.WriteOp,implemented,P08,completion of prior phases; see SPEC.md,"Context-aware Go values, pages, and builders preserve the operation semantics","P08 unit and live metadata, compound, enumeration, and map-change tests"
C++,IoCtx,IoCtx::aio_operate,"int aio_operate(const std::string& oid, AioCompletion *c, ObjectWriteOperation *op, snap_t seq, std::vector<snap_t>& snaps, const blkin_trace_info *trace_info);",rados.ReadOp / rados.WriteOp,implemented,P08,completion of prior phases; see SPEC.md,"Context-aware Go values, pages, and builders preserve the operation semantics","P08 unit and live metadata, compound, enumeration, and map-change tests"
C++,IoCtx,IoCtx::aio_operate,"int aio_operate(const std::string& oid, AioCompletion *c, ObjectWriteOperation *op, snap_t seq, std::vector<snap_t>& snaps, int flags, const blkin_trace_info *trace_info);",rados.ReadOp / rados.WriteOp,implemented,P08,completion of prior phases; see SPEC.md,"Context-aware Go values, pages, and builders preserve the operation semantics","P08 unit and live metadata, compound, enumeration, and map-change tests"
C++,IoCtx,IoCtx::aio_read,"int aio_read(const std::string& oid, AioCompletion *c, bufferlist *pbl, size_t len, uint64_t off);",rados.ObjectRef.Read / rados.ObjectRef.Stat,go-native,P06,completion of prior phases; see SPEC.md,Context-aware methods and Go-owned results replace native completion and output buffers,"P06 context, ownership, and live read/stat tests"
C++,IoCtx,IoCtx::aio_read,"int aio_read(const std::string& oid, AioCompletion *c, bufferlist *pbl, size_t len, uint64_t off, uint64_t snapid);",rados.ObjectRef.Read / rados.ObjectRef.Stat,go-native,P06,completion of prior phases; see SPEC.md,Context-aware methods and Go-owned results replace native completion and output buffers,"P06 context, ownership, and live read/stat tests"
C++,IoCtx,IoCtx::aio_remove,"int aio_remove(const std::string& oid, AioCompletion *c);",rados.ObjectRef mutation methods,go-native,P07,completion of prior phases; see SPEC.md,Context-aware methods and OpResult replace native completion and callback forms,"P07 context, result, and live mutation tests"
C++,IoCtx,IoCtx::aio_remove,"int aio_remove(const std::string& oid, AioCompletion *c, int flags);",rados.ObjectRef mutation methods,go-native,P07,completion of prior phases; see SPEC.md,Context-aware methods and OpResult replace native completion and callback forms,"P07 context, result, and live mutation tests"
C++,IoCtx,IoCtx::aio_rmxattr,"int aio_rmxattr(const std::string& oid, AioCompletion *c, const char *name);",rados metadata methods / operation builders,implemented,P08,completion of prior phases; see SPEC.md,"Context-aware Go values, pages, and builders preserve the operation semantics","P08 unit and live metadata, compound, enumeration, and map-change tests"
C++,IoCtx,IoCtx::aio_selfmanaged_snap_create,"void aio_selfmanaged_snap_create(uint64_t *snapid, AioCompletion *c);",rados snapshot methods and immutable snapshot views,go-native,P10,completion of prior phases; see SPEC.md,Context-aware Go calls and Go-owned results replace native completion and buffer lifetimes,"P10 context, ownership, and live snapshot and EC tests"
C++,IoCtx,IoCtx::aio_selfmanaged_snap_remove,"void aio_selfmanaged_snap_remove(uint64_t snapid, AioCompletion *c);",rados snapshot methods and immutable snapshot views,go-native,P10,completion of prior phases; see SPEC.md,Context-aware Go calls and Go-owned results replace native completion and buffer lifetimes,"P10 context, ownership, and live snapshot and EC tests"
C++,IoCtx,IoCtx::aio_setxattr,"int aio_setxattr(const std::string& oid, AioCompletion *c, const char *name, bufferlist& bl);",rados metadata methods / operation builders,implemented,P08,completion of prior phases; see SPEC.md,"Context-aware Go values, pages, and builders preserve the operation semantics","P08 unit and live metadata, compound, enumeration, and map-change tests"
C++,IoCtx,IoCtx::aio_sparse_read,"int aio_sparse_read(const std::string& oid, AioCompletion *c, std::map<uint64_t,uint64_t> *m, bufferlist *data_bl, size_t len, uint64_t off);",rados specialized object methods,go-native,P10,completion of prior phases; see SPEC.md,Context-aware Go calls and Go-owned results replace native completion and buffer lifetimes,"P10 context, ownership, and live specialized object tests"
C++,IoCtx,IoCtx::aio_sparse_read,"int aio_sparse_read(const std::string& oid, AioCompletion *c, std::map<uint64_t,uint64_t> *m, bufferlist *data_bl, size_t len, uint64_t off, uint64_t snapid);",rados specialized object methods,go-native,P10,completion of prior phases; see SPEC.md,Context-aware Go calls and Go-owned results replace native completion and buffer lifetimes,"P10 context, ownership, and live specialized object tests"
C++,IoCtx,IoCtx::aio_stat,"int aio_stat(const std::string& oid, AioCompletion *c, uint64_t *psize, time_t *pmtime);",rados.ObjectRef.Read / rados.ObjectRef.Stat,go-native,P06,completion of prior phases; see SPEC.md,Context-aware methods and Go-owned results replace native completion and output buffers,"P06 context, ownership, and live read/stat tests"
C++,IoCtx,IoCtx::aio_stat2,"int aio_stat2(const std::string& oid, AioCompletion *c, uint64_t *psize, struct timespec *pts);",rados.ObjectRef.Read / rados.ObjectRef.Stat,go-native,P06,completion of prior phases; see SPEC.md,Context-aware methods and Go-owned results replace native completion and output buffers,"P06 context, ownership, and live read/stat tests"
C++,IoCtx,IoCtx::aio_unlock,"int aio_unlock(const std::string &oid, const std::string &name, const std::string &cookie, AioCompletion *c);",rados lock methods,implemented,P09,completion of prior phases; see SPEC.md,Unified context-aware Go calls preserve native semantics and use Go-owned results,P09 unit and live lock interoperability tests
C++,IoCtx,IoCtx::aio_unwatch,"int aio_unwatch(uint64_t handle, AioCompletion *c);",rados.Watch and notify methods,implemented,P09,completion of prior phases; see SPEC.md,Unified context-aware Go calls preserve native semantics and use Go-owned results,P09 unit and live watch/notify interoperability tests
C++,IoCtx,IoCtx::aio_watch,"int aio_watch(const std::string& o, AioCompletion *c, uint64_t *handle, librados::WatchCtx2 *ctx);",rados.Watch and notify methods,implemented,P09,completion of prior phases; see SPEC.md,Unified context-aware Go calls preserve native semantics and use Go-owned results,P09 unit and live watch/notify interoperability tests
C++,IoCtx,IoCtx::aio_watch2,"int aio_watch2(const std::string& o, AioCompletion *c, uint64_t *handle, librados::WatchCtx2 *ctx, uint32_t timeout);",rados.Watch and notify methods,implemented,P09,completion of prior phases; see SPEC.md,Unified context-aware Go calls preserve native semantics and use Go-owned results,P09 unit and live watch/notify interoperability tests
C++,IoCtx,IoCtx::aio_write,"int aio_write(const std::string& oid, AioCompletion *c, const bufferlist& bl, size_t len, uint64_t off);",rados.ObjectRef mutation methods,go-native,P07,completion of prior phases; see SPEC.md,Context-aware methods and OpResult replace native completion and callback forms,"P07 context, result, and live mutation tests"
C++,IoCtx,IoCtx::aio_write_full,"int aio_write_full(const std::string& oid, AioCompletion *c, const bufferlist& bl);",rados.ObjectRef mutation methods,go-native,P07,completion of prior phases; see SPEC.md,Context-aware methods and OpResult replace native completion and callback forms,"P07 context, result, and live mutation tests"
C++,IoCtx,IoCtx::aio_writesame,"int aio_writesame(const std::string& oid, AioCompletion *c, const bufferlist& bl, size_t write_len, uint64_t off);",rados specialized object methods,go-native,P10,completion of prior phases; see SPEC.md,Context-aware Go calls and Go-owned results replace native completion and buffer lifetimes,"P10 context, ownership, and live specialized object tests"
C++,IoCtx,IoCtx::append,"int append(const std::string& oid, bufferlist& bl, size_t len);",rados.ObjectRef mutation methods,implemented,P07,completion of prior phases; see SPEC.md,Context-aware mutations return versioned OpResult values,P07 unit and live mutation tests
C++,IoCtx,IoCtx::application_enable,"int application_enable(const std::string& app_name, bool force);",rados.Client administrative methods,implemented,P11,completion of prior phases; see SPEC.md,Context-aware Go values preserve native semantics with Go-owned command and metadata results,P11 unit and live administrative interoperability tests
C++,IoCtx,IoCtx::application_enable_async,"int application_enable_async(const std::string& app_name, bool force, PoolAsyncCompletion *c);",rados.Client administrative methods,go-native,P11,completion of prior phases; see SPEC.md,Context-aware Go calls replace native completion allocation,"P11 context, ownership, and live administrative tests"
C++,IoCtx,IoCtx::application_list,int application_list(std::set<std::string> *app_names);,rados.Client administrative methods,implemented,P11,completion of prior phases; see SPEC.md,Context-aware Go values preserve native semantics with Go-owned command and metadata results,P11 unit and live administrative interoperability tests
C++,IoCtx,IoCtx::application_metadata_get,"int application_metadata_get(const std::string& app_name, const std::string &key, std::string *value);",rados.Client administrative methods,implemented,P11,completion of prior phases; see SPEC.md,Context-aware Go values preserve native semantics with Go-owned command and metadata results,P11 unit and live administrative interoperability tests
C++,IoCtx,IoCtx::application_metadata_list,"int application_metadata_list(const std::string& app_name, std::map<std::string, std::string> *values);",rados.Client administrative methods,implemented,P11,completion of prior phases; see SPEC.md,Context-aware Go values preserve native semantics with Go-owned command and metadata results,P11 unit and live administrative interoperability tests
C++,IoCtx,IoCtx::application_metadata_remove,"int application_metadata_remove(const std::string& app_name, const std::string &key);",rados.Client administrative methods,implemented,P11,completion of prior phases; see SPEC.md,Context-aware Go values preserve native semantics with Go-owned command and metadata results,P11 unit and live administrative interoperability tests
C++,IoCtx,IoCtx::application_metadata_set,"int application_metadata_set(const std::string& app_name, const std::string &key, const std::string& value);",rados.Client administrative methods,implemented,P11,completion of prior phases; see SPEC.md,Context-aware Go values preserve native semantics with Go-owned command and metadata results,P11 unit and live administrative interoperability tests
C++,IoCtx,IoCtx::break_lock,"int break_lock(const std::string &oid, const std::string &name, const std::string &client, const std::string &cookie);",rados lock methods,implemented,P09,completion of prior phases; see SPEC.md,Unified context-aware Go calls preserve native semantics and use Go-owned results,P09 unit and live lock interoperability tests
C++,IoCtx,IoCtx::cache_pin,int cache_pin(const std::string& o);,none,deferred: legacy cache tier or service/log subscription API,P13,completion of prior phases; see SPEC.md,Outside the v1 scope defined by SPEC.md,future explicit qualification
C++,IoCtx,IoCtx::cache_unpin,int cache_unpin(const std::string& o);,none,deferred: legacy cache tier or service/log subscription API,P13,completion of prior phases; see SPEC.md,Outside the v1 scope defined by SPEC.md,future explicit qualification
C++,IoCtx,IoCtx::cct,config_t cct();,none,intentional-omission: native handle access violates pure-Go boundary,P01,none,No native configuration or cluster handle exists,P01 dependency and cgo audit
C++,IoCtx,IoCtx::checksum,"int checksum(const std::string& o, rados_checksum_type_t type, const bufferlist &init_value_bl, size_t len, uint64_t off, size_t chunk_size, bufferlist *pbl);",rados specialized object methods,implemented,P10,completion of prior phases; see SPEC.md,Context-aware Go values preserve native semantics with Go-owned inputs and results,P10 unit and live specialized object interoperability tests
C++,IoCtx,IoCtx::close,void close();,rados.Client / rados.Config lifecycle and configuration methods,implemented,P01/P04,completion of prior phases; see SPEC.md,"Typed, value-oriented configuration and context-aware lifecycle replace mutable native configuration",P01 lifecycle and P04 configuration tests
C++,IoCtx,IoCtx::cmpext,"int cmpext(const std::string& o, uint64_t off, bufferlist& cmp_bl);",rados.ReadOp / rados.WriteOp,implemented,P08,completion of prior phases; see SPEC.md,"Context-aware Go values, pages, and builders preserve the operation semantics","P08 unit and live metadata, compound, enumeration, and map-change tests"
C++,IoCtx,IoCtx::create,"int create(const std::string& oid, bool exclusive);",rados.ObjectRef mutation methods,implemented,P07,completion of prior phases; see SPEC.md,Context-aware mutations return versioned OpResult values,P07 unit and live mutation tests
C++,IoCtx,IoCtx::create,"int create(const std::string& oid, bool exclusive, const std::string& category);",rados.ObjectRef mutation methods,implemented,P07,completion of prior phases; see SPEC.md,Context-aware mutations return versioned OpResult values,P07 unit and live mutation tests
C++,IoCtx,IoCtx::decode_notify_response,"void decode_notify_response(bufferlist &bl, std::vector<librados::notify_ack_t> *acks, std::vector<librados::notify_timeout_t> *timeouts);",rados.Watch and notify methods,go-native,P09,completion of prior phases; see SPEC.md,Watch draining and notify reply memory ownership are integrated into Go lifecycle and result semantics,P09 unit and live watch/notify interoperability tests
C++,IoCtx,IoCtx::dup,void dup(const IoCtx& rhs);,"Go value, iterator, and ownership semantics",go-native,P01,none,C++ copy/move/operator surface is represented by idiomatic Go values,ownership and iterator tests
C++,IoCtx,IoCtx::exec,"int exec(const std::string& oid, const char *cls, const char *method, bufferlist& inbl, bufferlist& outbl);",rados class execution methods,implemented,P09,completion of prior phases; see SPEC.md,Unified context-aware Go calls preserve native semantics and use Go-owned results,P09 unit and live class/lock/watch interoperability tests
C++,IoCtx,IoCtx::from_rados_ioctx_t,"static void from_rados_ioctx_t(rados_ioctx_t p, IoCtx &pool);",none,intentional-omission: native handle interoperation violates pure-Go boundary,P00,none,No C handle exists in the distributed client,dependency and cgo audit
C++,IoCtx,IoCtx::get_auid,int get_auid(uint64_t *auid_) __attribute__ ((deprecated));,none,intentional-omission: deprecated or legacy API without distinct v1 behavior,P13,completion of prior phases; see SPEC.md,No deprecated compatibility alias in the initial Go API,inventory review; no runtime conformance claim
C++,IoCtx,IoCtx::get_id,int64_t get_id();,rados.Client pool/map discovery methods,implemented,P04,completion of prior phases; see SPEC.md,Context-aware discovery returns Go-owned values and immutable pool views,P04 unit and live discovery tests
C++,IoCtx,IoCtx::get_instance_id,uint64_t get_instance_id() const;,rados.Client / rados.Config lifecycle and configuration methods,implemented,P01/P04,completion of prior phases; see SPEC.md,"Typed, value-oriented configuration and context-aware lifecycle replace mutable native configuration",P01 lifecycle and P04 configuration tests
C++,IoCtx,IoCtx::get_last_version,uint64_t get_last_version();,"context.Context, operation results, and rados.Client.Flush",go-native,P07,completion of prior phases; see SPEC.md,"Go context, direct results, and flush semantics replace native completions, callbacks, and last-version state","P07 context, completion, result, and flush tests"
C++,IoCtx,IoCtx::get_namespace,std::string get_namespace() const;,rados.Pool.WithNamespace / rados.Pool.WithLocator,implemented,P05,completion of prior phases; see SPEC.md,Immutable pool views replace mutable ioctx namespace and locator state,P05 unit and live placement tests
C++,IoCtx,IoCtx::get_object_hash_position,uint32_t get_object_hash_position(const std::string& oid) __attribute__ ((deprecated));,none,intentional-omission: deprecated or legacy API without distinct v1 behavior,P13,completion of prior phases; see SPEC.md,No deprecated compatibility alias in the initial Go API,inventory review; no runtime conformance claim
C++,IoCtx,IoCtx::get_object_hash_position2,"int get_object_hash_position2(const std::string& oid, uint32_t *hash_position);",none,intentional-omission: placement diagnostic absent from frozen v1 contract,P05,completion of prior phases; see SPEC.md,Public hash-position diagnostics and placement-group parsing are not v1-required behavior,P05 API inventory review; no runtime conformance claim
C++,IoCtx,IoCtx::get_object_pg_hash_position,uint32_t get_object_pg_hash_position(const std::string& oid) __attribute__ ((deprecated));,none,intentional-omission: deprecated or legacy API without distinct v1 behavior,P13,completion of prior phases; see SPEC.md,No deprecated compatibility alias in the initial Go API,inventory review; no runtime conformance claim
C++,IoCtx,IoCtx::get_object_pg_hash_position2,"int get_object_pg_hash_position2(const std::string& oid, uint32_t *pg_hash_position);",none,intentional-omission: placement diagnostic absent from frozen v1 contract,P05,completion of prior phases; see SPEC.md,Public hash-position diagnostics and placement-group parsing are not v1-required behavior,P05 API inventory review; no runtime conformance claim
C++,IoCtx,IoCtx::get_pool_full_try,bool get_pool_full_try();,rados.ReadOp / rados.WriteOp,intentional-omission: non-frozen P08 variant,P08,completion of prior phases; see SPEC.md,Not exposed by the certified P08 Go contract,P08 API inventory review; no runtime conformance claim
C++,IoCtx,IoCtx::get_pool_name,std::string get_pool_name() const;,rados.Client pool/map discovery methods,implemented,P04,completion of prior phases; see SPEC.md,Context-aware discovery returns Go-owned values and immutable pool views,P04 unit and live discovery tests
C++,IoCtx,IoCtx::get_pool_name,std::string get_pool_name();,rados.Client pool/map discovery methods,implemented,P04,completion of prior phases; see SPEC.md,Context-aware discovery returns Go-owned values and immutable pool views,P04 unit and live discovery tests
C++,IoCtx,IoCtx::getxattr,"int getxattr(const std::string& oid, const char *name, bufferlist& bl);",rados metadata methods / operation builders,implemented,P08,completion of prior phases; see SPEC.md,"Context-aware Go values, pages, and builders preserve the operation semantics","P08 unit and live metadata, compound, enumeration, and map-change tests"
C++,IoCtx,IoCtx::getxattrs,"int getxattrs(const std::string& oid, std::map<std::string, bufferlist>& attrset);",rados metadata methods / operation builders,implemented,P08,completion of prior phases; see SPEC.md,"Context-aware Go values, pages, and builders preserve the operation semantics","P08 unit and live metadata, compound, enumeration, and map-change tests"
C++,IoCtx,IoCtx::hit_set_get,"int hit_set_get(uint32_t hash, AioCompletion *c, time_t stamp, bufferlist *pbl);",none,deferred: legacy cache tier or service/log subscription API,P13,completion of prior phases; see SPEC.md,Outside the v1 scope defined by SPEC.md,future explicit qualification
C++,IoCtx,IoCtx::hit_set_list,"int hit_set_list(uint32_t hash, AioCompletion *c, std::list< std::pair<time_t, time_t> > *pls);",none,deferred: legacy cache tier or service/log subscription API,P13,completion of prior phases; see SPEC.md,Outside the v1 scope defined by SPEC.md,future explicit qualification
C++,IoCtx,IoCtx::is_valid,bool is_valid() const;,"Go value, iterator, and ownership semantics",go-native,P01,none,C++ copy/move/operator surface is represented by idiomatic Go values,ownership and iterator tests
C++,IoCtx,IoCtx::list_lockers,"int list_lockers(const std::string &oid, const std::string &name, int *exclusive, std::string *tag, std::list<librados::locker_t> *lockers);",rados lock methods,implemented,P09,completion of prior phases; see SPEC.md,Unified context-aware Go calls preserve native semantics and use Go-owned results,P09 unit and live lock interoperability tests
C++,IoCtx,IoCtx::list_snaps,"int list_snaps(const std::string& o, snap_set_t *out_snaps);",rados snapshot methods and immutable snapshot views,intentional-omission: non-frozen P10 variant,P10,completion of prior phases; see SPEC.md,Not exposed by the certified P10 Go contract,P10 API inventory review; no runtime conformance claim
C++,IoCtx,IoCtx::list_watchers,"int list_watchers(const std::string& o, std::list<obj_watch_t> *out_watchers);",rados.Watch and notify methods,implemented,P09,completion of prior phases; see SPEC.md,Unified context-aware Go calls preserve native semantics and use Go-owned results,P09 unit and live watch/notify interoperability tests
C++,IoCtx,IoCtx::locator_set_key,void locator_set_key(const std::string& key);,rados.Pool.WithNamespace / rados.Pool.WithLocator,implemented,P05,completion of prior phases; see SPEC.md,Immutable pool views replace mutable ioctx namespace and locator state,P05 unit and live placement tests
C++,IoCtx,IoCtx::lock_exclusive,"int lock_exclusive(const std::string &oid, const std::string &name, const std::string &cookie, const std::string &description, struct timeval * duration, uint8_t flags);",rados lock methods,implemented,P09,completion of prior phases; see SPEC.md,Unified context-aware Go calls preserve native semantics and use Go-owned results,P09 unit and live lock interoperability tests
C++,IoCtx,IoCtx::lock_shared,"int lock_shared(const std::string &oid, const std::string &name, const std::string &cookie, const std::string &tag, const std::string &description, struct timeval * duration, uint8_t flags);",rados lock methods,implemented,P09,completion of prior phases; see SPEC.md,Unified context-aware Go calls preserve native semantics and use Go-owned results,P09 unit and live lock interoperability tests
C++,IoCtx,IoCtx::mapext,"int mapext(const std::string& o, uint64_t off, size_t len, std::map<uint64_t,uint64_t>& m);",rados specialized object methods,intentional-omission: non-frozen P10 variant,P10,completion of prior phases; see SPEC.md,Not exposed by the certified P10 Go contract,P10 API inventory review; no runtime conformance claim
C++,IoCtx,IoCtx::nobjects_begin,NObjectIterator nobjects_begin(const bufferlist &filter=bufferlist());,rados object iterator and cursor,implemented,P08,completion of prior phases; see SPEC.md,"Context-aware Go values, pages, and builders preserve the operation semantics","P08 unit and live metadata, compound, enumeration, and map-change tests"
C++,IoCtx,IoCtx::nobjects_begin,"NObjectIterator nobjects_begin(const librados::ObjectCursor& cursor, const bufferlist &filter=bufferlist());",rados object iterator and cursor,implemented,P08,completion of prior phases; see SPEC.md,"Context-aware Go values, pages, and builders preserve the operation semantics","P08 unit and live metadata, compound, enumeration, and map-change tests"
C++,IoCtx,IoCtx::nobjects_begin,"NObjectIterator nobjects_begin(uint32_t start_hash_position, const bufferlist &filter=bufferlist());",rados object iterator and cursor,implemented,P08,completion of prior phases; see SPEC.md,"Context-aware Go values, pages, and builders preserve the operation semantics","P08 unit and live metadata, compound, enumeration, and map-change tests"
C++,IoCtx,IoCtx::nobjects_end,const NObjectIterator& nobjects_end() const;,rados object iterator and cursor,go-native,P08,completion of prior phases; see SPEC.md,"Go values, pages, and builders replace native iterator and allocation lifetimes","P08 ownership, pagination, and builder lifecycle tests"
C++,IoCtx,IoCtx::notify,"int notify(const std::string& o, uint64_t ver, bufferlist& bl) __attribute__ ((deprecated));",none,intentional-omission: deprecated or legacy API without distinct v1 behavior,P13,completion of prior phases; see SPEC.md,No deprecated compatibility alias in the initial Go API,inventory review; no runtime conformance claim
C++,IoCtx,IoCtx::notify2,"int notify2(const std::string& o, bufferlist& bl, uint64_t timeout_ms, bufferlist *pbl);",rados.Watch and notify methods,implemented,P09,completion of prior phases; see SPEC.md,Unified context-aware Go calls preserve native semantics and use Go-owned results,P09 unit and live watch/notify interoperability tests
C++,IoCtx,IoCtx::notify_ack,"void notify_ack(const std::string& o, uint64_t notify_id, uint64_t cookie, bufferlist& bl);",rados.Watch and notify methods,implemented,P09,completion of prior phases; see SPEC.md,Unified context-aware Go calls preserve native semantics and use Go-owned results,P09 unit and live watch/notify interoperability tests
C++,IoCtx,IoCtx::object_list,"int object_list(const ObjectCursor &start, const ObjectCursor &finish, const size_t result_count, const bufferlist &filter, std::vector<ObjectItem> *result, ObjectCursor *next);",rados object iterator and cursor,implemented,P08,completion of prior phases; see SPEC.md,"Context-aware Go values, pages, and builders preserve the operation semantics","P08 unit and live metadata, compound, enumeration, and map-change tests"
C++,IoCtx,IoCtx::object_list_begin,ObjectCursor object_list_begin();,rados object iterator and cursor,implemented,P08,completion of prior phases; see SPEC.md,"Context-aware Go values, pages, and builders preserve the operation semantics","P08 unit and live metadata, compound, enumeration, and map-change tests"
C++,IoCtx,IoCtx::object_list_end,ObjectCursor object_list_end();,rados object iterator and cursor,go-native,P08,completion of prior phases; see SPEC.md,"Go values, pages, and builders replace native iterator and allocation lifetimes","P08 ownership, pagination, and builder lifecycle tests"
C++,IoCtx,IoCtx::object_list_is_end,bool object_list_is_end(const ObjectCursor &oc);,rados object iterator and cursor,go-native,P08,completion of prior phases; see SPEC.md,"Go values, pages, and builders replace native iterator and allocation lifetimes","P08 ownership, pagination, and builder lifecycle tests"
C++,IoCtx,IoCtx::object_list_slice,"void object_list_slice( const ObjectCursor start, const ObjectCursor finish, const size_t n, const size_t m, ObjectCursor *split_start, ObjectCursor *split_finish);",rados object iterator and cursor,implemented,P08,completion of prior phases; see SPEC.md,"Context-aware Go values, pages, and builders preserve the operation semantics","P08 unit and live metadata, compound, enumeration, and map-change tests"
C++,IoCtx,IoCtx::omap_clear,int omap_clear(const std::string& oid);,rados metadata methods / operation builders,implemented,P08,completion of prior phases; see SPEC.md,"Context-aware Go values, pages, and builders preserve the operation semantics","P08 unit and live metadata, compound, enumeration, and map-change tests"
C++,IoCtx,IoCtx::omap_get_header,"int omap_get_header(const std::string& oid, bufferlist *bl);",rados.ObjectRef.GetOMAPHeader,implemented,P08,replicated pools on certified Ceph 20.2.4,Returns caller-owned header bytes,P08 unit and live metadata tests
C++,IoCtx,IoCtx::omap_get_keys,"int omap_get_keys(const std::string& oid, const std::string& start_after, uint64_t max_return, std::set<std::string> *out_keys);",rados metadata methods / operation builders,implemented,P08,completion of prior phases; see SPEC.md,"Context-aware Go values, pages, and builders preserve the operation semantics","P08 unit and live metadata, compound, enumeration, and map-change tests"
C++,IoCtx,IoCtx::omap_get_keys2,"int omap_get_keys2(const std::string& oid, const std::string& start_after, uint64_t max_return, std::set<std::string> *out_keys, bool *pmore);",rados metadata methods / operation builders,implemented,P08,completion of prior phases; see SPEC.md,"Context-aware Go values, pages, and builders preserve the operation semantics","P08 unit and live metadata, compound, enumeration, and map-change tests"
C++,IoCtx,IoCtx::omap_get_vals,"int omap_get_vals(const std::string& oid, const std::string& start_after, const std::string& filter_prefix, uint64_t max_return, std::map<std::string, bufferlist> *out_vals);",rados metadata methods / operation builders,implemented,P08,completion of prior phases; see SPEC.md,"Context-aware Go values, pages, and builders preserve the operation semantics","P08 unit and live metadata, compound, enumeration, and map-change tests"
C++,IoCtx,IoCtx::omap_get_vals,"int omap_get_vals(const std::string& oid, const std::string& start_after, uint64_t max_return, std::map<std::string, bufferlist> *out_vals);",rados metadata methods / operation builders,implemented,P08,completion of prior phases; see SPEC.md,"Context-aware Go values, pages, and builders preserve the operation semantics","P08 unit and live metadata, compound, enumeration, and map-change tests"
C++,IoCtx,IoCtx::omap_get_vals2,"int omap_get_vals2(const std::string& oid, const std::string& start_after, const std::string& filter_prefix, uint64_t max_return, std::map<std::string, bufferlist> *out_vals, bool *pmore);",rados metadata methods / operation builders,implemented,P08,completion of prior phases; see SPEC.md,"Context-aware Go values, pages, and builders preserve the operation semantics","P08 unit and live metadata, compound, enumeration, and map-change tests"
C++,IoCtx,IoCtx::omap_get_vals2,"int omap_get_vals2(const std::string& oid, const std::string& start_after, uint64_t max_return, std::map<std::string, bufferlist> *out_vals, bool *pmore);",rados metadata methods / operation builders,implemented,P08,completion of prior phases; see SPEC.md,"Context-aware Go values, pages, and builders preserve the operation semantics","P08 unit and live metadata, compound, enumeration, and map-change tests"
C++,IoCtx,IoCtx::omap_get_vals_by_keys,"int omap_get_vals_by_keys(const std::string& oid, const std::set<std::string>& keys, std::map<std::string, bufferlist> *vals);",rados.ObjectRef.GetOMAP,implemented,P08,replicated pools on certified Ceph 20.2.4,Binary-safe key selection returns caller-owned entries,P08 codec and live metadata tests
C++,IoCtx,IoCtx::omap_rm_keys,"int omap_rm_keys(const std::string& oid, const std::set<std::string>& keys);",rados metadata methods / operation builders,implemented,P08,completion of prior phases; see SPEC.md,"Context-aware Go values, pages, and builders preserve the operation semantics","P08 unit and live metadata, compound, enumeration, and map-change tests"
C++,IoCtx,IoCtx::omap_set,"int omap_set(const std::string& oid, const std::map<std::string, bufferlist>& map);",rados metadata methods / operation builders,implemented,P08,completion of prior phases; see SPEC.md,"Context-aware Go values, pages, and builders preserve the operation semantics","P08 unit and live metadata, compound, enumeration, and map-change tests"
C++,IoCtx,IoCtx::omap_set_header,"int omap_set_header(const std::string& oid, const bufferlist& bl);",rados metadata methods / operation builders,implemented,P08,completion of prior phases; see SPEC.md,"Context-aware Go values, pages, and builders preserve the operation semantics","P08 unit and live metadata, compound, enumeration, and map-change tests"
C++,IoCtx,IoCtx::operate,"int operate(const std::string& oid, ObjectReadOperation *op, bufferlist *pbl);",rados.ReadOp / rados.WriteOp,implemented,P08,completion of prior phases; see SPEC.md,"Context-aware Go values, pages, and builders preserve the operation semantics","P08 unit and live metadata, compound, enumeration, and map-change tests"
C++,IoCtx,IoCtx::operate,"int operate(const std::string& oid, ObjectReadOperation *op, bufferlist *pbl, int flags);",rados.ReadOp / rados.WriteOp,implemented,P08,completion of prior phases; see SPEC.md,"Context-aware Go values, pages, and builders preserve the operation semantics","P08 unit and live metadata, compound, enumeration, and map-change tests"
C++,IoCtx,IoCtx::operate,"int operate(const std::string& oid, ObjectWriteOperation *op);",rados.ReadOp / rados.WriteOp,implemented,P08,completion of prior phases; see SPEC.md,"Context-aware Go values, pages, and builders preserve the operation semantics","P08 unit and live metadata, compound, enumeration, and map-change tests"
C++,IoCtx,IoCtx::operate,"int operate(const std::string& oid, ObjectWriteOperation *op, int flags);",rados.ReadOp / rados.WriteOp,implemented,P08,completion of prior phases; see SPEC.md,"Context-aware Go values, pages, and builders preserve the operation semantics","P08 unit and live metadata, compound, enumeration, and map-change tests"
C++,IoCtx,IoCtx::operate,"int operate(const std::string& oid, ObjectWriteOperation *op, int flags, const jspan_context *trace_info);",rados.ReadOp / rados.WriteOp,implemented,P08,completion of prior phases; see SPEC.md,"Context-aware Go values, pages, and builders preserve the operation semantics","P08 unit and live metadata, compound, enumeration, and map-change tests"
C++,IoCtx,IoCtx::operator=,IoCtx& operator=(IoCtx&& rhs) noexcept;,"Go value, iterator, and ownership semantics",go-native,P01,none,C++ copy/move/operator surface is represented by idiomatic Go values,ownership and iterator tests
C++,IoCtx,IoCtx::operator=,IoCtx& operator=(const IoCtx& rhs);,"Go value, iterator, and ownership semantics",go-native,P01,none,C++ copy/move/operator surface is represented by idiomatic Go values,ownership and iterator tests
C++,IoCtx,IoCtx::pool_required_alignment,uint64_t pool_required_alignment();,rados specialized object methods,intentional-omission: non-frozen P10 variant,P10,completion of prior phases; see SPEC.md,Not exposed by the certified P10 Go contract,P10 API inventory review; no runtime conformance claim
C++,IoCtx,IoCtx::pool_required_alignment2,int pool_required_alignment2(uint64_t * alignment);,rados specialized object methods,implemented,P10,completion of prior phases; see SPEC.md,Context-aware Go values preserve native semantics with Go-owned inputs and results,P10 unit and live specialized object interoperability tests
C++,IoCtx,IoCtx::pool_requires_alignment,bool pool_requires_alignment();,rados specialized object methods,intentional-omission: non-frozen P10 variant,P10,completion of prior phases; see SPEC.md,Not exposed by the certified P10 Go contract,P10 API inventory review; no runtime conformance claim
C++,IoCtx,IoCtx::pool_requires_alignment2,int pool_requires_alignment2(bool * req);,rados specialized object methods,implemented,P10,completion of prior phases; see SPEC.md,Context-aware Go values preserve native semantics with Go-owned inputs and results,P10 unit and live specialized object interoperability tests
C++,IoCtx,IoCtx::read,"int read(const std::string& oid, bufferlist& bl, size_t len, uint64_t off);",rados.ObjectRef.Read / rados.ObjectRef.Stat,implemented,P06,completion of prior phases; see SPEC.md,Context-aware reads return Go-owned data and ObjectInfo,P06 unit and live read/stat tests
C++,IoCtx,IoCtx::remove,int remove(const std::string& oid);,rados.ObjectRef mutation methods,implemented,P07,completion of prior phases; see SPEC.md,Context-aware mutations return versioned OpResult values,P07 unit and live mutation tests
C++,IoCtx,IoCtx::remove,"int remove(const std::string& oid, int flags);",rados.ObjectRef mutation methods,implemented,P07,completion of prior phases; see SPEC.md,Context-aware mutations return versioned OpResult values,P07 unit and live mutation tests
C++,IoCtx,IoCtx::rmxattr,"int rmxattr(const std::string& oid, const char *name);",rados metadata methods / operation builders,implemented,P08,completion of prior phases; see SPEC.md,"Context-aware Go values, pages, and builders preserve the operation semantics","P08 unit and live metadata, compound, enumeration, and map-change tests"
C++,IoCtx,IoCtx::rollback,"int rollback(const std::string& oid, const char *snapname) __attribute__ ((deprecated));",none,intentional-omission: deprecated or legacy API without distinct v1 behavior,P13,completion of prior phases; see SPEC.md,No deprecated compatibility alias in the initial Go API,inventory review; no runtime conformance claim
C++,IoCtx,IoCtx::selfmanaged_snap_create,int selfmanaged_snap_create(uint64_t *snapid);,rados snapshot methods and immutable snapshot views,implemented,P10,completion of prior phases; see SPEC.md,Context-aware Go values preserve native semantics with Go-owned inputs and results,P10 unit and live snapshot and EC interoperability tests
C++,IoCtx,IoCtx::selfmanaged_snap_remove,int selfmanaged_snap_remove(uint64_t snapid);,rados snapshot methods and immutable snapshot views,implemented,P10,completion of prior phases; see SPEC.md,Context-aware Go values preserve native semantics with Go-owned inputs and results,P10 unit and live snapshot and EC interoperability tests
C++,IoCtx,IoCtx::selfmanaged_snap_rollback,"int selfmanaged_snap_rollback(const std::string& oid, uint64_t snapid);",rados snapshot methods and immutable snapshot views,implemented,P10,completion of prior phases; see SPEC.md,Context-aware Go values preserve native semantics with Go-owned inputs and results,P10 unit and live snapshot and EC interoperability tests
C++,IoCtx,IoCtx::selfmanaged_snap_set_write_ctx,"int selfmanaged_snap_set_write_ctx(snap_t seq, std::vector<snap_t>& snaps);",rados snapshot methods and immutable snapshot views,implemented,P10,completion of prior phases; see SPEC.md,Context-aware Go values preserve native semantics with Go-owned inputs and results,P10 unit and live snapshot and EC interoperability tests
C++,IoCtx,IoCtx::set_alloc_hint,"int set_alloc_hint(const std::string& o, uint64_t expected_object_size, uint64_t expected_write_size);",rados specialized object methods,implemented,P10,completion of prior phases; see SPEC.md,Context-aware Go values preserve native semantics with Go-owned inputs and results,P10 unit and live specialized object interoperability tests
C++,IoCtx,IoCtx::set_alloc_hint2,"int set_alloc_hint2(const std::string& o, uint64_t expected_object_size, uint64_t expected_write_size, uint32_t flags);",rados specialized object methods,intentional-omission: non-frozen P10 variant,P10,completion of prior phases; see SPEC.md,Not exposed by the certified P10 Go contract,P10 API inventory review; no runtime conformance claim
C++,IoCtx,IoCtx::set_assert_version,void set_assert_version(uint64_t ver);,rados.ReadOp / rados.WriteOp,implemented,P08,completion of prior phases; see SPEC.md,"Context-aware Go values, pages, and builders preserve the operation semantics","P08 unit and live metadata, compound, enumeration, and map-change tests"
C++,IoCtx,IoCtx::set_auid,int set_auid(uint64_t auid_) __attribute__ ((deprecated));,none,intentional-omission: deprecated or legacy API without distinct v1 behavior,P13,completion of prior phases; see SPEC.md,No deprecated compatibility alias in the initial Go API,inventory review; no runtime conformance claim
C++,IoCtx,IoCtx::set_auid_async,"int set_auid_async(uint64_t auid_, PoolAsyncCompletion *c) __attribute__ ((deprecated));",none,intentional-omission: deprecated or legacy API without distinct v1 behavior,P13,completion of prior phases; see SPEC.md,No deprecated compatibility alias in the initial Go API,inventory review; no runtime conformance claim
C++,IoCtx,IoCtx::set_namespace,void set_namespace(const std::string& nspace);,rados.Pool.WithNamespace / rados.Pool.WithLocator,implemented,P05,completion of prior phases; see SPEC.md,Immutable pool views replace mutable ioctx namespace and locator state,P05 unit and live placement tests
C++,IoCtx,IoCtx::set_notify_timeout,void set_notify_timeout(uint32_t timeout);,rados.Watch and notify methods,implemented,P09,completion of prior phases; see SPEC.md,Unified context-aware Go calls preserve native semantics and use Go-owned results,P09 unit and live watch/notify interoperability tests
C++,IoCtx,IoCtx::set_osdmap_full_try,void set_osdmap_full_try() __attribute__ ((deprecated));,none,intentional-omission: deprecated or legacy API without distinct v1 behavior,P13,completion of prior phases; see SPEC.md,No deprecated compatibility alias in the initial Go API,inventory review; no runtime conformance claim
C++,IoCtx,IoCtx::set_pool_full_try,void set_pool_full_try();,rados.ReadOp / rados.WriteOp,intentional-omission: non-frozen P08 variant,P08,completion of prior phases; see SPEC.md,Not exposed by the certified P08 Go contract,P08 API inventory review; no runtime conformance claim
C++,IoCtx,IoCtx::setxattr,"int setxattr(const std::string& oid, const char *name, bufferlist& bl);",rados metadata methods / operation builders,implemented,P08,completion of prior phases; see SPEC.md,"Context-aware Go values, pages, and builders preserve the operation semantics","P08 unit and live metadata, compound, enumeration, and map-change tests"
C++,IoCtx,IoCtx::snap_create,int snap_create(const char *snapname);,rados snapshot methods and immutable snapshot views,implemented,P10,completion of prior phases; see SPEC.md,Context-aware Go values preserve native semantics with Go-owned inputs and results,P10 unit and live snapshot and EC interoperability tests
C++,IoCtx,IoCtx::snap_get_name,"int snap_get_name(snap_t snapid, std::string *s);",rados snapshot methods and immutable snapshot views,implemented,P10,completion of prior phases; see SPEC.md,Context-aware Go values preserve native semantics with Go-owned inputs and results,P10 unit and live snapshot and EC interoperability tests
C++,IoCtx,IoCtx::snap_get_stamp,"int snap_get_stamp(snap_t snapid, time_t *t);",rados snapshot methods and immutable snapshot views,implemented,P10,completion of prior phases; see SPEC.md,Context-aware Go values preserve native semantics with Go-owned inputs and results,P10 unit and live snapshot and EC interoperability tests
C++,IoCtx,IoCtx::snap_list,int snap_list(std::vector<snap_t> *snaps);,rados snapshot methods and immutable snapshot views,implemented,P10,completion of prior phases; see SPEC.md,Context-aware Go values preserve native semantics with Go-owned inputs and results,P10 unit and live snapshot and EC interoperability tests
C++,IoCtx,IoCtx::snap_lookup,"int snap_lookup(const char *snapname, snap_t *snap);",rados snapshot methods and immutable snapshot views,implemented,P10,completion of prior phases; see SPEC.md,Context-aware Go values preserve native semantics with Go-owned inputs and results,P10 unit and live snapshot and EC interoperability tests
C++,IoCtx,IoCtx::snap_remove,int snap_remove(const char *snapname);,rados snapshot methods and immutable snapshot views,implemented,P10,completion of prior phases; see SPEC.md,Context-aware Go values preserve native semantics with Go-owned inputs and results,P10 unit and live snapshot and EC interoperability tests
C++,IoCtx,IoCtx::snap_rollback,"int snap_rollback(const std::string& oid, const char *snapname);",rados snapshot methods and immutable snapshot views,implemented,P10,completion of prior phases; see SPEC.md,Context-aware Go values preserve native semantics with Go-owned inputs and results,P10 unit and live snapshot and EC interoperability tests
C++,IoCtx,IoCtx::snap_set_read,void snap_set_read(snap_t seq);,rados snapshot methods and immutable snapshot views,implemented,P10,completion of prior phases; see SPEC.md,Context-aware Go values preserve native semantics with Go-owned inputs and results,P10 unit and live snapshot and EC interoperability tests
C++,IoCtx,IoCtx::sparse_read,"int sparse_read(const std::string& o, std::map<uint64_t,uint64_t>& m, bufferlist& bl, size_t len, uint64_t off);",rados specialized object methods,implemented,P10,completion of prior phases; see SPEC.md,Context-aware Go values preserve native semantics with Go-owned inputs and results,P10 unit and live specialized object interoperability tests
C++,IoCtx,IoCtx::stat,"int stat(const std::string& oid, uint64_t *psize, time_t *pmtime);",rados.ObjectRef.Read / rados.ObjectRef.Stat,implemented,P06,completion of prior phases; see SPEC.md,Context-aware reads return Go-owned data and ObjectInfo,P06 unit and live read/stat tests
C++,IoCtx,IoCtx::stat2,"int stat2(const std::string& oid, uint64_t *psize, struct timespec *pts);",rados.ObjectRef.Read / rados.ObjectRef.Stat,implemented,P06,completion of prior phases; see SPEC.md,Context-aware reads return Go-owned data and ObjectInfo,P06 unit and live read/stat tests
C++,IoCtx,IoCtx::tmap_update,"int tmap_update(const std::string& oid, bufferlist& cmdbl);",none,intentional-omission: deprecated or legacy API without distinct v1 behavior,P13,completion of prior phases; see SPEC.md,No deprecated compatibility alias in the initial Go API,inventory review; no runtime conformance claim
C++,IoCtx,IoCtx::trunc,"int trunc(const std::string& oid, uint64_t size);",rados.ObjectRef mutation methods,implemented,P07,completion of prior phases; see SPEC.md,Context-aware mutations return versioned OpResult values,P07 unit and live mutation tests
C++,IoCtx,IoCtx::unlock,"int unlock(const std::string &oid, const std::string &name, const std::string &cookie);",rados lock methods,implemented,P09,completion of prior phases; see SPEC.md,Unified context-aware Go calls preserve native semantics and use Go-owned results,P09 unit and live lock interoperability tests
C++,IoCtx,IoCtx::unset_osdmap_full_try,void unset_osdmap_full_try() __attribute__ ((deprecated));,none,intentional-omission: deprecated or legacy API without distinct v1 behavior,P13,completion of prior phases; see SPEC.md,No deprecated compatibility alias in the initial Go API,inventory review; no runtime conformance claim
C++,IoCtx,IoCtx::unset_pool_full_try,void unset_pool_full_try();,rados.ReadOp / rados.WriteOp,intentional-omission: non-frozen P08 variant,P08,completion of prior phases; see SPEC.md,Not exposed by the certified P08 Go contract,P08 API inventory review; no runtime conformance claim
C++,IoCtx,IoCtx::unwatch,"int unwatch(const std::string& o, uint64_t cookie) __attribute__ ((deprecated));",none,intentional-omission: deprecated or legacy API without distinct v1 behavior,P13,completion of prior phases; see SPEC.md,No deprecated compatibility alias in the initial Go API,inventory review; no runtime conformance claim
C++,IoCtx,IoCtx::unwatch2,int unwatch2(uint64_t handle);,rados.Watch and notify methods,implemented,P09,completion of prior phases; see SPEC.md,Unified context-aware Go calls preserve native semantics and use Go-owned results,P09 unit and live watch/notify interoperability tests
C++,IoCtx,IoCtx::watch,"int watch(const std::string& o, uint64_t ver, uint64_t *cookie, librados::WatchCtx *ctx) __attribute__ ((deprecated));",none,intentional-omission: deprecated or legacy API without distinct v1 behavior,P13,completion of prior phases; see SPEC.md,No deprecated compatibility alias in the initial Go API,inventory review; no runtime conformance claim
C++,IoCtx,IoCtx::watch2,"int watch2(const std::string& o, uint64_t *handle, librados::WatchCtx2 *ctx);",rados.Watch and notify methods,implemented,P09,completion of prior phases; see SPEC.md,Unified context-aware Go calls preserve native semantics and use Go-owned results,P09 unit and live watch/notify interoperability tests
C++,IoCtx,IoCtx::watch3,"int watch3(const std::string& o, uint64_t *handle, librados::WatchCtx2 *ctx, uint32_t timeout);",rados.Watch and notify methods,implemented,P09,completion of prior phases; see SPEC.md,Unified context-aware Go calls preserve native semantics and use Go-owned results,P09 unit and live watch/notify interoperability tests
C++,IoCtx,IoCtx::watch_check,int watch_check(uint64_t cookie);,rados.Watch and notify methods,implemented,P09,completion of prior phases; see SPEC.md,Unified context-aware Go calls preserve native semantics and use Go-owned results,P09 unit and live watch/notify interoperability tests
C++,IoCtx,IoCtx::write,"int write(const std::string& oid, bufferlist& bl, size_t len, uint64_t off);",rados.ObjectRef mutation methods,implemented,P07,completion of prior phases; see SPEC.md,Context-aware mutations return versioned OpResult values,P07 unit and live mutation tests
C++,IoCtx,IoCtx::write_full,"int write_full(const std::string& oid, bufferlist& bl);",rados.ObjectRef mutation methods,implemented,P07,completion of prior phases; see SPEC.md,Context-aware mutations return versioned OpResult values,P07 unit and live mutation tests
C++,IoCtx,IoCtx::writesame,"int writesame(const std::string& oid, bufferlist& bl, size_t write_len, uint64_t off);",rados specialized object methods,implemented,P10,completion of prior phases; see SPEC.md,Context-aware Go values preserve native semantics with Go-owned inputs and results,P10 unit and live specialized object interoperability tests
C++,IoCtx,IoCtx::~IoCtx,~IoCtx();,automatic Go memory ownership,go-native,P01,none,No public deallocator,ownership and leak tests
C++,ListObject,ListObject::ListObject,ListObject( const ListObject&);,rados object iterator and cursor,go-native,P08,completion of prior phases; see SPEC.md,"Go values, pages, and builders replace native iterator and allocation lifetimes","P08 ownership, pagination, and builder lifecycle tests"
C++,ListObject,ListObject::ListObject,ListObject();,rados object iterator and cursor,go-native,P08,completion of prior phases; see SPEC.md,"Go values, pages, and builders replace native iterator and allocation lifetimes","P08 ownership, pagination, and builder lifecycle tests"
C++,ListObject,ListObject::get_locator,const std::string& get_locator() const;,rados object iterator and cursor,implemented,P08,completion of prior phases; see SPEC.md,"Context-aware Go values, pages, and builders preserve the operation semantics","P08 unit and live metadata, compound, enumeration, and map-change tests"
C++,ListObject,ListObject::get_nspace,const std::string& get_nspace() const;,rados object iterator and cursor,implemented,P08,completion of prior phases; see SPEC.md,"Context-aware Go values, pages, and builders preserve the operation semantics","P08 unit and live metadata, compound, enumeration, and map-change tests"
C++,ListObject,ListObject::get_oid,const std::string& get_oid() const;,rados object iterator and cursor,implemented,P08,completion of prior phases; see SPEC.md,"Context-aware Go values, pages, and builders preserve the operation semantics","P08 unit and live metadata, compound, enumeration, and map-change tests"
C++,ListObject,ListObject::operator=,ListObject& operator=(const ListObject& rhs);,"Go value, iterator, and ownership semantics",go-native,P01,none,C++ copy/move/operator surface is represented by idiomatic Go values,ownership and iterator tests
C++,ListObject,ListObject::~ListObject,~ListObject();,automatic Go memory ownership,go-native,P01,none,No public deallocator,ownership and leak tests
C++,NObjectIterator,NObjectIterator::NObjectIterator,NObjectIterator(): impl(NULL) {},rados object iterator and cursor,go-native,P08,completion of prior phases; see SPEC.md,"Go values, pages, and builders replace native iterator and allocation lifetimes","P08 ownership, pagination, and builder lifecycle tests"
C++,NObjectIterator,NObjectIterator::NObjectIterator,NObjectIterator(const NObjectIterator &rhs);,rados object iterator and cursor,go-native,P08,completion of prior phases; see SPEC.md,"Go values, pages, and builders replace native iterator and allocation lifetimes","P08 ownership, pagination, and builder lifecycle tests"
C++,NObjectIterator,NObjectIterator::get_cursor,ObjectCursor get_cursor();,rados object iterator and cursor,implemented,P08,completion of prior phases; see SPEC.md,"Context-aware Go values, pages, and builders preserve the operation semantics","P08 unit and live metadata, compound, enumeration, and map-change tests"
C++,NObjectIterator,NObjectIterator::get_pg_hash_position,uint32_t get_pg_hash_position() const;,rados object iterator and cursor,intentional-omission: non-frozen P08 variant,P08,completion of prior phases; see SPEC.md,Not exposed by the certified P08 Go contract,P08 API inventory review; no runtime conformance claim
C++,NObjectIterator,NObjectIterator::operator!=,bool operator!=(const NObjectIterator& rhs) const;,"Go value, iterator, and ownership semantics",go-native,P01,none,C++ copy/move/operator surface is represented by idiomatic Go values,ownership and iterator tests
C++,NObjectIterator,NObjectIterator::operator*,const ListObject& operator*() const;,"Go value, iterator, and ownership semantics",go-native,P01,none,C++ copy/move/operator surface is represented by idiomatic Go values,ownership and iterator tests
C++,NObjectIterator,NObjectIterator::operator++,NObjectIterator &operator++();,"Go value, iterator, and ownership semantics",go-native,P01,none,C++ copy/move/operator surface is represented by idiomatic Go values,ownership and iterator tests
C++,NObjectIterator,NObjectIterator::operator++,NObjectIterator operator++(int);,"Go value, iterator, and ownership semantics",go-native,P01,none,C++ copy/move/operator surface is represented by idiomatic Go values,ownership and iterator tests
C++,NObjectIterator,NObjectIterator::operator->,const ListObject* operator->() const;,"Go value, iterator, and ownership semantics",go-native,P01,none,C++ copy/move/operator surface is represented by idiomatic Go values,ownership and iterator tests
C++,NObjectIterator,NObjectIterator::operator=,NObjectIterator& operator=(const NObjectIterator& rhs);,"Go value, iterator, and ownership semantics",go-native,P01,none,C++ copy/move/operator surface is represented by idiomatic Go values,ownership and iterator tests
C++,NObjectIterator,NObjectIterator::operator==,bool operator==(const NObjectIterator& rhs) const;,"Go value, iterator, and ownership semantics",go-native,P01,none,C++ copy/move/operator surface is represented by idiomatic Go values,ownership and iterator tests
C++,NObjectIterator,NObjectIterator::seek,uint32_t seek(const ObjectCursor& cursor);,rados object iterator and cursor,implemented,P08,completion of prior phases; see SPEC.md,"Context-aware Go values, pages, and builders preserve the operation semantics","P08 unit and live metadata, compound, enumeration, and map-change tests"
C++,NObjectIterator,NObjectIterator::seek,uint32_t seek(uint32_t pos);,rados object iterator and cursor,implemented,P08,completion of prior phases; see SPEC.md,"Context-aware Go values, pages, and builders preserve the operation semantics","P08 unit and live metadata, compound, enumeration, and map-change tests"
C++,NObjectIterator,NObjectIterator::set_filter,void set_filter(const bufferlist &bl);,rados object iterator and cursor,intentional-omission: non-frozen P08 variant,P08,completion of prior phases; see SPEC.md,Not exposed by the certified P08 Go contract,P08 API inventory review; no runtime conformance claim
C++,NObjectIterator,NObjectIterator::~NObjectIterator,~NObjectIterator();,automatic Go memory ownership,go-native,P01,none,No public deallocator,ownership and leak tests
C++,ObjectCursor,ObjectCursor::ObjectCursor,ObjectCursor();,Go constructors and immutable value/builders,go-native,P01,none,Constructors and move/copy rules become Go constructors and ownership rules,API lifecycle tests
C++,ObjectCursor,ObjectCursor::ObjectCursor,ObjectCursor(const ObjectCursor &rhs);,Go constructors and immutable value/builders,go-native,P01,none,Constructors and move/copy rules become Go constructors and ownership rules,API lifecycle tests
C++,ObjectCursor,ObjectCursor::ObjectCursor,explicit ObjectCursor(rados_object_list_cursor c);,Go constructors and immutable value/builders,go-native,P01,none,Constructors and move/copy rules become Go constructors and ownership rules,API lifecycle tests
C++,ObjectCursor,ObjectCursor::from_str,bool from_str(const std::string& s);,rados object iterator and cursor,implemented,P08,completion of prior phases; see SPEC.md,"Context-aware Go values, pages, and builders preserve the operation semantics","P08 unit and live metadata, compound, enumeration, and map-change tests"
C++,ObjectCursor,ObjectCursor::operator<,bool operator<(const ObjectCursor &rhs) const;,"Go value, iterator, and ownership semantics",go-native,P01,none,C++ copy/move/operator surface is represented by idiomatic Go values,ownership and iterator tests
C++,ObjectCursor,ObjectCursor::operator<<,"friend std::ostream& operator<<(std::ostream& os, const librados::ObjectCursor& oc);","Go value, iterator, and ownership semantics",go-native,P01,none,C++ copy/move/operator surface is represented by idiomatic Go values,ownership and iterator tests
C++,ObjectCursor,ObjectCursor::operator=,ObjectCursor& operator=(const ObjectCursor& rhs);,"Go value, iterator, and ownership semantics",go-native,P01,none,C++ copy/move/operator surface is represented by idiomatic Go values,ownership and iterator tests
C++,ObjectCursor,ObjectCursor::operator==,bool operator==(const ObjectCursor &rhs) const;,"Go value, iterator, and ownership semantics",go-native,P01,none,C++ copy/move/operator surface is represented by idiomatic Go values,ownership and iterator tests
C++,ObjectCursor,ObjectCursor::set,void set(rados_object_list_cursor c);,rados object iterator and cursor,implemented,P08,completion of prior phases; see SPEC.md,"Context-aware Go values, pages, and builders preserve the operation semantics","P08 unit and live metadata, compound, enumeration, and map-change tests"
C++,ObjectCursor,ObjectCursor::to_str,std::string to_str() const;,rados object iterator and cursor,implemented,P08,completion of prior phases; see SPEC.md,"Context-aware Go values, pages, and builders preserve the operation semantics","P08 unit and live metadata, compound, enumeration, and map-change tests"
C++,ObjectCursor,ObjectCursor::~ObjectCursor,~ObjectCursor();,automatic Go memory ownership,go-native,P01,none,No public deallocator,ownership and leak tests
C++,ObjectOperation,ObjectOperation::ObjectOperation,ObjectOperation();,Go constructors and immutable value/builders,go-native,P01,none,Constructors and move/copy rules become Go constructors and ownership rules,API lifecycle tests
C++,ObjectOperation,ObjectOperation::ObjectOperation,ObjectOperation(ObjectOperation&&);,Go constructors and immutable value/builders,go-native,P01,none,Constructors and move/copy rules become Go constructors and ownership rules,API lifecycle tests
C++,ObjectOperation,ObjectOperation::ObjectOperation,ObjectOperation(const ObjectOperation&) = delete;,Go constructors and immutable value/builders,go-native,P01,none,Constructors and move/copy rules become Go constructors and ownership rules,API lifecycle tests
C++,ObjectOperation,ObjectOperation::assert_exists,void assert_exists();,rados.ReadOp / rados.WriteOp,implemented,P08,completion of prior phases; see SPEC.md,"Context-aware Go values, pages, and builders preserve the operation semantics","P08 unit and live metadata, compound, enumeration, and map-change tests"
C++,ObjectOperation,ObjectOperation::assert_version,void assert_version(uint64_t ver);,rados.ReadOp / rados.WriteOp,implemented,P08,completion of prior phases; see SPEC.md,"Context-aware Go values, pages, and builders preserve the operation semantics","P08 unit and live metadata, compound, enumeration, and map-change tests"
C++,ObjectOperation,ObjectOperation::cmpext,"void cmpext(uint64_t off, const bufferlist& cmp_bl, int *prval);",rados.ReadOp / rados.WriteOp,implemented,P08,completion of prior phases; see SPEC.md,"Context-aware Go values, pages, and builders preserve the operation semantics","P08 unit and live metadata, compound, enumeration, and map-change tests"
C++,ObjectOperation,ObjectOperation::cmpxattr,"void cmpxattr(const char *name, uint8_t op, const bufferlist& val);",rados metadata methods / operation builders,intentional-omission: non-frozen P08 variant,P08,completion of prior phases; see SPEC.md,Not exposed by the certified P08 Go contract,P08 API inventory review; no runtime conformance claim
C++,ObjectOperation,ObjectOperation::cmpxattr,"void cmpxattr(const char *name, uint8_t op, uint64_t v);",rados metadata methods / operation builders,intentional-omission: non-frozen P08 variant,P08,completion of prior phases; see SPEC.md,Not exposed by the certified P08 Go contract,P08 API inventory review; no runtime conformance claim
C++,ObjectOperation,ObjectOperation::exec,"void exec(const char *cls, const char *method, bufferlist& inbl);",rados class execution methods,implemented,P09,completion of prior phases; see SPEC.md,Unified context-aware Go calls preserve native semantics and use Go-owned results,P09 unit and live class/lock/watch interoperability tests
C++,ObjectOperation,ObjectOperation::exec,"void exec(const char *cls, const char *method, bufferlist& inbl, ObjectOperationCompletion *completion);",rados class execution methods,implemented,P09,completion of prior phases; see SPEC.md,Unified context-aware Go calls preserve native semantics and use Go-owned results,P09 unit and live class/lock/watch interoperability tests
C++,ObjectOperation,ObjectOperation::exec,"void exec(const char *cls, const char *method, bufferlist& inbl, bufferlist *obl, int *prval);",rados class execution methods,implemented,P09,completion of prior phases; see SPEC.md,Unified context-aware Go calls preserve native semantics and use Go-owned results,P09 unit and live class/lock/watch interoperability tests
C++,ObjectOperation,ObjectOperation::omap_cmp,"void omap_cmp( const std::map<std::string, std::pair<bufferlist, int> > &assertions, int *prval);",rados metadata methods / operation builders,implemented,P08,completion of prior phases; see SPEC.md,"Context-aware Go values, pages, and builders preserve the operation semantics","P08 unit and live metadata, compound, enumeration, and map-change tests"
C++,ObjectOperation,ObjectOperation::operator =,ObjectOperation& operator =(ObjectOperation&&);,"Go value, iterator, and ownership semantics",go-native,P01,none,C++ copy/move/operator surface is represented by idiomatic Go values,ownership and iterator tests
C++,ObjectOperation,ObjectOperation::operator=,ObjectOperation& operator=(const ObjectOperation&) = delete;,"Go value, iterator, and ownership semantics",go-native,P01,none,C++ copy/move/operator surface is represented by idiomatic Go values,ownership and iterator tests
C++,ObjectOperation,ObjectOperation::set_op_flags,void set_op_flags(ObjectOperationFlags flags) __attribute__((deprecated));,none,intentional-omission: deprecated or legacy API without distinct v1 behavior,P13,completion of prior phases; see SPEC.md,No deprecated compatibility alias in the initial Go API,inventory review; no runtime conformance claim
C++,ObjectOperation,ObjectOperation::set_op_flags2,void set_op_flags2(int flags);,rados.ReadOp / rados.WriteOp,implemented,P08,completion of prior phases; see SPEC.md,"Context-aware Go values, pages, and builders preserve the operation semantics","P08 unit and live metadata, compound, enumeration, and map-change tests"
C++,ObjectOperation,ObjectOperation::size,size_t size();,rados.ReadOp / rados.WriteOp,intentional-omission: non-frozen P08 variant,P08,completion of prior phases; see SPEC.md,Not exposed by the certified P08 Go contract,P08 API inventory review; no runtime conformance claim
C++,ObjectOperation,ObjectOperation::~ObjectOperation,virtual ~ObjectOperation();,automatic Go memory ownership,go-native,P01,none,No public deallocator,ownership and leak tests
C++,ObjectOperationCompletion,ObjectOperationCompletion::handle_completion,"virtual void handle_completion(int r, bufferlist& outbl) = 0;",rados.ReadOp / rados.WriteOp,go-native,P08,completion of prior phases; see SPEC.md,"Go values, pages, and builders replace native iterator and allocation lifetimes","P08 ownership, pagination, and builder lifecycle tests"
C++,ObjectOperationCompletion,ObjectOperationCompletion::~ObjectOperationCompletion,virtual ~ObjectOperationCompletion() {},automatic Go memory ownership,go-native,P01,none,No public deallocator,ownership and leak tests
C++,ObjectReadOperation,ObjectReadOperation::ObjectReadOperation,ObjectReadOperation() {},rados.ReadOp / rados.WriteOp,go-native,P08,completion of prior phases; see SPEC.md,"Go values, pages, and builders replace native iterator and allocation lifetimes","P08 ownership, pagination, and builder lifecycle tests"
C++,ObjectReadOperation,ObjectReadOperation::ObjectReadOperation,ObjectReadOperation(ObjectReadOperation&&) = default;,rados.ReadOp / rados.WriteOp,go-native,P08,completion of prior phases; see SPEC.md,"Go values, pages, and builders replace native iterator and allocation lifetimes","P08 ownership, pagination, and builder lifecycle tests"
C++,ObjectReadOperation,ObjectReadOperation::cache_evict,void cache_evict();,none,deferred: legacy cache tier or service/log subscription API,P13,completion of prior phases; see SPEC.md,Outside the v1 scope defined by SPEC.md,future explicit qualification
C++,ObjectReadOperation,ObjectReadOperation::cache_flush,void cache_flush();,none,deferred: legacy cache tier or service/log subscription API,P13,completion of prior phases; see SPEC.md,Outside the v1 scope defined by SPEC.md,future explicit qualification
C++,ObjectReadOperation,ObjectReadOperation::cache_try_flush,void cache_try_flush();,none,deferred: legacy cache tier or service/log subscription API,P13,completion of prior phases; see SPEC.md,Outside the v1 scope defined by SPEC.md,future explicit qualification
C++,ObjectReadOperation,ObjectReadOperation::checksum,"void checksum(rados_checksum_type_t type, const bufferlist &init_value_bl, uint64_t off, size_t len, size_t chunk_size, bufferlist *pbl, int *prval);",rados specialized object methods,implemented,P10,completion of prior phases; see SPEC.md,Context-aware Go values preserve native semantics with Go-owned inputs and results,P10 unit and live specialized object interoperability tests
C++,ObjectReadOperation,ObjectReadOperation::getxattr,"void getxattr(const char *name, bufferlist *pbl, int *prval);",rados metadata methods / operation builders,implemented,P08,completion of prior phases; see SPEC.md,"Context-aware Go values, pages, and builders preserve the operation semantics","P08 unit and live metadata, compound, enumeration, and map-change tests"
C++,ObjectReadOperation,ObjectReadOperation::getxattrs,"void getxattrs(std::map<std::string, bufferlist> *pattrs, int *prval);",rados metadata methods / operation builders,implemented,P08,completion of prior phases; see SPEC.md,"Context-aware Go values, pages, and builders preserve the operation semantics","P08 unit and live metadata, compound, enumeration, and map-change tests"
C++,ObjectReadOperation,ObjectReadOperation::is_dirty,"void is_dirty(bool *isdirty, int *prval);",rados.ReadOp / rados.WriteOp,intentional-omission: non-frozen P08 variant,P08,completion of prior phases; see SPEC.md,Not exposed by the certified P08 Go contract,P08 API inventory review; no runtime conformance claim
C++,ObjectReadOperation,ObjectReadOperation::list_snaps,"void list_snaps(snap_set_t *out_snaps, int *prval);",rados snapshot methods and immutable snapshot views,intentional-omission: non-frozen P10 variant,P10,completion of prior phases; see SPEC.md,Not exposed by the certified P10 Go contract,P10 API inventory review; no runtime conformance claim
C++,ObjectReadOperation,ObjectReadOperation::list_watchers,"void list_watchers(std::list<obj_watch_t> *out_watchers, int *prval);",rados.Watch and notify methods,implemented,P09,completion of prior phases; see SPEC.md,Unified context-aware Go calls preserve native semantics and use Go-owned results,P09 unit and live watch/notify interoperability tests
C++,ObjectReadOperation,ObjectReadOperation::omap_get_header,"void omap_get_header(bufferlist *header, int *prval);",rados.ReadOp.GetOMAPHeader,implemented,P08,replicated pools on certified Ceph 20.2.4,Ordered compound result uses Go-owned bytes,P08 unit and live compound tests
C++,ObjectReadOperation,ObjectReadOperation::omap_get_keys,"void omap_get_keys(const std::string &start_after, uint64_t max_return, std::set<std::string> *out_keys, int *prval) __attribute__ ((deprecated));",none,intentional-omission: deprecated or legacy API without distinct v1 behavior,P13,completion of prior phases; see SPEC.md,No deprecated compatibility alias in the initial Go API,inventory review; no runtime conformance claim
C++,ObjectReadOperation,ObjectReadOperation::omap_get_keys2,"void omap_get_keys2(const std::string &start_after, uint64_t max_return, std::set<std::string> *out_keys, bool *pmore, int *prval);",rados metadata methods / operation builders,implemented,P08,completion of prior phases; see SPEC.md,"Context-aware Go values, pages, and builders preserve the operation semantics","P08 unit and live metadata, compound, enumeration, and map-change tests"
C++,ObjectReadOperation,ObjectReadOperation::omap_get_vals,"void omap_get_vals( const std::string &start_after, const std::string &filter_prefix, uint64_t max_return, std::map<std::string, bufferlist> *out_vals, int *prval) __attribute__ ((deprecated));",none,intentional-omission: deprecated or legacy API without distinct v1 behavior,P13,completion of prior phases; see SPEC.md,No deprecated compatibility alias in the initial Go API,inventory review; no runtime conformance claim
C++,ObjectReadOperation,ObjectReadOperation::omap_get_vals,"void omap_get_vals( const std::string &start_after, uint64_t max_return, std::map<std::string, bufferlist> *out_vals, int *prval) __attribute__ ((deprecated));",none,intentional-omission: deprecated or legacy API without distinct v1 behavior,P13,completion of prior phases; see SPEC.md,No deprecated compatibility alias in the initial Go API,inventory review; no runtime conformance claim
C++,ObjectReadOperation,ObjectReadOperation::omap_get_vals2,"void omap_get_vals2( const std::string &start_after, const std::string &filter_prefix, uint64_t max_return, std::map<std::string, bufferlist> *out_vals, bool *pmore, int *prval);",rados metadata methods / operation builders,implemented,P08,completion of prior phases; see SPEC.md,"Context-aware Go values, pages, and builders preserve the operation semantics","P08 unit and live metadata, compound, enumeration, and map-change tests"
C++,ObjectReadOperation,ObjectReadOperation::omap_get_vals2,"void omap_get_vals2( const std::string &start_after, uint64_t max_return, std::map<std::string, bufferlist> *out_vals, bool *pmore, int *prval);",rados metadata methods / operation builders,implemented,P08,completion of prior phases; see SPEC.md,"Context-aware Go values, pages, and builders preserve the operation semantics","P08 unit and live metadata, compound, enumeration, and map-change tests"
C++,ObjectReadOperation,ObjectReadOperation::omap_get_vals_by_keys,"void omap_get_vals_by_keys(const std::set<std::string> &keys, std::map<std::string, bufferlist> *map, int *prval);",rados metadata methods / operation builders,implemented,P08,completion of prior phases; see SPEC.md,"Context-aware Go values, pages, and builders preserve the operation semantics","P08 unit and live metadata, compound, enumeration, and map-change tests"
C++,ObjectReadOperation,ObjectReadOperation::operator =,ObjectReadOperation& operator =(ObjectReadOperation&&) = default;,"Go value, iterator, and ownership semantics",go-native,P01,none,C++ copy/move/operator surface is represented by idiomatic Go values,ownership and iterator tests
C++,ObjectReadOperation,ObjectReadOperation::read,"void read(size_t off, uint64_t len, bufferlist *pbl, int *prval);",rados.ReadOp / rados.WriteOp,implemented,P08,completion of prior phases; see SPEC.md,"Context-aware Go values, pages, and builders preserve the operation semantics","P08 unit and live metadata, compound, enumeration, and map-change tests"
C++,ObjectReadOperation,ObjectReadOperation::set_chunk,"void set_chunk(uint64_t src_offset, uint64_t src_length, const IoCtx& tgt_ioctx, std::string tgt_oid, uint64_t tgt_offset, int flag = 0);",rados.ReadOp / rados.WriteOp,intentional-omission: non-frozen P08 variant,P08,completion of prior phases; see SPEC.md,Not exposed by the certified P08 Go contract,P08 API inventory review; no runtime conformance claim
C++,ObjectReadOperation,ObjectReadOperation::sparse_read,"void sparse_read(uint64_t off, uint64_t len, std::map<uint64_t,uint64_t> *m, bufferlist *data_bl, int *prval, uint64_t truncate_size = 0, uint32_t truncate_seq = 0);",rados specialized object methods,implemented,P10,completion of prior phases; see SPEC.md,Context-aware Go values preserve native semantics with Go-owned inputs and results,P10 unit and live specialized object interoperability tests
C++,ObjectReadOperation,ObjectReadOperation::stat,"void stat(uint64_t *psize, time_t *pmtime, int *prval);",rados.ReadOp / rados.WriteOp,implemented,P08,completion of prior phases; see SPEC.md,"Context-aware Go values, pages, and builders preserve the operation semantics","P08 unit and live metadata, compound, enumeration, and map-change tests"
C++,ObjectReadOperation,ObjectReadOperation::stat2,"void stat2(uint64_t *psize, struct timespec *pts, int *prval);",rados.ReadOp / rados.WriteOp,implemented,P08,completion of prior phases; see SPEC.md,"Context-aware Go values, pages, and builders preserve the operation semantics","P08 unit and live metadata, compound, enumeration, and map-change tests"
C++,ObjectReadOperation,ObjectReadOperation::tier_evict,void tier_evict();,rados.ReadOp / rados.WriteOp,intentional-omission: non-frozen P08 variant,P08,completion of prior phases; see SPEC.md,Not exposed by the certified P08 Go contract,P08 API inventory review; no runtime conformance claim
C++,ObjectReadOperation,ObjectReadOperation::tier_flush,void tier_flush();,rados.ReadOp / rados.WriteOp,intentional-omission: non-frozen P08 variant,P08,completion of prior phases; see SPEC.md,Not exposed by the certified P08 Go contract,P08 API inventory review; no runtime conformance claim
C++,ObjectReadOperation,ObjectReadOperation::~ObjectReadOperation,~ObjectReadOperation() override {},automatic Go memory ownership,go-native,P01,none,No public deallocator,ownership and leak tests
C++,ObjectWriteOperation,ObjectWriteOperation::ObjectWriteOperation,ObjectWriteOperation() : unused(NULL) {},rados.ReadOp / rados.WriteOp,go-native,P08,completion of prior phases; see SPEC.md,"Go values, pages, and builders replace native iterator and allocation lifetimes","P08 ownership, pagination, and builder lifecycle tests"
C++,ObjectWriteOperation,ObjectWriteOperation::ObjectWriteOperation,ObjectWriteOperation(ObjectWriteOperation&&) = default;,rados.ReadOp / rados.WriteOp,go-native,P08,completion of prior phases; see SPEC.md,"Go values, pages, and builders replace native iterator and allocation lifetimes","P08 ownership, pagination, and builder lifecycle tests"
C++,ObjectWriteOperation,ObjectWriteOperation::append,void append(const bufferlist& bl);,rados.ReadOp / rados.WriteOp,implemented,P08,completion of prior phases; see SPEC.md,"Context-aware Go values, pages, and builders preserve the operation semantics","P08 unit and live metadata, compound, enumeration, and map-change tests"
C++,ObjectWriteOperation,ObjectWriteOperation::cache_pin,void cache_pin();,none,deferred: legacy cache tier or service/log subscription API,P13,completion of prior phases; see SPEC.md,Outside the v1 scope defined by SPEC.md,future explicit qualification
C++,ObjectWriteOperation,ObjectWriteOperation::cache_unpin,void cache_unpin();,none,deferred: legacy cache tier or service/log subscription API,P13,completion of prior phases; see SPEC.md,Outside the v1 scope defined by SPEC.md,future explicit qualification
C++,ObjectWriteOperation,ObjectWriteOperation::copy_from,"void copy_from(const std::string& src, const IoCtx& src_ioctx, uint64_t src_version, uint32_t src_fadvise_flags);",rados specialized object methods,implemented,P10,completion of prior phases; see SPEC.md,Context-aware Go values preserve native semantics with Go-owned inputs and results,P10 unit and live specialized object interoperability tests
C++,ObjectWriteOperation,ObjectWriteOperation::copy_from2,"void copy_from2(const std::string& src, const IoCtx& src_ioctx, uint64_t src_version, uint32_t truncate_seq, uint64_t truncate_size, uint32_t src_fadvise_flags);",rados specialized object methods,implemented,P10,completion of prior phases; see SPEC.md,Context-aware Go values preserve native semantics with Go-owned inputs and results,P10 unit and live specialized object interoperability tests
C++,ObjectWriteOperation,ObjectWriteOperation::create,void create(bool exclusive);,rados.ReadOp / rados.WriteOp,implemented,P08,completion of prior phases; see SPEC.md,"Context-aware Go values, pages, and builders preserve the operation semantics","P08 unit and live metadata, compound, enumeration, and map-change tests"
C++,ObjectWriteOperation,ObjectWriteOperation::create,"void create(bool exclusive, const std::string& category);",rados.ReadOp / rados.WriteOp,implemented,P08,completion of prior phases; see SPEC.md,"Context-aware Go values, pages, and builders preserve the operation semantics","P08 unit and live metadata, compound, enumeration, and map-change tests"
C++,ObjectWriteOperation,ObjectWriteOperation::mtime,void mtime(time_t *pt);,rados.ReadOp / rados.WriteOp,intentional-omission: non-frozen P08 variant,P08,completion of prior phases; see SPEC.md,Not exposed by the certified P08 Go contract,P08 API inventory review; no runtime conformance claim
C++,ObjectWriteOperation,ObjectWriteOperation::mtime2,void mtime2(struct timespec *pts);,rados.ReadOp / rados.WriteOp,intentional-omission: non-frozen P08 variant,P08,completion of prior phases; see SPEC.md,Not exposed by the certified P08 Go contract,P08 API inventory review; no runtime conformance claim
C++,ObjectWriteOperation,ObjectWriteOperation::omap_clear,void omap_clear();,rados metadata methods / operation builders,implemented,P08,completion of prior phases; see SPEC.md,"Context-aware Go values, pages, and builders preserve the operation semantics","P08 unit and live metadata, compound, enumeration, and map-change tests"
C++,ObjectWriteOperation,ObjectWriteOperation::omap_rm_keys,void omap_rm_keys(const std::set<std::string> &to_rm);,rados metadata methods / operation builders,implemented,P08,completion of prior phases; see SPEC.md,"Context-aware Go values, pages, and builders preserve the operation semantics","P08 unit and live metadata, compound, enumeration, and map-change tests"
C++,ObjectWriteOperation,ObjectWriteOperation::omap_set,"void omap_set(const std::map<std::string, bufferlist> &map);",rados metadata methods / operation builders,implemented,P08,completion of prior phases; see SPEC.md,"Context-aware Go values, pages, and builders preserve the operation semantics","P08 unit and live metadata, compound, enumeration, and map-change tests"
C++,ObjectWriteOperation,ObjectWriteOperation::omap_set_header,void omap_set_header(const bufferlist &bl);,rados metadata methods / operation builders,implemented,P08,completion of prior phases; see SPEC.md,"Context-aware Go values, pages, and builders preserve the operation semantics","P08 unit and live metadata, compound, enumeration, and map-change tests"
C++,ObjectWriteOperation,ObjectWriteOperation::operator =,ObjectWriteOperation& operator =(ObjectWriteOperation&&) = default;,"Go value, iterator, and ownership semantics",go-native,P01,none,C++ copy/move/operator surface is represented by idiomatic Go values,ownership and iterator tests
C++,ObjectWriteOperation,ObjectWriteOperation::remove,void remove();,rados.ReadOp / rados.WriteOp,implemented,P08,completion of prior phases; see SPEC.md,"Context-aware Go values, pages, and builders preserve the operation semantics","P08 unit and live metadata, compound, enumeration, and map-change tests"
C++,ObjectWriteOperation,ObjectWriteOperation::rmxattr,void rmxattr(const char *name);,rados metadata methods / operation builders,implemented,P08,completion of prior phases; see SPEC.md,"Context-aware Go values, pages, and builders preserve the operation semantics","P08 unit and live metadata, compound, enumeration, and map-change tests"
C++,ObjectWriteOperation,ObjectWriteOperation::selfmanaged_snap_rollback,void selfmanaged_snap_rollback(uint64_t snapid);,rados snapshot methods and immutable snapshot views,implemented,P10,completion of prior phases; see SPEC.md,Context-aware Go values preserve native semantics with Go-owned inputs and results,P10 unit and live snapshot and EC interoperability tests
C++,ObjectWriteOperation,ObjectWriteOperation::set_alloc_hint,"void set_alloc_hint(uint64_t expected_object_size, uint64_t expected_write_size);",rados specialized object methods,implemented,P10,completion of prior phases; see SPEC.md,Context-aware Go values preserve native semantics with Go-owned inputs and results,P10 unit and live specialized object interoperability tests
C++,ObjectWriteOperation,ObjectWriteOperation::set_alloc_hint2,"void set_alloc_hint2(uint64_t expected_object_size, uint64_t expected_write_size, uint32_t flags);",rados specialized object methods,intentional-omission: non-frozen P10 variant,P10,completion of prior phases; see SPEC.md,Not exposed by the certified P10 Go contract,P10 API inventory review; no runtime conformance claim
C++,ObjectWriteOperation,ObjectWriteOperation::set_redirect,"void set_redirect(const std::string& tgt_obj, const IoCtx& tgt_ioctx, uint64_t tgt_version, int flag = 0);",rados.ReadOp / rados.WriteOp,intentional-omission: non-frozen P08 variant,P08,completion of prior phases; see SPEC.md,Not exposed by the certified P08 Go contract,P08 API inventory review; no runtime conformance claim
C++,ObjectWriteOperation,ObjectWriteOperation::setxattr,"void setxattr(const char *name, const bufferlist& bl);",rados metadata methods / operation builders,implemented,P08,completion of prior phases; see SPEC.md,"Context-aware Go values, pages, and builders preserve the operation semantics","P08 unit and live metadata, compound, enumeration, and map-change tests"
C++,ObjectWriteOperation,ObjectWriteOperation::setxattr,"void setxattr(const char *name, const bufferlist&& bl);",rados metadata methods / operation builders,implemented,P08,completion of prior phases; see SPEC.md,"Context-aware Go values, pages, and builders preserve the operation semantics","P08 unit and live metadata, compound, enumeration, and map-change tests"
C++,ObjectWriteOperation,ObjectWriteOperation::snap_rollback,void snap_rollback(uint64_t snapid);,rados snapshot methods and immutable snapshot views,implemented,P10,completion of prior phases; see SPEC.md,Context-aware Go values preserve native semantics with Go-owned inputs and results,P10 unit and live snapshot and EC interoperability tests
C++,ObjectWriteOperation,ObjectWriteOperation::tier_promote,void tier_promote();,rados.ReadOp / rados.WriteOp,intentional-omission: non-frozen P08 variant,P08,completion of prior phases; see SPEC.md,Not exposed by the certified P08 Go contract,P08 API inventory review; no runtime conformance claim
C++,ObjectWriteOperation,ObjectWriteOperation::tmap_put,void tmap_put(const bufferlist& bl);,none,intentional-omission: deprecated or legacy API without distinct v1 behavior,P13,completion of prior phases; see SPEC.md,No deprecated compatibility alias in the initial Go API,inventory review; no runtime conformance claim
C++,ObjectWriteOperation,ObjectWriteOperation::tmap_update,void tmap_update(const bufferlist& cmdbl);,none,intentional-omission: deprecated or legacy API without distinct v1 behavior,P13,completion of prior phases; see SPEC.md,No deprecated compatibility alias in the initial Go API,inventory review; no runtime conformance claim
C++,ObjectWriteOperation,ObjectWriteOperation::truncate,void truncate(uint64_t off);,rados.ReadOp / rados.WriteOp,implemented,P08,completion of prior phases; see SPEC.md,"Context-aware Go values, pages, and builders preserve the operation semantics","P08 unit and live metadata, compound, enumeration, and map-change tests"
C++,ObjectWriteOperation,ObjectWriteOperation::undirty,void undirty();,rados.ReadOp / rados.WriteOp,intentional-omission: non-frozen P08 variant,P08,completion of prior phases; see SPEC.md,Not exposed by the certified P08 Go contract,P08 API inventory review; no runtime conformance claim
C++,ObjectWriteOperation,ObjectWriteOperation::unset_manifest,void unset_manifest();,rados.ReadOp / rados.WriteOp,intentional-omission: non-frozen P08 variant,P08,completion of prior phases; see SPEC.md,Not exposed by the certified P08 Go contract,P08 API inventory review; no runtime conformance claim
C++,ObjectWriteOperation,ObjectWriteOperation::write,"void write(uint64_t off, const bufferlist& bl);",rados.ReadOp / rados.WriteOp,implemented,P08,completion of prior phases; see SPEC.md,"Context-aware Go values, pages, and builders preserve the operation semantics","P08 unit and live metadata, compound, enumeration, and map-change tests"
C++,ObjectWriteOperation,ObjectWriteOperation::write_full,void write_full(const bufferlist& bl);,rados.ReadOp / rados.WriteOp,implemented,P08,completion of prior phases; see SPEC.md,"Context-aware Go values, pages, and builders preserve the operation semantics","P08 unit and live metadata, compound, enumeration, and map-change tests"
C++,ObjectWriteOperation,ObjectWriteOperation::writesame,"void writesame(uint64_t off, uint64_t write_len, const bufferlist& bl);",rados specialized object methods,implemented,P10,completion of prior phases; see SPEC.md,Context-aware Go values preserve native semantics with Go-owned inputs and results,P10 unit and live specialized object interoperability tests
C++,ObjectWriteOperation,ObjectWriteOperation::zero,"void zero(uint64_t off, uint64_t len);",rados.ReadOp / rados.WriteOp,implemented,P08,completion of prior phases; see SPEC.md,"Context-aware Go values, pages, and builders preserve the operation semantics","P08 unit and live metadata, compound, enumeration, and map-change tests"
C++,ObjectWriteOperation,ObjectWriteOperation::~ObjectWriteOperation,~ObjectWriteOperation() override {},automatic Go memory ownership,go-native,P01,none,No public deallocator,ownership and leak tests
C++,PlacementGroup,PlacementGroup::PlacementGroup,PlacementGroup();,Go constructors and immutable value/builders,go-native,P01,none,Constructors and move/copy rules become Go constructors and ownership rules,API lifecycle tests
C++,PlacementGroup,PlacementGroup::PlacementGroup,PlacementGroup(const PlacementGroup&);,Go constructors and immutable value/builders,go-native,P01,none,Constructors and move/copy rules become Go constructors and ownership rules,API lifecycle tests
C++,PlacementGroup,PlacementGroup::parse,bool parse(const char*);,none,intentional-omission: placement diagnostic absent from frozen v1 contract,P05,completion of prior phases; see SPEC.md,Public hash-position diagnostics and placement-group parsing are not v1-required behavior,P05 API inventory review; no runtime conformance claim
C++,PlacementGroup,PlacementGroup::~PlacementGroup,~PlacementGroup();,automatic Go memory ownership,go-native,P01,none,No public deallocator,ownership and leak tests
C++,PoolAsyncCompletion,PoolAsyncCompletion::PoolAsyncCompletion,PoolAsyncCompletion(PoolAsyncCompletionImpl *pc_) : pc(pc_) {},"context.Context, operation results, and rados.Client.Flush",go-native,P07,completion of prior phases; see SPEC.md,"Go context, direct results, and flush semantics replace native completions, callbacks, and last-version state","P07 context, completion, result, and flush tests"
C++,PoolAsyncCompletion,PoolAsyncCompletion::get_return_value,int get_return_value();,"context.Context, operation results, and rados.Client.Flush",go-native,P07,completion of prior phases; see SPEC.md,"Go context, direct results, and flush semantics replace native completions, callbacks, and last-version state","P07 context, completion, result, and flush tests"
C++,PoolAsyncCompletion,PoolAsyncCompletion::is_complete,bool is_complete();,"context.Context, operation results, and rados.Client.Flush",go-native,P07,completion of prior phases; see SPEC.md,"Go context, direct results, and flush semantics replace native completions, callbacks, and last-version state","P07 context, completion, result, and flush tests"
C++,PoolAsyncCompletion,PoolAsyncCompletion::release,void release();,"context.Context, operation results, and rados.Client.Flush",go-native,P07,completion of prior phases; see SPEC.md,"Go context, direct results, and flush semantics replace native completions, callbacks, and last-version state","P07 context, completion, result, and flush tests"
C++,PoolAsyncCompletion,PoolAsyncCompletion::set_callback,"int set_callback(void *cb_arg, callback_t cb);","context.Context, operation results, and rados.Client.Flush",go-native,P07,completion of prior phases; see SPEC.md,"Go context, direct results, and flush semantics replace native completions, callbacks, and last-version state","P07 context, completion, result, and flush tests"
C++,PoolAsyncCompletion,PoolAsyncCompletion::wait,int wait();,"context.Context, operation results, and rados.Client.Flush",go-native,P07,completion of prior phases; see SPEC.md,"Go context, direct results, and flush semantics replace native completions, callbacks, and last-version state","P07 context, completion, result, and flush tests"
C++,PoolAsyncCompletion,PoolAsyncCompletion::~PoolAsyncCompletion,~PoolAsyncCompletion();,automatic Go memory ownership,go-native,P01,none,No public deallocator,ownership and leak tests
C++,Rados,Rados::Rados,Rados();,Go constructors and immutable value/builders,go-native,P01,none,Constructors and move/copy rules become Go constructors and ownership rules,API lifecycle tests
C++,Rados,Rados::Rados,explicit Rados(IoCtx& ioctx);,Go constructors and immutable value/builders,go-native,P01,none,Constructors and move/copy rules become Go constructors and ownership rules,API lifecycle tests
C++,Rados,Rados::aio_create_completion,static AioCompletion *aio_create_completion();,"context.Context, operation results, and rados.Client.Flush",go-native,P07,completion of prior phases; see SPEC.md,"Go context, direct results, and flush semantics replace native completions, callbacks, and last-version state","P07 context, completion, result, and flush tests"
C++,Rados,Rados::aio_create_completion,"static AioCompletion *aio_create_completion(void *cb_arg, callback_t cb_complete);","context.Context, operation results, and rados.Client.Flush",go-native,P07,completion of prior phases; see SPEC.md,"Go context, direct results, and flush semantics replace native completions, callbacks, and last-version state","P07 context, completion, result, and flush tests"
C++,Rados,Rados::aio_create_completion,"static AioCompletion *aio_create_completion(void *cb_arg, callback_t cb_complete, callback_t cb_safe) __attribute__ ((deprecated));",none,intentional-omission: deprecated or legacy API without distinct v1 behavior,P13,completion of prior phases; see SPEC.md,No deprecated compatibility alias in the initial Go API,inventory review; no runtime conformance claim
C++,Rados,Rados::aio_watch_flush,int aio_watch_flush(AioCompletion*);,rados.Watch and notify methods,go-native,P09,completion of prior phases; see SPEC.md,Watch draining and notify reply memory ownership are integrated into Go lifecycle and result semantics,P09 unit and live watch/notify interoperability tests
C++,Rados,Rados::blocklist_add,"int blocklist_add(const std::string& client_address, uint32_t expire_seconds);",rados.Client administrative methods,implemented,P11,completion of prior phases; see SPEC.md,Context-aware Go values preserve native semantics with Go-owned command and metadata results,P11 unit and live administrative interoperability tests
C++,Rados,Rados::cct,config_t cct();,none,intentional-omission: native handle access violates pure-Go boundary,P01,none,No native configuration or cluster handle exists,P01 dependency and cgo audit
C++,Rados,Rados::cluster_fsid,int cluster_fsid(std::string *fsid);,rados.Client pool/map discovery methods,implemented,P04,completion of prior phases; see SPEC.md,Context-aware discovery returns Go-owned values and immutable pool views,P04 unit and live discovery tests
C++,Rados,Rados::cluster_stat,int cluster_stat(cluster_stat_t& result);,rados.Client administrative methods,implemented,P11,completion of prior phases; see SPEC.md,Context-aware Go values preserve native semantics with Go-owned command and metadata results,P11 unit and live administrative interoperability tests
C++,Rados,Rados::conf_get,"int conf_get(const char *option, std::string &val);",rados.Client / rados.Config lifecycle and configuration methods,implemented,P01/P04,completion of prior phases; see SPEC.md,"Typed, value-oriented configuration and context-aware lifecycle replace mutable native configuration",P01 lifecycle and P04 configuration tests
C++,Rados,Rados::conf_parse_argv,"int conf_parse_argv(int argc, const char ** argv) const;",rados.Client / rados.Config lifecycle and configuration methods,implemented,P01/P04,completion of prior phases; see SPEC.md,"Typed, value-oriented configuration and context-aware lifecycle replace mutable native configuration",P01 lifecycle and P04 configuration tests
C++,Rados,Rados::conf_parse_argv_remainder,"int conf_parse_argv_remainder(int argc, const char ** argv, const char ** remargv) const;",rados.Client / rados.Config lifecycle and configuration methods,implemented,P01/P04,completion of prior phases; see SPEC.md,"Typed, value-oriented configuration and context-aware lifecycle replace mutable native configuration",P01 lifecycle and P04 configuration tests
C++,Rados,Rados::conf_parse_env,int conf_parse_env(const char *env) const;,rados.Client / rados.Config lifecycle and configuration methods,implemented,P01/P04,completion of prior phases; see SPEC.md,"Typed, value-oriented configuration and context-aware lifecycle replace mutable native configuration",P01 lifecycle and P04 configuration tests
C++,Rados,Rados::conf_read_file,int conf_read_file(const char * const path) const;,rados.Client / rados.Config lifecycle and configuration methods,implemented,P01/P04,completion of prior phases; see SPEC.md,"Typed, value-oriented configuration and context-aware lifecycle replace mutable native configuration",P01 lifecycle and P04 configuration tests
C++,Rados,Rados::conf_set,"int conf_set(const char *option, const char *value);",rados.Client / rados.Config lifecycle and configuration methods,implemented,P01/P04,completion of prior phases; see SPEC.md,"Typed, value-oriented configuration and context-aware lifecycle replace mutable native configuration",P01 lifecycle and P04 configuration tests
C++,Rados,Rados::connect,int connect();,rados.Client / rados.Config lifecycle and configuration methods,implemented,P01/P04,completion of prior phases; see SPEC.md,"Typed, value-oriented configuration and context-aware lifecycle replace mutable native configuration",P01 lifecycle and P04 configuration tests
C++,Rados,Rados::from_rados_t,"static void from_rados_t(rados_t cluster, Rados &rados);",none,intentional-omission: native handle interoperation violates pure-Go boundary,P00,none,No C handle exists in the distributed client,dependency and cgo audit
C++,Rados,Rados::get_addrs,std::string get_addrs() const;,rados.Client session addresses,implemented,P11,completion of prior phases; see SPEC.md,Context-aware Go values preserve native semantics with Go-owned command and metadata results,P11 unit and live administrative interoperability tests
C++,Rados,Rados::get_inconsistent_objects,"int get_inconsistent_objects(const PlacementGroup& pg, const object_id_t &start_after, unsigned max_return, AioCompletion *c, std::vector<inconsistent_obj_t>* objects, uint32_t* interval);",rados.Client administrative consistency methods,implemented,P11,completion of prior phases; see SPEC.md,Context-aware Go values preserve native semantics with Go-owned command and metadata results,P11 unit and live administrative interoperability tests
C++,Rados,Rados::get_inconsistent_pgs,"int get_inconsistent_pgs(int64_t pool_id, std::vector<PlacementGroup>* pgs);",rados.Client administrative consistency methods,implemented,P11,completion of prior phases; see SPEC.md,Context-aware Go values preserve native semantics with Go-owned command and metadata results,P11 unit and live administrative interoperability tests
C++,Rados,Rados::get_inconsistent_snapsets,"int get_inconsistent_snapsets(const PlacementGroup& pg, const object_id_t &start_after, unsigned max_return, AioCompletion *c, std::vector<inconsistent_snapset_t>* snapset, uint32_t* interval);",rados snapshot methods and immutable snapshot views,intentional-omission: non-frozen P10 variant,P10,completion of prior phases; see SPEC.md,Not exposed by the certified P10 Go contract,P10 API inventory review; no runtime conformance claim
C++,Rados,Rados::get_instance_id,uint64_t get_instance_id();,rados.Client / rados.Config lifecycle and configuration methods,implemented,P01/P04,completion of prior phases; see SPEC.md,"Typed, value-oriented configuration and context-aware lifecycle replace mutable native configuration",P01 lifecycle and P04 configuration tests
C++,Rados,Rados::get_min_compatible_client,"int get_min_compatible_client(int8_t* min_compat_client, int8_t* require_min_compat_client);",none,intentional-omission: discovery diagnostic absent from frozen v1 contract,P04,completion of prior phases; see SPEC.md,No distinct v1 behavior requires this native diagnostic or explicit map wait,P04 API inventory review; no runtime conformance claim
C++,Rados,Rados::get_min_compatible_osd,int get_min_compatible_osd(int8_t* require_osd_release);,none,intentional-omission: discovery diagnostic absent from frozen v1 contract,P04,completion of prior phases; see SPEC.md,No distinct v1 behavior requires this native diagnostic or explicit map wait,P04 API inventory review; no runtime conformance claim
C++,Rados,Rados::get_pool_is_selfmanaged_snaps_mode,bool get_pool_is_selfmanaged_snaps_mode(const std::string& poolname) __attribute__ ((deprecated));,none,intentional-omission: deprecated or legacy API without distinct v1 behavior,P13,completion of prior phases; see SPEC.md,No deprecated compatibility alias in the initial Go API,inventory review; no runtime conformance claim
C++,Rados,Rados::get_pool_stats,"int get_pool_stats(std::list<std::string>& v, stats_map& result);",rados.Client administrative methods,implemented,P11,completion of prior phases; see SPEC.md,Context-aware Go values preserve native semantics with Go-owned command and metadata results,P11 unit and live administrative interoperability tests
C++,Rados,Rados::get_pool_stats,"int get_pool_stats(std::list<std::string>& v, std::map<std::string, stats_map>& stats);",rados.Client administrative methods,implemented,P11,completion of prior phases; see SPEC.md,Context-aware Go values preserve native semantics with Go-owned command and metadata results,P11 unit and live administrative interoperability tests
C++,Rados,Rados::get_pool_stats,"int get_pool_stats(std::list<std::string>& v, std::string& category, std::map<std::string, stats_map>& stats);",rados.Client administrative methods,implemented,P11,completion of prior phases; see SPEC.md,Context-aware Go values preserve native semantics with Go-owned command and metadata results,P11 unit and live administrative interoperability tests
C++,Rados,Rados::init,int init(const char * const id);,rados.New,go-native,P01/P04,completion of prior phases; see SPEC.md,"Go construction combines native allocation, initialization, and ownership",P01 lifecycle and P04 configuration tests
C++,Rados,Rados::init2,"int init2(const char * const name, const char * const clustername, uint64_t flags);",rados.New,go-native,P01/P04,completion of prior phases; see SPEC.md,"Go construction combines native allocation, initialization, and ownership",P01 lifecycle and P04 configuration tests
C++,Rados,Rados::init_with_context,int init_with_context(config_t cct_);,rados.New,go-native,P01/P04,completion of prior phases; see SPEC.md,"Go construction combines native allocation, initialization, and ownership",P01 lifecycle and P04 configuration tests
C++,Rados,Rados::ioctx_create,"int ioctx_create(const char *name, IoCtx &pioctx);",rados.Client pool/map discovery methods,implemented,P04,completion of prior phases; see SPEC.md,Context-aware discovery returns Go-owned values and immutable pool views,P04 unit and live discovery tests
C++,Rados,Rados::ioctx_create2,"int ioctx_create2(int64_t pool_id, IoCtx &pioctx);",rados.Client pool/map discovery methods,implemented,P04,completion of prior phases; see SPEC.md,Context-aware discovery returns Go-owned values and immutable pool views,P04 unit and live discovery tests
C++,Rados,Rados::mgr_command,"int mgr_command(std::string cmd, const bufferlist& inbl, bufferlist *outbl, std::string *outs);",rados.Client administrative methods,implemented,P11,completion of prior phases; see SPEC.md,Context-aware Go values preserve native semantics with Go-owned command and metadata results,P11 unit and live administrative interoperability tests
C++,Rados,Rados::mon_command,"int mon_command(std::string cmd, const bufferlist& inbl, bufferlist *outbl, std::string *outs);",rados.Client administrative methods,implemented,P11,completion of prior phases; see SPEC.md,Context-aware Go values preserve native semantics with Go-owned command and metadata results,P11 unit and live administrative interoperability tests
C++,Rados,Rados::operator<<,"friend std::ostream& operator<<(std::ostream &oss, const Rados& r);","Go value, iterator, and ownership semantics",go-native,P01,none,C++ copy/move/operator surface is represented by idiomatic Go values,ownership and iterator tests
C++,Rados,Rados::osd_command,"int osd_command(int osdid, std::string cmd, const bufferlist& inbl, bufferlist *outbl, std::string *outs);",rados.Client administrative methods,implemented,P11,completion of prior phases; see SPEC.md,Context-aware Go values preserve native semantics with Go-owned command and metadata results,P11 unit and live administrative interoperability tests
C++,Rados,Rados::pg_command,"int pg_command(const char *pgstr, std::string cmd, const bufferlist& inbl, bufferlist *outbl, std::string *outs);",rados.Client administrative methods,implemented,P11,completion of prior phases; see SPEC.md,Context-aware Go values preserve native semantics with Go-owned command and metadata results,P11 unit and live administrative interoperability tests
C++,Rados,Rados::pool_async_create_completion,static PoolAsyncCompletion *pool_async_create_completion();,"context.Context, operation results, and rados.Client.Flush",go-native,P07,completion of prior phases; see SPEC.md,"Go context, direct results, and flush semantics replace native completions, callbacks, and last-version state","P07 context, completion, result, and flush tests"
C++,Rados,Rados::pool_create,int pool_create(const char *name);,rados.Client administrative methods,implemented,P11,completion of prior phases; see SPEC.md,Context-aware Go values preserve native semantics with Go-owned command and metadata results,P11 unit and live administrative interoperability tests
C++,Rados,Rados::pool_create,"int pool_create(const char *name, uint64_t auid) __attribute__ ((deprecated));",none,intentional-omission: deprecated or legacy API without distinct v1 behavior,P13,completion of prior phases; see SPEC.md,No deprecated compatibility alias in the initial Go API,inventory review; no runtime conformance claim
C++,Rados,Rados::pool_create,"int pool_create(const char *name, uint64_t auid, uint8_t crush_rule) __attribute__ ((deprecated));",none,intentional-omission: deprecated or legacy API without distinct v1 behavior,P13,completion of prior phases; see SPEC.md,No deprecated compatibility alias in the initial Go API,inventory review; no runtime conformance claim
C++,Rados,Rados::pool_create_async,"int pool_create_async(const char *name, PoolAsyncCompletion *c);",rados.Client administrative methods,go-native,P11,completion of prior phases; see SPEC.md,Context-aware Go calls replace native completion allocation,"P11 context, ownership, and live administrative tests"
C++,Rados,Rados::pool_create_async,"int pool_create_async(const char *name, uint64_t auid, PoolAsyncCompletion *c) __attribute__ ((deprecated));",none,intentional-omission: deprecated or legacy API without distinct v1 behavior,P13,completion of prior phases; see SPEC.md,No deprecated compatibility alias in the initial Go API,inventory review; no runtime conformance claim
C++,Rados,Rados::pool_create_async,"int pool_create_async(const char *name, uint64_t auid, uint8_t crush_rule, PoolAsyncCompletion *c) __attribute__ ((deprecated));",none,intentional-omission: deprecated or legacy API without distinct v1 behavior,P13,completion of prior phases; see SPEC.md,No deprecated compatibility alias in the initial Go API,inventory review; no runtime conformance claim
C++,Rados,Rados::pool_create_with_rule,"int pool_create_with_rule(const char *name, uint8_t crush_rule);",rados.Client administrative methods,implemented,P11,completion of prior phases; see SPEC.md,Context-aware Go values preserve native semantics with Go-owned command and metadata results,P11 unit and live administrative interoperability tests
C++,Rados,Rados::pool_create_with_rule_async,"int pool_create_with_rule_async(const char *name, uint8_t crush_rule, PoolAsyncCompletion *c);",rados.Client administrative methods,go-native,P11,completion of prior phases; see SPEC.md,Context-aware Go calls replace native completion allocation,"P11 context, ownership, and live administrative tests"
C++,Rados,Rados::pool_delete,int pool_delete(const char *name);,rados.Client administrative methods,implemented,P11,completion of prior phases; see SPEC.md,Context-aware Go values preserve native semantics with Go-owned command and metadata results,P11 unit and live administrative interoperability tests
C++,Rados,Rados::pool_delete_async,"int pool_delete_async(const char *name, PoolAsyncCompletion *c);",rados.Client administrative methods,go-native,P11,completion of prior phases; see SPEC.md,Context-aware Go calls replace native completion allocation,"P11 context, ownership, and live administrative tests"
C++,Rados,Rados::pool_get_base_tier,"int pool_get_base_tier(int64_t pool, int64_t* base_tier);",none,deferred: legacy cache tier or service/log subscription API,P13,completion of prior phases; see SPEC.md,Outside the v1 scope defined by SPEC.md,future explicit qualification
C++,Rados,Rados::pool_is_in_selfmanaged_snaps_mode,int pool_is_in_selfmanaged_snaps_mode(const std::string& poolname);,rados snapshot methods and immutable snapshot views,implemented,P10,completion of prior phases; see SPEC.md,Context-aware Go values preserve native semantics with Go-owned inputs and results,P10 unit and live snapshot and EC interoperability tests
C++,Rados,Rados::pool_list,int pool_list(std::list<std::string>& v);,rados.Client pool/map discovery methods,implemented,P04,completion of prior phases; see SPEC.md,Context-aware discovery returns Go-owned values and immutable pool views,P04 unit and live discovery tests
C++,Rados,Rados::pool_list2,"int pool_list2(std::list<std::pair<int64_t, std::string> >& v);",rados.Client pool/map discovery methods,implemented,P04,completion of prior phases; see SPEC.md,Context-aware discovery returns Go-owned values and immutable pool views,P04 unit and live discovery tests
C++,Rados,Rados::pool_lookup,int64_t pool_lookup(const char *name);,rados.Client pool/map discovery methods,implemented,P04,completion of prior phases; see SPEC.md,Context-aware discovery returns Go-owned values and immutable pool views,P04 unit and live discovery tests
C++,Rados,Rados::pool_reverse_lookup,"int pool_reverse_lookup(int64_t id, std::string *name);",rados.Client pool/map discovery methods,implemented,P04,completion of prior phases; see SPEC.md,Context-aware discovery returns Go-owned values and immutable pool views,P04 unit and live discovery tests
C++,Rados,Rados::service_daemon_register,"int service_daemon_register( const std::string& service, const std::string& name, const std::map<std::string,std::string>& metadata);",none,deferred: legacy cache tier or service/log subscription API,P13,completion of prior phases; see SPEC.md,Outside the v1 scope defined by SPEC.md,future explicit qualification
C++,Rados,Rados::service_daemon_update_status,"int service_daemon_update_status( std::map<std::string,std::string>&& status);",none,deferred: legacy cache tier or service/log subscription API,P13,completion of prior phases; see SPEC.md,Outside the v1 scope defined by SPEC.md,future explicit qualification
C++,Rados,Rados::shutdown,void shutdown();,rados.Client / rados.Config lifecycle and configuration methods,implemented,P01/P04,completion of prior phases; see SPEC.md,"Typed, value-oriented configuration and context-aware lifecycle replace mutable native configuration",P01 lifecycle and P04 configuration tests
C++,Rados,Rados::test_blocklist_self,void test_blocklist_self(bool set);,rados.Client administrative methods,intentional-omission: non-frozen P11 variant,P11,completion of prior phases; see SPEC.md,Not exposed by the certified P11 Go contract,P11 API inventory review; no runtime conformance claim
C++,Rados,Rados::version,"static void version(int *major, int *minor, int *extra);",none,intentional-omission: version API absent from frozen v1 contract,P01,none,The pure-Go module does not report a linked librados version,P01 API inventory review; no runtime conformance claim
C++,Rados,Rados::wait_for_latest_osdmap,int wait_for_latest_osdmap();,none,intentional-omission: discovery diagnostic absent from frozen v1 contract,P04,completion of prior phases; see SPEC.md,No distinct v1 behavior requires this native diagnostic or explicit map wait,P04 API inventory review; no runtime conformance claim
C++,Rados,Rados::watch_flush,int watch_flush();,rados.Watch and notify methods,go-native,P09,completion of prior phases; see SPEC.md,Watch draining and notify reply memory ownership are integrated into Go lifecycle and result semantics,P09 unit and live watch/notify interoperability tests
C++,Rados,Rados::~Rados,~Rados();,automatic Go memory ownership,go-native,P01,none,No public deallocator,ownership and leak tests
C++,WatchCtx,WatchCtx::notify,"virtual void notify(uint8_t opcode, uint64_t ver, bufferlist& bl) = 0;",none,intentional-omission: deprecated or legacy API without distinct v1 behavior,P13,completion of prior phases; see SPEC.md,No deprecated compatibility alias in the initial Go API,inventory review; no runtime conformance claim
C++,WatchCtx,WatchCtx::~WatchCtx,virtual ~WatchCtx();,automatic Go memory ownership,go-native,P01,none,No public deallocator,ownership and leak tests
C++,WatchCtx2,WatchCtx2::handle_error,"virtual void handle_error(uint64_t cookie, int err) = 0;",rados.Watch and notify methods,implemented,P09,completion of prior phases; see SPEC.md,Unified context-aware Go calls preserve native semantics and use Go-owned results,P09 unit and live watch/notify interoperability tests
C++,WatchCtx2,WatchCtx2::handle_notify,"virtual void handle_notify(uint64_t notify_id, uint64_t cookie, uint64_t notifier_id, bufferlist& bl) = 0;",rados.Watch and notify methods,implemented,P09,completion of prior phases; see SPEC.md,Unified context-aware Go calls preserve native semantics and use Go-owned results,P09 unit and live watch/notify interoperability tests
C++,WatchCtx2,WatchCtx2::~WatchCtx2,virtual ~WatchCtx2();,automatic Go memory ownership,go-native,P01,none,No public deallocator,ownership and leak tests
